{"categories":[{"name":"L_MicrosoftOfficeOneNote","displayName":"Microsoft OneNote 2016"},{"parentCategory":{"ref":"L_MicrosoftOfficeOneNote"},"name":"L_OneNoteOptions","displayName":"Opções do OneNote"},{"parentCategory":{"ref":"L_OneNoteOptions"},"name":"L_Display","displayName":"Exibir"},{"parentCategory":{"ref":"L_OneNoteOptions"},"name":"L_Editing","displayName":"Edição"},{"parentCategory":{"ref":"L_OneNoteOptions"},"name":"L_Pen","displayName":"Caneta"},{"parentCategory":{"ref":"L_OneNoteOptions"},"name":"L_Email","displayName":"Email"},{"parentCategory":{"ref":"L_OneNoteOptions"},"name":"L_Security","displayName":"Segurança"},{"parentCategory":{"ref":"L_Security"},"name":"L_Cryptography","displayName":"Criptografia"},{"parentCategory":{"ref":"L_OneNoteOptions"},"name":"L_NoteFlags","displayName":"Sinalizadores de Anotações"},{"parentCategory":{"ref":"L_OneNoteOptions"},"name":"L_AudioandVideo","displayName":"Áudio e Vídeo"},{"parentCategory":{"ref":"L_OneNoteOptions"},"name":"L_Save","displayName":"Salvar"},{"parentCategory":{"ref":"L_OneNoteOptions"},"name":"L_Password","displayName":"Senha"},{"parentCategory":{"ref":"L_OneNoteOptions"},"name":"L_Backup","displayName":"Backup"},{"parentCategory":{"ref":"L_OneNoteOptions"},"name":"L_SendToOneNote","displayName":"Enviar para o OneNote"},{"parentCategory":{"ref":"L_OneNoteOptions"},"name":"L_Addins","displayName":"Suplementos"},{"parentCategory":{"ref":"L_OneNoteOptions"},"name":"L_Spelling","displayName":"Verificação Ortográfica"},{"parentCategory":{"ref":"L_OneNoteOptions"},"name":"L_VersionsAndRecyleBin","displayName":"Versões e Lixeira"},{"parentCategory":{"ref":"L_OneNoteOptions"},"name":"L_Other","displayName":"Outro"}],"policies":[{"parentCategory":{"ref":"L_Display"},"supportedOn":{"ref":"windows:SUPPORTED_Windows7"},"elements":{"items":[{"item":[{"value":{"decimal":{"value":0}},"displayName":"Direita"},{"value":{"decimal":{"value":1}},"displayName":"Esquerda"}],"valueName":"pagetabsonleft","inputType":"dropdownList","caption":"Especificar o local do controle de guia de página:","id":"L_Specifylocationofthepagetabcontrol"}]},"name":"L_Pagetabsappearontheleft","displayName":"As guias de página aparecem à esquerda","explainText":"Direita: desmarca a opção ''As guias de página aparecem à esquerda''. | Esquerda: marca a opção ''As guias de página aparecem à esquerda''.","tags":["L_Display","L_OneNoteOptions","L_MicrosoftOfficeOneNote"],"application":"onent16","key":"software\\microsoft\\office\\16.0\\onenote\\options\\other"},{"parentCategory":{"ref":"L_Display"},"supportedOn":{"ref":"windows:SUPPORTED_Windows7"},"enabledValue":{"decimal":{"value":1}},"disabledValue":{"decimal":{"value":0}},"name":"L_Verticalscrollbarappearsonleft","displayName":"Barra de rolagem vertical exibida à esquerda","explainText":"Marca/Desmarca a opção correspondente da interface do usuário.","tags":["L_Display","L_OneNoteOptions","L_MicrosoftOfficeOneNote"],"application":"onent16","key":"software\\microsoft\\office\\16.0\\onenote\\options\\other","valueName":"vertscrollbaronleft"},{"parentCategory":{"ref":"L_Display"},"supportedOn":{"ref":"windows:SUPPORTED_Windows7"},"enabledValue":{"decimal":{"value":1}},"disabledValue":{"decimal":{"value":0}},"name":"L_ShowNoteContainers","displayName":"Mostrar Contêineres de Anotações","explainText":"Marca/Desmarca a opção correspondente da interface do usuário.","tags":["L_Display","L_OneNoteOptions","L_MicrosoftOfficeOneNote"],"application":"onent16","key":"software\\microsoft\\office\\16.0\\onenote\\options\\other","valueName":"shownotecontainers"},{"parentCategory":{"ref":"L_Display"},"supportedOn":{"ref":"windows:SUPPORTED_Windows7"},"enabledValue":{"decimal":{"value":0}},"disabledValue":{"decimal":{"value":1}},"name":"L_Navigationbarappearsontheright","displayName":"Barra de navegação exibida à direita","explainText":"Essa opção especifica o local de exibição da barra de navegação","tags":["L_Display","L_OneNoteOptions","L_MicrosoftOfficeOneNote"],"application":"onent16","key":"software\\microsoft\\office\\16.0\\onenote\\options\\other","valueName":"navbaronleft"},{"parentCategory":{"ref":"L_Editing"},"supportedOn":{"ref":"windows:SUPPORTED_Windows7"},"enabledValue":{"decimal":{"value":0}},"disabledValue":{"decimal":{"value":1}},"name":"L_TurnOffLinkCreationWith","displayName":"Desativar criação de links com [[ ]]","explainText":"Essa configuração de política permite desativar a criação de links com [[ ]].  O OneNote permite que os usuários criem links\nautomaticamente, colocando um [[ ]] ao redor de um termo. Em seguida, o OneNote criará uma nova página automaticamente nessa\nseção e criará um link nesse texto.\n\nSe você habilitar essa configuração de política, os usuários não poderão usar [[ ]] para criar um link e uma nova página.\n\nSe você desabilitar ou não definir essa configuração de política, o OneNote criará links automaticamente quando os usuários usarem\n[[ ]].","tags":["L_Editing","L_OneNoteOptions","L_MicrosoftOfficeOneNote"],"application":"onent16","key":"software\\microsoft\\office\\16.0\\onenote\\options\\editing","valueName":"wikilink"},{"parentCategory":{"ref":"L_Editing"},"supportedOn":{"ref":"windows:SUPPORTED_Windows7"},"enabledValue":{"decimal":{"value":0}},"disabledValue":{"decimal":{"value":1}},"name":"L_Turnoffautocalculator","displayName":"Desativar calculadora automática","explainText":"Essa opção ativa/desativa a funcionalidade de calculadora automática.","tags":["L_Editing","L_OneNoteOptions","L_MicrosoftOfficeOneNote"],"application":"onent16","key":"software\\microsoft\\office\\16.0\\onenote\\options\\editing","valueName":"autocalculate"},{"parentCategory":{"ref":"L_Editing"},"supportedOn":{"ref":"windows:SUPPORTED_Windows7"},"enabledValue":{"decimal":{"value":1}},"disabledValue":{"decimal":{"value":0}},"name":"L_ShowPasteOptionsbuttons","displayName":"Mostrar botões de Opções de Colar","explainText":"Marca/Desmarca a opção correspondente da interface do usuário.","tags":["L_Editing","L_OneNoteOptions","L_MicrosoftOfficeOneNote"],"application":"onent16","key":"software\\microsoft\\office\\16.0\\onenote\\options\\other","valueName":"pasteooui"},{"parentCategory":{"ref":"L_Editing"},"supportedOn":{"ref":"windows:SUPPORTED_Windows7"},"enabledValue":{"decimal":{"value":1}},"disabledValue":{"decimal":{"value":0}},"name":"L_AutoNumberingRecognition","displayName":"Reconhecimento Automático de Numeração","explainText":"Marca/Desmarca a opção ''Aplicar numeração automática a listas''.","tags":["L_Editing","L_OneNoteOptions","L_MicrosoftOfficeOneNote"],"application":"onent16","key":"software\\microsoft\\office\\16.0\\onenote\\options\\editing","valueName":"numbering auto reco"},{"parentCategory":{"ref":"L_Editing"},"supportedOn":{"ref":"windows:SUPPORTED_Windows7"},"enabledValue":{"decimal":{"value":1}},"disabledValue":{"decimal":{"value":0}},"name":"L_AutoBulletRecognition","displayName":"Reconhecimento Automático de Marcadores","explainText":"Marca/Desmarca a opção ''Aplicar marcadores automáticos a listas''.","tags":["L_Editing","L_OneNoteOptions","L_MicrosoftOfficeOneNote"],"application":"onent16","key":"software\\microsoft\\office\\16.0\\onenote\\options\\editing","valueName":"bullet auto reco"},{"parentCategory":{"ref":"L_Editing"},"supportedOn":{"ref":"windows:SUPPORTED_Windows7"},"elements":{"items":[{"valueName":"defaultfontface","requiredSpecified":false,"expandableSpecified":false,"maxLength":2147483647,"maxLengthSpecified":false,"inputType":"textBox","caption":"Fonte:","id":"L_Font"}]},"name":"L_DefaultFontName","displayName":"Nome de Fonte Padrão","explainText":"Especifica o valor na opção ''Fonte''.","tags":["L_Editing","L_OneNoteOptions","L_MicrosoftOfficeOneNote"],"application":"onent16","key":"software\\microsoft\\office\\16.0\\onenote\\options\\editing"},{"parentCategory":{"ref":"L_Editing"},"supportedOn":{"ref":"windows:SUPPORTED_Windows7"},"elements":{"items":[{"valueName":"defaultfontsize","requiredSpecified":false,"expandableSpecified":false,"maxLength":2147483647,"maxLengthSpecified":false,"inputType":"textBox","caption":"Tamanho da Fonte:","id":"L_FontSize"}]},"name":"L_DefaultFontSize","displayName":"Tamanho de Fonte Padrão","explainText":"Especifica o valor na opção ''Tamanho''.","tags":["L_Editing","L_OneNoteOptions","L_MicrosoftOfficeOneNote"],"application":"onent16","key":"software\\microsoft\\office\\16.0\\onenote\\options\\editing"},{"parentCategory":{"ref":"L_Editing"},"supportedOn":{"ref":"windows:SUPPORTED_Windows7"},"enabledValue":{"decimal":{"value":1}},"disabledValue":{"decimal":{"value":0}},"name":"L_AutoKeyboardSwitching","displayName":"Troca Automática de Teclado","explainText":"Marca/Desmarca a opção ''Troca automática de teclado''.","tags":["L_Editing","L_OneNoteOptions","L_MicrosoftOfficeOneNote"],"application":"onent16","key":"software\\microsoft\\office\\16.0\\onenote\\options\\language","valueName":"autokeyboard"},{"parentCategory":{"ref":"L_Editing"},"supportedOn":{"ref":"windows:SUPPORTED_Windows7"},"enabledValue":{"decimal":{"value":1}},"disabledValue":{"decimal":{"value":0}},"name":"L_IncludelinktosourcewhenpastingfromtheInternet","displayName":"Incluir link para a origem quando colar da Internet","explainText":"Marca/Desmarca a opção correspondente da interface do usuário.","tags":["L_Editing","L_OneNoteOptions","L_MicrosoftOfficeOneNote"],"application":"onent16","key":"software\\microsoft\\office\\16.0\\onenote\\options\\editing","valueName":"pasteincludeurl"},{"parentCategory":{"ref":"L_Pen"},"supportedOn":{"ref":"windows:SUPPORTED_Windows7"},"enabledValue":{"decimal":{"value":1}},"disabledValue":{"decimal":{"value":0}},"name":"L_DisableScratchout","displayName":"Desabilitar o rabisco","explainText":"Desabilita rabisco durante escrita à tinta.","tags":["L_Pen","L_OneNoteOptions","L_MicrosoftOfficeOneNote"],"application":"onent16","key":"software\\microsoft\\office\\16.0\\onenote\\options\\pen","valueName":"disablescratchout"},{"parentCategory":{"ref":"L_Pen"},"supportedOn":{"ref":"windows:SUPPORTED_Windows7"},"enabledValue":{"decimal":{"value":1}},"disabledValue":{"decimal":{"value":0}},"name":"L_Createallnewpageswithrulelines","displayName":"Criar todas as página novas com linhas de régua","explainText":"Marca/Desmarca a opção correspondente da interface do usuário.","tags":["L_Pen","L_OneNoteOptions","L_MicrosoftOfficeOneNote"],"application":"onent16","key":"software\\microsoft\\office\\16.0\\onenote\\options\\pen","valueName":"userulelines"},{"parentCategory":{"ref":"L_Pen"},"supportedOn":{"ref":"windows:SUPPORTED_Windows7"},"enabledValue":{"decimal":{"value":1}},"disabledValue":{"decimal":{"value":0}},"name":"L_Usepenpressuresensitivity","displayName":"Usar sensibilidade à pressão da caneta","explainText":"Marca/Desmarca a opção correspondente da interface do usuário.","tags":["L_Pen","L_OneNoteOptions","L_MicrosoftOfficeOneNote"],"application":"onent16","key":"software\\microsoft\\office\\16.0\\onenote\\options\\pen","valueName":"inkpressure"},{"parentCategory":{"ref":"L_Pen"},"supportedOn":{"ref":"windows:SUPPORTED_Windows7"},"enabledValue":{"decimal":{"value":1}},"disabledValue":{"decimal":{"value":0}},"name":"L_AutomaticallyswitchbetweenPenandSelectionTool","displayName":"Troca automática entre Caneta e Ferramenta de Seleção","explainText":"Marca/Desmarca a opção correspondente da interface do usuário.","tags":["L_Pen","L_OneNoteOptions","L_MicrosoftOfficeOneNote"],"application":"onent16","key":"software\\microsoft\\office\\16.0\\onenote\\options\\pen","valueName":"automodeswitch"},{"parentCategory":{"ref":"L_Pen"},"supportedOn":{"ref":"windows:SUPPORTED_Windows7"},"enabledValue":{"decimal":{"value":1}},"disabledValue":{"decimal":{"value":0}},"name":"L_ShowTabletPCInputPanelonOneNotepages","displayName":"Exibir o Painel de Entrada do Tablet PC nas páginas do OneNote","explainText":"Habilite essa política para exibir o Painel de Entrada do Tablet PC nas páginas do OneNote.","tags":["L_Pen","L_OneNoteOptions","L_MicrosoftOfficeOneNote"],"application":"onent16","key":"software\\microsoft\\office\\16.0\\onenote\\options\\pen","valueName":"showtabletpcinputpanel"},{"parentCategory":{"ref":"L_Email"},"supportedOn":{"ref":"windows:SUPPORTED_Windows7"},"enabledValue":{"decimal":{"value":1}},"disabledValue":{"decimal":{"value":0}},"name":"L_AttachEmbeddedFilesToTheEmail","displayName":"Anexar arquivos inseridos à mensagem de email como arquivos separados","explainText":"Essa configuração de política permite configurar a opção \"Anexar arquivos inseridos à mensagem de email como arquivos\nseparados\", localizada na guia Arquivo | Opções | Avançado | Email enviado do OneNote.\n\nSe você habilitar ou não definir essa configuração de política, os arquivos inseridos serão anexados à mensagem de email como\narquivos separados.\n\nSe você desabilitar essa configuração de política, os arquivos inseridos não serão anexados à mensagem de email como arquivos\nseparados.","tags":["L_Email","L_OneNoteOptions","L_MicrosoftOfficeOneNote"],"application":"onent16","key":"software\\microsoft\\office\\16.0\\onenote\\options","valueName":"email embedded files"},{"parentCategory":{"ref":"L_Email"},"supportedOn":{"ref":"windows:SUPPORTED_Windows7"},"enabledValue":{"decimal":{"value":1}},"disabledValue":{"decimal":{"value":0}},"name":"L_AllowOneNoteemailattachments","displayName":"Permitir anexos de email do OneNote","explainText":"Marca/Desmarca a opção ''Anexar uma cópia das anotações originais como um arquivo do OneNote''.","tags":["L_Email","L_OneNoteOptions","L_MicrosoftOfficeOneNote"],"application":"onent16","key":"software\\microsoft\\office\\16.0\\onenote\\options","valueName":"email attachment"},{"parentCategory":{"ref":"L_Email"},"supportedOn":{"ref":"windows:SUPPORTED_Windows7"},"enabledValue":{"decimal":{"value":1}},"disabledValue":{"decimal":{"value":0}},"name":"L_AddsignaturetoOneNoteemailmessages","displayName":"Adicionar assinatura aos emails do OneNote","explainText":"Marca/Desmarca a opção ''Adicionar a seguinte assinatura a emails e páginas da Web criadas no OneNote''.","tags":["L_Email","L_OneNoteOptions","L_MicrosoftOfficeOneNote"],"application":"onent16","key":"software\\microsoft\\office\\16.0\\onenote\\options\\other","valueName":"emailsignature"},{"parentCategory":{"ref":"L_Email"},"supportedOn":{"ref":"windows:SUPPORTED_Windows7"},"elements":{"items":[{"valueName":"signature","requiredSpecified":false,"expandableSpecified":false,"maxLength":2147483647,"maxLengthSpecified":false,"inputType":"textBox","caption":"Inserir a assinatura para emails do OneNote","id":"L_EntersignaturetouseforOneNoteemail"}]},"name":"L_UsethissignatureforOneNoteemail","displayName":"Usar essa assinatura para emails do OneNote","explainText":"Define o valor na opção ''Adicionar a seguinte assinatura a emails e páginas da Web criadas no OneNote''.","tags":["L_Email","L_OneNoteOptions","L_MicrosoftOfficeOneNote"],"application":"onent16","key":"software\\microsoft\\office\\16.0\\onenote\\options\\other"},{"parentCategory":{"ref":"L_NoteFlags"},"supportedOn":{"ref":"windows:SUPPORTED_Windows7"},"enabledValue":{"decimal":{"value":1}},"disabledValue":{"decimal":{"value":0}},"name":"L_Copyitemswhenmovingthem","displayName":"Copiar itens ao movê-los","explainText":"Essa configuração de política permite configurar anotações marcadas.\n\nSe você habilitar ou não definir essa configuração de política, a opção \"Deixar inalteradas as anotações originais marcadas\" será\nmarcada.\n\nSe você desabilitar essa configuração de política, a opção \"Mostrar anotações marcadas como esmaecidas\" será marcada.","tags":["L_NoteFlags","L_OneNoteOptions","L_MicrosoftOfficeOneNote"],"application":"onent16","key":"software\\microsoft\\office\\16.0\\onenote\\options\\other","valueName":"duplicatenoteflag"},{"parentCategory":{"ref":"L_NoteFlags"},"supportedOn":{"ref":"windows:SUPPORTED_Windows7"},"enabledValue":{"decimal":{"value":1}},"disabledValue":{"decimal":{"value":0}},"name":"L_ShowDimmedTaggedNotesInTheTagsSummaryTaskPane","displayName":"Mostrar as anotações marcadas esmaecidas no painel de tarefas Resumo de Marcas","explainText":"Marca/desmarca a opção \"Mostrar as anotações marcadas esmaecidas no painel de tarefas Resumo de Marcas\".","tags":["L_NoteFlags","L_OneNoteOptions","L_MicrosoftOfficeOneNote"],"application":"onent16","key":"software\\microsoft\\office\\16.0\\onenote\\options\\other","valueName":"showinactivenoteflag"},{"parentCategory":{"ref":"L_AudioandVideo"},"supportedOn":{"ref":"windows:SUPPORTED_Windows7"},"enabledValue":{"decimal":{"value":0}},"disabledValue":{"decimal":{"value":1}},"name":"L_Disableaudosearch","displayName":"Desabilitar a pesquisa de áudio","explainText":"Desabilita o recurso de pesquisa de áudio do  OneNote.","tags":["L_AudioandVideo","L_OneNoteOptions","L_MicrosoftOfficeOneNote"],"application":"onent16","key":"software\\microsoft\\office\\16.0\\onenote\\options\\other","valueName":"enableaudiosearch"},{"parentCategory":{"ref":"L_AudioandVideo"},"supportedOn":{"ref":"windows:SUPPORTED_Windows7"},"enabledValue":{"decimal":{"value":1}},"disabledValue":{"decimal":{"value":0}},"name":"L_DisableLinkedAudiofeature","displayName":"Desabilitar o recurso de Áudio Vinculado","explainText":"Essa configuração de política permite configurar os comandos Gravar Áudio e Gravar Vídeo na guia Inserir.\n\nSe você habilitar essa configuração de política, os comandos não estarão disponíveis.\n\nSe você desabilitar ou não definir essa política, os comandos estarão disponíveis.","tags":["L_AudioandVideo","L_OneNoteOptions","L_MicrosoftOfficeOneNote"],"application":"onent16","key":"software\\microsoft\\office\\16.0\\onenote\\options\\audio","valueName":"disablerecording"},{"parentCategory":{"ref":"L_AudioandVideo"},"supportedOn":{"ref":"windows:SUPPORTED_Windows7"},"elements":{"items":[{"valueName":"defaultbitdepth","minValue":8,"minValueSpecified":true,"maxValue":48,"maxValueSpecified":true,"inputType":"decimalTextBox","caption":"Bits:","id":"L_Bits"}]},"name":"L_Specifynumberofbitstosamplewhenrecording","displayName":"Especificar o número de bits para amostra na gravação","explainText":"Especifica o número padrão de bits por amostra (valor em kbps) usado ao gravar áudio. Se o codec apropriado for encontrado, essa\nserá a intensidade de bits padrão usada na configuração Formatar para Áudio Vinculado, disponível na guia Arquivo | Opções |\nÁudio e Vídeo.","tags":["L_AudioandVideo","L_OneNoteOptions","L_MicrosoftOfficeOneNote"],"application":"onent16","key":"software\\microsoft\\office\\16.0\\onenote\\options\\audio"},{"parentCategory":{"ref":"L_AudioandVideo"},"supportedOn":{"ref":"windows:SUPPORTED_Windows7"},"elements":{"items":[{"valueName":"defaultsamplerate","minValue":8,"minValueSpecified":true,"maxValue":192,"maxValueSpecified":true,"inputType":"decimalTextBox","caption":"Bits/Segundo:","id":"L_BitsSecond"}]},"name":"L_Specifyratetosampleaudiobitssecond","displayName":"Especificar a taxa para amostra de áudio (em bits/segundo)","explainText":"Especifica a taxa de amostragem padrão (valor em kHz) usada ao gravar áudio. Se o codec apropriado for encontrado, essa será a\ntaxa de amostragem padrão usada na configuração Formatar para Áudio Vinculado, disponível na guia Arquivo | Opções |\nÁudio e Vídeo.","tags":["L_AudioandVideo","L_OneNoteOptions","L_MicrosoftOfficeOneNote"],"application":"onent16","key":"software\\microsoft\\office\\16.0\\onenote\\options\\audio"},{"parentCategory":{"ref":"L_AudioandVideo"},"supportedOn":{"ref":"windows:SUPPORTED_Windows7"},"elements":{"items":[{"valueName":"defaultchannels","minValue":1,"minValueSpecified":true,"maxValue":2,"maxValueSpecified":true,"inputType":"decimalTextBox","caption":"Canais (1-2):","id":"L_Channels12"}]},"name":"L_Specifynumberofchannelstorecord","displayName":"Especificar o número de canais para gravação","explainText":"Especifica se 1 ou 2 canais são usados ao gravar áudio. Se o codec apropriado for encontrado, esse será o número padrão de canais\nusados na configuração Formatar para Áudio Vinculado, disponível na guia Arquivo | Opções | Áudio e Vídeo.","tags":["L_AudioandVideo","L_OneNoteOptions","L_MicrosoftOfficeOneNote"],"application":"onent16","key":"software\\microsoft\\office\\16.0\\onenote\\options\\audio"},{"parentCategory":{"ref":"L_AudioandVideo"},"supportedOn":{"ref":"windows:SUPPORTED_Windows7"},"elements":{"items":[{"valueName":"rewind","minValue":0,"minValueSpecified":true,"maxValue":999,"maxValueSpecified":true,"inputType":"decimalTextBox","caption":"Retroceder do início do parágrafo por: (seg)","id":"L_Rewindfromstartofparagraphbysec"}]},"name":"L_Rewindfromstartofparagraphbythefollowingnumberofseconds","displayName":"Retroceder do início do parágrafo pelo seguinte número de segundos","explainText":"Define o valor na opção correspondente da interface do usuário.","tags":["L_AudioandVideo","L_OneNoteOptions","L_MicrosoftOfficeOneNote"],"application":"onent16","key":"software\\microsoft\\office\\16.0\\onenote\\options\\audio"},{"parentCategory":{"ref":"L_AudioandVideo"},"supportedOn":{"ref":"windows:SUPPORTED_Windows7"},"elements":{"items":[{"item":[{"value":{"string":"Windows Media Video 8 for Color Pocket PCs (150 Kbps)"},"displayName":"Pocket PCs Coloridos (150 Kbps)"},{"value":{"string":"Windows Media Video 8 for Dial-up Modems or Single-channel ISDN (28.8 to 56 Kbps)"},"displayName":"Modems de conexão discada ou ISDN de canal único(28,8 a 56 Kbps)"},{"value":{"string":"Windows Media Video 8 for LAN, Cable Modem, or xDSL (100 to 768 Kbps)"},"displayName":"LAN, Modem a Cabo ou xDSL (100 a 768 Kbps)"},{"value":{"string":"Windows Media Video 8 for Dial-up Modems or LAN (28.8 to 100 Kbps)"},"displayName":"Modems de conexão discada ou LAN (28,8 a 100 Kbps)"},{"value":{"string":"Windows Media Video 8 for Dial-up Modems (28.8 Kbps)"},"displayName":"Modems de conexão discada (28,8 Kbps)"},{"value":{"string":"Windows Media Video 8 for Dial-up Modems (56 Kbps)"},"displayName":"Modems de conexão discada (56 Kbps)"},{"value":{"string":"Windows Media Video 8 for Local Area Network (100 Kbps)"},"displayName":"Rede Local (100 Kbps)"},{"value":{"string":"Windows Media Video 8 for Local Area Network (256 Kbps)"},"displayName":"Rede Local (256 Kbps)"},{"value":{"string":"Windows Media Video 8 for Local Area Network (384 Kbps)"},"displayName":"Rede Local (384 Kbps)"},{"value":{"string":"Windows Media Video 8 for Broadband (NTSC, 700 Kbps)"},"displayName":"Banda larga (NTSC, 700 Kbps)"},{"value":{"string":"Windows Media Video 8 for Broadband (NTSC, 1400 Kbps)"},"displayName":"Banda larga (NTSC, 1.400 Kbps)"},{"value":{"string":"Windows Media Video 8 for Broadband (PAL, 384 Kbps)"},"displayName":"Banda larga (PAL, 384 Kbps)"},{"value":{"string":"Windows Media Video 8 for Broadband (PAL, 700 Kbps)"},"displayName":"Banda larga (PAL, 700 Kbps)"}],"valueName":"videocaptureprofile","inputType":"dropdownList","caption":"Selecionar o codec de Vídeo 8 do Windows Media:","id":"L_ChoosetheWindowsMediaVideo8codec"}]},"name":"L_ChoosedefaultcodectobeusedforVideonotebook","displayName":"Selecionar o codec padrão que será usado para o bloco de anotações de Vídeo","explainText":"Essa opção definirá o codec padrão usado pelo OneNote para as gravações de vídeo criadas no OneNote.","tags":["L_AudioandVideo","L_OneNoteOptions","L_MicrosoftOfficeOneNote"],"application":"onent16","key":"software\\microsoft\\office\\16.0\\onenote\\options\\audio"},{"parentCategory":{"ref":"L_Cryptography"},"supportedOn":{"ref":"windows:SUPPORTED_Windows7"},"elements":{"items":[{"valueName":"cipheralgorithm","required":true,"requiredSpecified":true,"expandableSpecified":false,"maxLength":2147483647,"maxLengthSpecified":false,"inputType":"textBox","caption":"Algoritmo de criptografia CNG:","id":"L_SetCNGCipherAlgorithmID"}]},"name":"L_SetCNGCipherAlgorithm","displayName":"Definir algoritmo de criptografia CNG","explainText":"Essa configuração de política permite definir o algoritmo de criptografia CNG usado.\n\nSe você habilitar essa configuração de política, a criptografia fornecida será usada se for um algoritmo com suporte.\n\nSe você desabilitar ou não definir essa configuração de política, o AES será usado.","tags":["L_Cryptography","L_Security","L_OneNoteOptions","L_MicrosoftOfficeOneNote"],"application":"onent16","key":"software\\microsoft\\office\\16.0\\onenote\\security\\crypto"},{"parentCategory":{"ref":"L_Cryptography"},"supportedOn":{"ref":"windows:SUPPORTED_Windows7"},"elements":{"items":[{"item":[{"value":{"string":"ChainingModeCBC"},"displayName":"CBC (Encadeamento de Blocos de Criptografia)"},{"value":{"string":"ChainingModeCFB"},"displayName":"CFB (Comentário de Criptografia)"}],"valueName":"cipherchaining","inputType":"dropdownList","id":"L_ConfigureCNGCipherChainingModeDropID"}]},"name":"L_ConfigureCNGCipherChainingMode","displayName":"Configurar modo de encadeamento de criptografia CNG","explainText":"Essa configuração de política permite definir o modo de encadeamento de criptografia usado.\n\nSe você habilitar essa configuração de política, o modo de encadeamento de criptografia especificado será aplicado.\n\nSe você desabilitar ou não definir essa configuração de política, o CBC (Encadeamento de Blocos de Criptografia) será o modo de encadeamento CNG padrão usado.","tags":["L_Cryptography","L_Security","L_OneNoteOptions","L_MicrosoftOfficeOneNote"],"application":"onent16","key":"software\\microsoft\\office\\16.0\\onenote\\security\\crypto"},{"parentCategory":{"ref":"L_Cryptography"},"supportedOn":{"ref":"windows:SUPPORTED_Windows7"},"elements":{"items":[{"valueName":"cipherkeybits","minValue":0,"minValueSpecified":true,"maxValue":1000000,"maxValueSpecified":true,"inputType":"decimalTextBox","caption":"Comprimento da chave de criptografia","id":"L_SetCNGCipherKeyLengthSpinID"}]},"name":"L_SetCNGCipherKeyLength","displayName":"Definir comprimento da chave de criptografia CNG","explainText":"Essa configuração de política permite definir o número de bits a ser usado ao criar a chave de criptografia.  Esse número será\narredondado para um múltiplo de 8.\n\nSe você habilitar essa configuração de política, os bits de chave especificados serão usados.\n\nSe você desabilitar ou não definir essa configuração de política, o valor padrão será usado.","tags":["L_Cryptography","L_Security","L_OneNoteOptions","L_MicrosoftOfficeOneNote"],"application":"onent16","key":"software\\microsoft\\office\\16.0\\onenote\\security\\crypto"},{"parentCategory":{"ref":"L_Cryptography"},"supportedOn":{"ref":"windows:SUPPORTED_Windows7"},"elements":{"items":[{"item":[{"value":{"decimal":{"value":0}},"displayName":"Usar formato legado"},{"value":{"decimal":{"value":1}},"displayName":"Usar formato de próxima geração"},{"value":{"decimal":{"value":2}},"displayName":"Arquivos salvos no formato de próx. geração"}],"valueName":"compatmode","inputType":"dropdownList","id":"L_SpecifyEncryptionCompatibilityDropID"}]},"name":"L_SpecifyEncryptionCompatibility","displayName":"Especificar compatibilidade de criptografia","explainText":"Essa configuração de política permite especificar a compatibilidade do banco de dados criptografado.\n\nSe você habilitar essa configuração de política, o formato de compatibilidade especificado será aplicado durante a criptografia para\nnovos arquivos\n- Usar formato legado\n- Usar formato de próxima geração\n- Todos os arquivos salvos com o formato de próxima geração\n\nSe você desabilitar ou não definir essa configuração de política, a configuração padrão, \"Usar formato de próxima geração\", será\naplicada.","tags":["L_Cryptography","L_Security","L_OneNoteOptions","L_MicrosoftOfficeOneNote"],"application":"onent16","key":"software\\microsoft\\office\\16.0\\onenote\\security\\crypto"},{"parentCategory":{"ref":"L_Cryptography"},"supportedOn":{"ref":"windows:SUPPORTED_Windows7"},"elements":{"items":[{"valueName":"context","required":true,"requiredSpecified":true,"expandableSpecified":false,"maxLength":2147483647,"maxLengthSpecified":false,"inputType":"textBox","caption":"Parâmetros","id":"L_SetParametersForCNGContextID"}]},"name":"L_SetParametersForCNGContext","displayName":"Definir parâmetros para o contexto CNG","explainText":"Essa configuração de política permite especificar os parâmetros de criptografia que devem ser usados para o contexto CNG. \n\nSe você habilitar essa configuração de política, os parâmetros especificados serão transmitidos ao contexto CNG.\n\nSe você desabilitar ou não definir essa configuração de política, os valores CNG padrão serão usados.","tags":["L_Cryptography","L_Security","L_OneNoteOptions","L_MicrosoftOfficeOneNote"],"application":"onent16","key":"software\\microsoft\\office\\16.0\\onenote\\security\\crypto"},{"parentCategory":{"ref":"L_Cryptography"},"supportedOn":{"ref":"windows:SUPPORTED_Windows7"},"elements":{"items":[{"item":[{"value":{"string":"SHA1"},"displayName":"SHA1"},{"value":{"string":"SHA256"},"displayName":"SHA256"},{"value":{"string":"SHA384"},"displayName":"SHA384"},{"value":{"string":"SHA512"},"displayName":"SHA512"}],"valueName":"hashalgorithm","inputType":"dropdownList","id":"L_SpecifyCNGHashAlgorithmDropID"}]},"name":"L_SpecifyCNGHashAlgorithm","displayName":"Especificar algoritmo de hash CNG","explainText":"Essa configuração de política permite especificar o algoritmo de hash usado.\n\nSe você habilitar essa configuração de política, o algoritmo de hash selecionado será usado pelo CNG.\n\nSe você desabilitar ou não definir essa configuração de política, o algoritmo de hash CNG padrão será usado.","tags":["L_Cryptography","L_Security","L_OneNoteOptions","L_MicrosoftOfficeOneNote"],"application":"onent16","key":"software\\microsoft\\office\\16.0\\onenote\\security\\crypto"},{"parentCategory":{"ref":"L_Cryptography"},"supportedOn":{"ref":"windows:SUPPORTED_Windows7"},"elements":{"items":[{"valueName":"passwordspincount","minValue":0,"minValueSpecified":true,"maxValue":10000000,"maxValueSpecified":true,"inputType":"decimalTextBox","id":"L_SetCNGPasswordSpinCountSpinID"}]},"name":"L_SetCNGPasswordSpinCount","displayName":"Definir contagem de rotação de senha CNG","explainText":"Essa configuração de política permite especificar o número de rotações (nova operação de hash) do verificador de senha.\n\nSe você habilitar essa configuração de política, o número especificado será o número de vezes que a senha passará por uma nova\noperação de hash.\n\nSe você desabilitar ou não definir essa configuração de política, o padrão (100000) será usado.","tags":["L_Cryptography","L_Security","L_OneNoteOptions","L_MicrosoftOfficeOneNote"],"application":"onent16","key":"software\\microsoft\\office\\16.0\\onenote\\security\\crypto"},{"parentCategory":{"ref":"L_Cryptography"},"supportedOn":{"ref":"windows:SUPPORTED_Windows7"},"elements":{"items":[{"valueName":"rngalgorithm","required":true,"requiredSpecified":true,"expandableSpecified":false,"maxLength":2147483647,"maxLengthSpecified":false,"inputType":"textBox","caption":"Gerador de números aleatórios:","id":"L_SpecifyCNGRandomNumberGeneratorAlgorithmID"}]},"name":"L_SpecifyCNGRandomNumberGeneratorAlgorithm","displayName":"Especificar algoritmo gerador de números aleatórios CNG","explainText":"Essa configuração de política permite definir o gerador de números aleatórios CNG a ser usado.\n\nSe você habilitar essa configuração de política, o gerador de números aleatórios especificado será usado.\n\nSe você desabilitar ou não definir essa configuração de política, o gerador de números aleatórios padrão será usado.","tags":["L_Cryptography","L_Security","L_OneNoteOptions","L_MicrosoftOfficeOneNote"],"application":"onent16","key":"software\\microsoft\\office\\16.0\\onenote\\security\\crypto"},{"parentCategory":{"ref":"L_Cryptography"},"supportedOn":{"ref":"windows:SUPPORTED_Windows7"},"elements":{"items":[{"valueName":"saltbytes","minValue":0,"minValueSpecified":true,"maxValue":5000,"maxValueSpecified":true,"inputType":"decimalTextBox","caption":"Número de bytes","id":"L_SpecifyCNGSaltLengthSpinID"}]},"name":"L_SpecifyCNGSaltLength","displayName":"Especificar comprimento de salt CNG","explainText":"Essa configuração de política permite especificar o número de bytes de salt que deve ser usado.\n\nSe você habilitar essa configuração de política, os bytes especificados serão usados.\n\nSe você desabilitar ou não definir essa configuração de política, o comprimento padrão ou 16 será usado.","tags":["L_Cryptography","L_Security","L_OneNoteOptions","L_MicrosoftOfficeOneNote"],"application":"onent16","key":"software\\microsoft\\office\\16.0\\onenote\\security\\crypto"},{"parentCategory":{"ref":"L_Save"},"supportedOn":{"ref":"windows:SUPPORTED_Windows7"},"elements":{"items":[{"valueName":"notebook root","requiredSpecified":false,"expandableSpecified":false,"maxLength":2147483647,"maxLengthSpecified":false,"inputType":"textBox","caption":"","id":"L_empty1"}]},"name":"L_NotebookRoot","displayName":"Bloco de Anotações Raiz","explainText":"Para alterar o local padrão de novos blocos de anotação, insira um caminho para uma pasta relacionada a seus documentos.","tags":["L_Save","L_OneNoteOptions","L_MicrosoftOfficeOneNote"],"application":"onent16","key":"software\\microsoft\\office\\16.0\\onenote\\options\\save"},{"parentCategory":{"ref":"L_Save"},"supportedOn":{"ref":"windows:SUPPORTED_Windows7"},"elements":{"items":[{"valueName":"unfilednotessection","requiredSpecified":false,"expandableSpecified":false,"maxLength":2147483647,"maxLengthSpecified":false,"inputType":"textBox","caption":"Abrir Anotações Rápidas nesta seção:","id":"L_OpenSideNotesinthissection"}]},"name":"L_Locationofunfilednotessection","displayName":"Local da seção de notificações não arquivadas","explainText":"Local onde o OneNote armazena a seção de notificações não arquivadas.","tags":["L_Save","L_OneNoteOptions","L_MicrosoftOfficeOneNote"],"application":"onent16","key":"software\\microsoft\\office\\16.0\\onenote\\options\\paths"},{"parentCategory":{"ref":"L_Save"},"supportedOn":{"ref":"windows:SUPPORTED_Windows7"},"elements":{"items":[{"valueName":"backupfolderpath","requiredSpecified":false,"expandableSpecified":false,"maxLength":2147483647,"maxLengthSpecified":false,"inputType":"textBox","caption":"Pasta de Backup:","id":"L_BackupFolder"}]},"name":"L_LocationofBackupFolder","displayName":"Local da Pasta de Backup","explainText":"Define o valor na opção correspondente da interface do usuário.","tags":["L_Save","L_OneNoteOptions","L_MicrosoftOfficeOneNote"],"application":"onent16","key":"software\\microsoft\\office\\16.0\\onenote\\options\\paths"},{"parentCategory":{"ref":"L_Save"},"supportedOn":{"ref":"windows:SUPPORTED_Windows7"},"elements":{"items":[{"valueName":"percentfreespacebeforeoptimize","minValue":0,"minValueSpecified":true,"maxValue":100,"maxValueSpecified":true,"inputType":"decimalTextBox","caption":"Inserir Porcentagem:","id":"L_EnterPercentage"}]},"name":"L_Percentageofunuseddiskspacetoallowinsections","displayName":"Porcentagem de espaço em disco não utilizado permitida nas seções","explainText":"Define o valor na opção ''Porcentagem de espaço não utilizado permitida em arquivos sem otimização''.","tags":["L_Save","L_OneNoteOptions","L_MicrosoftOfficeOneNote"],"application":"onent16","key":"software\\microsoft\\office\\16.0\\onenote\\options\\save"},{"parentCategory":{"ref":"L_Password"},"supportedOn":{"ref":"windows:SUPPORTED_Windows7"},"enabledValue":{"decimal":{"value":0}},"disabledValue":{"decimal":{"value":1}},"name":"L_Disallowsaddonsaccesstopass","displayName":"Proíbe o acesso a seções protegidas por senha pelos suplementos","explainText":"Essa opção desabilita a capacidade de acessar seções protegidas por senha pelos suplementos de extensibilidade, se esses estiverem desbloqueados.","tags":["L_Password","L_OneNoteOptions","L_MicrosoftOfficeOneNote"],"application":"onent16","key":"software\\microsoft\\office\\16.0\\onenote\\security","valueName":"allowaddinaccesstoencryptedfiles"},{"parentCategory":{"ref":"L_Password"},"supportedOn":{"ref":"windows:SUPPORTED_Windows7"},"enabledValue":{"decimal":{"value":1}},"disabledValue":{"decimal":{"value":0}},"name":"L_Disablepasswordprotectedsections","displayName":"Desabilitar seções protegidas por senha","explainText":"Desabilita a capacidade de criar novas seções protegidas por senha. No entanto, ainda é possível desbloquear e editar seções com senhas definidas.","tags":["L_Password","L_OneNoteOptions","L_MicrosoftOfficeOneNote"],"application":"onent16","key":"software\\microsoft\\office\\16.0\\onenote\\general","valueName":"passwordprotectiondisabled"},{"parentCategory":{"ref":"L_Password"},"supportedOn":{"ref":"windows:SUPPORTED_Windows7"},"enabledValue":{"decimal":{"value":1}},"disabledValue":{"decimal":{"value":0}},"name":"L_LockpasswordprotectedsectionsassoonasInavigateawayfromthem","displayName":"Bloquear as seções protegidas por senha assim que eu sair destas","explainText":"O OneNote oferece suporte a seções protegidas por senha. Essas seções são desbloqueadas depois que um usuário digitar a senha e podem ser bloqueadas novamente por meio de um período de tempo limite ou quando o usuário sair da seção. Esta opção bloqueará a seção depois que o usuário sair da seção protegida por senha.","tags":["L_Password","L_OneNoteOptions","L_MicrosoftOfficeOneNote"],"application":"onent16","key":"software\\microsoft\\office\\16.0\\onenote\\security","valueName":"locksectionsimmediately"},{"parentCategory":{"ref":"L_Backup"},"supportedOn":{"ref":"windows:SUPPORTED_Windows7"},"elements":{"items":[{"valueName":"backupnumberofbackupstokeep","minValue":0,"minValueSpecified":true,"maxValue":1000,"maxValueSpecified":true,"inputType":"decimalTextBox","caption":"Número de cópias de backup a serem mantidas","id":"L_numberofbackupcopiestokeep2"}]},"name":"L_Numberofbackupcopiestokeep","displayName":"Número de cópias de backup a serem mantidas","explainText":"Define o valor na opção correspondente da interface do usuário.","tags":["L_Backup","L_OneNoteOptions","L_MicrosoftOfficeOneNote"],"application":"onent16","key":"software\\microsoft\\office\\16.0\\onenote\\options\\save"},{"parentCategory":{"ref":"L_SendToOneNote"},"supportedOn":{"ref":"windows:SUPPORTED_Windows7"},"enabledValue":{"decimal":{"value":1}},"disabledValue":{"decimal":{"value":0}},"name":"L_DisableOutlooksendemailtoOneNoteoption","displayName":"Desabilitar a opção de envio de email pelo Outlook para o OneNote","explainText":"Essa política desabilita o suplemento  ''Enviar para o OneNote'' do OneNote para o Microsoft Outlook. Por padrão, o OneNote instala um suplemento na barra de ferramentas do Outlook que permite aos usuários enviar emails para o OneNote. O botão ''Enviar para o OneNote'' é exibido no módulo de email principal do Outlook e também durante a visualização de um email.  É possível desabilitar este recurso com essa política.","tags":["L_SendToOneNote","L_OneNoteOptions","L_MicrosoftOfficeOneNote"],"application":"onent16","key":"software\\microsoft\\office\\16.0\\onenote\\options\\outlookandweb","valueName":"disablesendemailtoonenote"},{"parentCategory":{"ref":"L_Addins"},"supportedOn":{"ref":"windows:SUPPORTED_Windows7"},"enabledValue":{"decimal":{"value":1}},"disabledValue":{"decimal":{"value":0}},"name":"L_DisableOneNoteCOMAPI","displayName":"Desabilitar OneNote COM API","explainText":"Desabilitar OneNote COM API - desabilita aplicativos complementares que usem a COM API. Observe que isso também interromperá outros recursos que utilizam essa API, como o envio de informações do Outlook para o OneNote.","tags":["L_Addins","L_OneNoteOptions","L_MicrosoftOfficeOneNote"],"application":"onent16","key":"software\\microsoft\\office\\16.0\\onenote\\security","valueName":"disablecomapi"},{"parentCategory":{"ref":"L_Addins"},"supportedOn":{"ref":"windows:SUPPORTED_Windows7"},"enabledValue":{"decimal":{"value":1}},"disabledValue":{"decimal":{"value":0}},"name":"L_DisableinstalledOneNoteaddins","displayName":"Desabilitar Suplementos do OneNote instalados","explainText":"Desativa todos os suplementos do OneNote instalados.","tags":["L_Addins","L_OneNoteOptions","L_MicrosoftOfficeOneNote"],"application":"onent16","key":"software\\microsoft\\office\\16.0\\onenote\\security","valueName":"disablealladdins"},{"parentCategory":{"ref":"L_Spelling"},"supportedOn":{"ref":"windows:SUPPORTED_Windows7"},"elements":{"items":[{"item":[{"value":{"decimal":{"value":0}},"displayName":"sem verificação de ortografia"},{"value":{"decimal":{"value":1}},"displayName":"verificar ortografia durante a digitação"},{"value":{"decimal":{"value":2}},"displayName":"ocultar erros de ortografia"},{"value":{"decimal":{"value":3}},"displayName":"verificar ortografia, mas ocultar erros"}],"valueName":"onenotespellingoptions","inputType":"dropdownList","id":"L_empty11"}]},"name":"L_OneNoteSpellingOptions","displayName":"Opções de Ortografia do OneNote","explainText":"Essas escolhas alteram as opções de \"Ao corrigir ortografia no OneNote\" que são exibidas na guia Arquivo | Opção | caixa de diálogo Revisão de Texto.","tags":["L_Spelling","L_OneNoteOptions","L_MicrosoftOfficeOneNote"],"application":"onent16","key":"software\\microsoft\\shared tools\\proofing tools\\1.0\\office"},{"parentCategory":{"ref":"L_VersionsAndRecyleBin"},"supportedOn":{"ref":"windows:SUPPORTED_Windows7"},"enabledValue":{"decimal":{"value":0}},"disabledValue":{"decimal":{"value":1}},"name":"L_TurnOffVersionsAndNotebookRecycleBinInSharedNotebooks","displayName":"Desativar Versões e a Lixeira de Blocos de Anotações em blocos de anotações compartilhados","explainText":"Esta configuração de política permite desativar o histórico de versões, que inclui versões e a lixeira de blocos de anotações.  Com um bloco de anotações no formato 2016, o OneNote armazenará automaticamente versões anteriores das páginas nesse bloco e também armazenará uma lixeira para todas as páginas e seções excluídas.\n\nSe você habilitar esta configuração de política, ela desativará o histórico de versões.\n\nSe você desabilitar ou não definir esta configuração de política, o OneNote armazenará versões anteriores por padrão.","tags":["L_VersionsAndRecyleBin","L_OneNoteOptions","L_MicrosoftOfficeOneNote"],"application":"onent16","key":"software\\microsoft\\office\\16.0\\onenote\\options\\versions","valueName":"enablehistory"},{"parentCategory":{"ref":"L_VersionsAndRecyleBin"},"supportedOn":{"ref":"windows:SUPPORTED_Windows7"},"enabledValue":{"decimal":{"value":0}},"disabledValue":{"decimal":{"value":1}},"name":"L_DoNotPruneVersionsOverTime","displayName":"Não remover versões com o passar do tempo","explainText":"Esta configuração de política permite desativar a remoção automática do OneNote.  Com um bloco de anotações no formato 2016, o OneNote armazenará automaticamente versões anteriores das páginas nesse bloco e também armazenará uma lixeira para todas as páginas e seções excluídas.\n\nSe você habilitar esta configuração de política, o OneNote não removerá versões anteriores.\n\nSe você desabilitar ou não definir esta configuração de política, o OneNote removerá versões anteriores.  O valor padrão é remover versões com o passar do tempo.  Habilite esta configuração de política somente se o OneNote não dever remover versões anteriores.","tags":["L_VersionsAndRecyleBin","L_OneNoteOptions","L_MicrosoftOfficeOneNote"],"application":"onent16","key":"software\\microsoft\\office\\16.0\\onenote\\options\\versions","valueName":"pruneversionsovertime"},{"parentCategory":{"ref":"L_VersionsAndRecyleBin"},"supportedOn":{"ref":"windows:SUPPORTED_Windows7"},"elements":{"items":[{"valueName":"daysofallversions","minValue":0,"minValueSpecified":true,"maxValue":365,"maxValueSpecified":true,"inputType":"decimalTextBox","caption":"Dias atrás","id":"L_DaysOfAllVersionsSpinID"}]},"name":"L_DaysOfAllVersions","displayName":"Dias durante os quais todos os itens do Histórico de Versões estão \"protegidos\" contra remoção","explainText":"Essa configuração de política permite especificar um período durante o qual o OneNote mantém páginas abrangentes de histórico de versões. Após o tempo especificado, o OneNote manterá páginas de histórico de versões mais básicas, que utilizam menos espaço de armazenamento.\n\nSe você habilitar essa configuração de política, o OneNote manterá páginas abrangentes de histórico de versões pelo tempo especificado e, passado esse tempo, manterá páginas de histórico de versões mais básicas.\n\nSe você desabilitar ou não definir essa configuração de política, o OneNote manterá páginas abrangentes de histórico de versões por 2 dias e, passado esse tempo, manterá páginas de histórico de versões mais básicas.\n      ","tags":["L_VersionsAndRecyleBin","L_OneNoteOptions","L_MicrosoftOfficeOneNote"],"application":"onent16","key":"software\\microsoft\\office\\16.0\\onenote\\options\\versions"},{"parentCategory":{"ref":"L_VersionsAndRecyleBin"},"supportedOn":{"ref":"windows:SUPPORTED_Windows7"},"elements":{"items":[{"valueName":"daysofhourlyversions","minValue":0,"minValueSpecified":true,"maxValue":365,"maxValueSpecified":true,"inputType":"decimalTextBox","caption":"Dias atrás","id":"L_DaysOfHourlyVersionsNotToPruneAfterDaysBackSpinID"}]},"name":"L_DaysOfHourlyVersionsNotToPruneAfterDaysBack","displayName":"Dias de versões horárias que não devem ser removidas depois de Dias atrás","explainText":"Esta configuração de política permite definir o número de versões horárias que não devem ser removidas após Dias atrás.  Com um bloco de anotações no formato 2016, o OneNote armazenará automaticamente versões anteriores das páginas nesse bloco e também armazenará uma lixeira para todas as páginas e seções excluídas.\n\nSe você habilitar esta configuração de política, poderá especificar o número de dias para manter versões horárias após a configuração Dias atrás. Esse valor especifica o número de dias após \"DiasDeTodasAsVersões\" para manter informações de histórico de versões horárias.  Os usuários manterão uma versão por hora por esse número de dias após \"DiasDeTodasAsVersões\".\n\nSe você desabilitar ou não definir esta configuração de política, o OneNote manterá versões horárias pelos últimos 5 dias.","tags":["L_VersionsAndRecyleBin","L_OneNoteOptions","L_MicrosoftOfficeOneNote"],"application":"onent16","key":"software\\microsoft\\office\\16.0\\onenote\\options\\versions"},{"parentCategory":{"ref":"L_VersionsAndRecyleBin"},"supportedOn":{"ref":"windows:SUPPORTED_Windows7"},"elements":{"items":[{"valueName":"maxuniquedayversions","minValue":0,"minValueSpecified":true,"maxValue":365,"maxValueSpecified":true,"inputType":"decimalTextBox","caption":"Número máximo de versões","id":"L_MaximumNumberOfOncePerDayVersionHistoryItemsKeptSpinID"}]},"name":"L_MaximumNumberOfOncePerDayVersionHistoryItemsKept","displayName":"Número máximo de itens mantidos do histórico de versões uma vez por dia","explainText":"Esta configuração de política permite definir o número de itens de histórico uma vez por dia a serem mantidos para cada página.  Com um bloco de anotações no formato 2016, o OneNote armazenará automaticamente versões anteriores das páginas nesse bloco e também armazenará uma lixeira para todas as páginas e seções excluídas.\n\nSe você habilitar esta configuração de política, poderá definir o número de versões por dia a serem mantidas.  Se um valor de -1 for definido, o OneNote manterá todos os itens antigos do histórico de versões uma vez por dia.\n\nSe você desabilitar ou não definir esta configuração de política, o OneNote manterá uma página referente aos últimos 10 dias, todos os dias no passado.","tags":["L_VersionsAndRecyleBin","L_OneNoteOptions","L_MicrosoftOfficeOneNote"],"application":"onent16","key":"software\\microsoft\\office\\16.0\\onenote\\options\\versions"},{"parentCategory":{"ref":"L_VersionsAndRecyleBin"},"supportedOn":{"ref":"windows:SUPPORTED_Windows7"},"elements":{"items":[{"valueName":"deleteallversionsafter","minValue":0,"minValueSpecified":true,"maxValue":365,"maxValueSpecified":true,"inputType":"decimalTextBox","caption":"Dias atrás para manter versões","id":"L_DaysBackToKeepInVersionHistorySpinID"}]},"name":"L_DaysBackToKeepInVersionHistory","displayName":"Dias atrás para manter no histórico de versões","explainText":"Esta configuração de política permite definir o número de dias quando todos os itens do histórico de versões criados antes desse valor serão excluídos.  Com um bloco de anotações no formato 2016, o OneNote armazenará automaticamente versões anteriores das páginas nesse bloco e também armazenará uma lixeira para todas as páginas e seções excluídas.\n\nSe você habilitar esta configuração de política, poderá definir o número de dias atrás para excluir o histórico de versões.\n\nSe você desabilitar ou não definir esta configuração de política, o OneNote assumirá como padrão a preservação de versões anteriores por todos os dias no passado.  Esse é o valor padrão de -1.","tags":["L_VersionsAndRecyleBin","L_OneNoteOptions","L_MicrosoftOfficeOneNote"],"application":"onent16","key":"software\\microsoft\\office\\16.0\\onenote\\options\\versions"},{"parentCategory":{"ref":"L_VersionsAndRecyleBin"},"supportedOn":{"ref":"windows:SUPPORTED_Windows7"},"elements":{"items":[{"valueName":"daystokeeprecycleditems","minValue":0,"minValueSpecified":true,"maxValue":365,"maxValueSpecified":true,"inputType":"decimalTextBox","caption":"Dias atrás para manter itens na lixeira","id":"L_DaysBackToKeepItemsInRecycleBinSpinID"}]},"name":"L_DaysBackToKeepItemsInRecycleBin","displayName":"Dias atrás para manter itens na lixeira","explainText":"Esta configuração de política permite definir o número de dias antes dos quais todos os itens adicionados à Lixeira antes do valor serão excluídos quando o histórico de versões for removido.  Com um bloco de anotações no formato 2016, o OneNote armazenará automaticamente versões anteriores das páginas nesse bloco e também armazenará uma lixeira para todas as páginas e seções excluídas.\n\nSe você habilitar esta configuração de política, poderá definir o número de dias no passado para manter itens da lixeira.\n\nSe você não definir esta configuração de política, o OneNote usará o valor padrão de 60 dias no passado.","tags":["L_VersionsAndRecyleBin","L_OneNoteOptions","L_MicrosoftOfficeOneNote"],"application":"onent16","key":"software\\microsoft\\office\\16.0\\onenote\\options\\versions"},{"parentCategory":{"ref":"L_Other"},"supportedOn":{"ref":"windows:SUPPORTED_Windows7"},"elements":{"items":[{"valueName":"folderpollinterval","minValue":1,"minValueSpecified":true,"maxValue":3600,"maxValueSpecified":true,"inputType":"decimalTextBox","caption":"Intervalo para sondar o servidor (segundos)","id":"L_SetUNCIntervalToPollForChangesOnFileServersSpinID"}]},"name":"L_SetUNCIntervalToPollForChangesOnFileServers","displayName":"Definir intervalo UNC para sondar alterações em servidores de arquivos","explainText":"Essa configuração de política permite alterar o intervalo de sincronização no qual o OneNote sondará alterações no servidor. Quando o OneNote sincronizar um bloco de anotações em UNC, processo também conhecido como SMB ou compartilhamentos de arquivos do Windows, ele receberá notificações do servidor de arquivos e também sondará esse servidor em busca de novas atualizações.\n\nTornando o intervalo mais rápido, o OneNote sincronizará mais rápido, mas isso também poderá causar problemas de desempenho no servidor.\n\nSe você habilitar essa configuração de política, poderá especificar o número de segundos durante os quais o OneNote sondará.\n\nSe você desabilitar ou não definir essa configuração de política, o OneNote sondará automaticamente a cada 30 segundos.","tags":["L_Other","L_OneNoteOptions","L_MicrosoftOfficeOneNote"],"application":"onent16","key":"software\\microsoft\\office\\16.0\\onenote\\options\\save"},{"parentCategory":{"ref":"L_Other"},"supportedOn":{"ref":"windows:SUPPORTED_Windows7"},"enabledValue":{"decimal":{"value":0}},"disabledValue":{"decimal":{"value":1}},"name":"L_TurnOffOneNoteAutoLinkedNoteTaking","displayName":"Desativar anotação automaticamente vinculada do OneNote","explainText":"Essa configuração de política desativa o recurso de anotação automaticamente vinculada do OneNote, que permite fazer anotações\nem itens como páginas da Web, documentos do Word etc. O OneNote registrará automaticamente que páginas ou documentos você\nestava exibindo quando fez essa anotação.\n\nSe você habilitar essa configuração de política, o OneNote não irá vincular anotações automaticamente quando o usuário tentar\nativar esse recurso.\n\nSe você desabilitar ou não definir essa configuração de política, o OneNote vinculará anotações automaticamente quando o usuário\ntentar ativar esse recurso.","tags":["L_Other","L_OneNoteOptions","L_MicrosoftOfficeOneNote"],"application":"onent16","key":"software\\microsoft\\office\\16.0\\onenote\\options\\linkednotes","valueName":"autolink"},{"parentCategory":{"ref":"L_Other"},"supportedOn":{"ref":"windows:SUPPORTED_Windows7"},"enabledValue":{"decimal":{"value":1}},"disabledValue":{"decimal":{"value":0}},"name":"L_DisableOCR","displayName":"Desabilitar OCR","explainText":"Essa política desativa o recurso de reconhecimento óptico (OCR) do One Note. O recurso OCR permite que o OneNote examine automaticamente imagens para encontrar textos que serão exibidos nos resultados de pesquisa.","tags":["L_Other","L_OneNoteOptions","L_MicrosoftOfficeOneNote"],"application":"onent16","key":"software\\microsoft\\office\\16.0\\onenote\\options\\other","valueName":"disableocr"},{"parentCategory":{"ref":"L_Other"},"supportedOn":{"ref":"windows:SUPPORTED_Windows7"},"elements":{"items":[{"valueName":"blockedextensions","requiredSpecified":false,"expandableSpecified":false,"maxLength":2147483647,"maxLengthSpecified":false,"inputType":"textBox","caption":"","id":"L_empty12"}]},"name":"L_EmbeddedFilesBlockedExtensions","displayName":"Extensões Bloqueadas de Arquivos Inseridos","explainText":"Para desabilitar a capacidade dos usuários em sua empresa de abrir anexos de um tipo de arquivo específico de uma página do Microsoft OneNote, adicione as extensões que deseja desabilitar usando o formato: \".ext1;.ext2;\" Para desabilitar a abertura de qualquer anexo de uma página do OneNote, consulte a política Desabilitar arquivos inseridos. Não é possível bloquear gravações de áudio e vídeo inseridos (WMA & WMV) com esta política. Para isto, consulte a política Desabilitar arquivos inseridos.","tags":["L_Other","L_OneNoteOptions","L_MicrosoftOfficeOneNote"],"application":"onent16","key":"software\\microsoft\\office\\16.0\\onenote\\options\\embeddedfileopenoptions"},{"parentCategory":{"ref":"L_Other"},"supportedOn":{"ref":"windows:SUPPORTED_Windows7"},"elements":{"items":[{"valueName":"addnotebooks","requiredSpecified":false,"expandableSpecified":false,"maxLength":2147483647,"maxLengthSpecified":false,"inputType":"textBox","caption":"","id":"L_empty13"}]},"name":"L_Loadanotebookonfirstboot","displayName":"Carregar um bloco de anotações na primeira inicialização","explainText":"Indica uma pasta contendo um bloco de anotações que deve ser carregado na primeira inicialização.","tags":["L_Other","L_OneNoteOptions","L_MicrosoftOfficeOneNote"],"application":"onent16","key":"software\\microsoft\\office\\16.0\\onenote\\options\\other"},{"parentCategory":{"ref":"L_Other"},"supportedOn":{"ref":"windows:SUPPORTED_Windows7"},"enabledValue":{"decimal":{"value":1}},"disabledValue":{"decimal":{"value":0}},"name":"L_Disableembeddedfiles","displayName":"Desabilitar arquivos inseridos","explainText":"Para desabilitar a capacidade de inserir arquivos em uma página do OneNote, para que não seja possível transmitir arquivos que não sejam capturados por software antivírus etc. Observação: essa política somente limitará arquivos inseridos na Interface do Usuário do OneNote se uma página contiver um arquivo inserido que o OneNote ainda sincronizará e replicará os arquivos inseridos no sistema de arquivos.","tags":["L_Other","L_OneNoteOptions","L_MicrosoftOfficeOneNote"],"application":"onent16","key":"software\\microsoft\\office\\16.0\\onenote\\options","valueName":"disableembeddedfiles"},{"parentCategory":{"ref":"L_Other"},"supportedOn":{"ref":"windows:SUPPORTED_Windows7"},"enabledValue":{"decimal":{"value":1}},"disabledValue":{"decimal":{"value":0}},"name":"L_DisableOneNotescreenclippingnotifications","displayName":"Desabilita as notificações de recorte de tela do OneNote","explainText":"Desativa todas as notificações de recorte de tela do OneNote.","tags":["L_Other","L_OneNoteOptions","L_MicrosoftOfficeOneNote"],"application":"onent16","key":"software\\microsoft\\office\\16.0\\onenote\\options\\other","valueName":"disablescreenclippingballoon"},{"parentCategory":{"ref":"L_Other"},"supportedOn":{"ref":"windows:SUPPORTED_Windows7"},"enabledValue":{"decimal":{"value":1}},"disabledValue":{"decimal":{"value":0}},"name":"L_DisableOneNoteScreenClippings","displayName":"Desabilitar Recortes de Tela do OneNote","explainText":"Desabilita o recurso de recorte de tela no OneNote.","tags":["L_Other","L_OneNoteOptions","L_MicrosoftOfficeOneNote"],"application":"onent16","key":"software\\microsoft\\office\\16.0\\onenote\\options\\other","valueName":"disablescreenclippings"},{"parentCategory":{"ref":"L_Other"},"supportedOn":{"ref":"windows:SUPPORTED_Windows7"},"elements":{"items":[{"valueName":"inaccessibleserverdaysbeforewarn","minValue":0,"minValueSpecified":true,"maxValue":30,"maxValueSpecified":true,"inputType":"decimalTextBox","id":"L_empty14"}]},"name":"L_Numberofdaysbeforewarningthatserveris","displayName":"Número de dias antes do aviso de que o servidor está inacessível","explainText":"Defina o número de dias de espera, antes que o OneNote avise que o servidor está inacessível e solicite um novo local para os arquivos afetados.","tags":["L_Other","L_OneNoteOptions","L_MicrosoftOfficeOneNote"],"application":"onent16","key":"software\\microsoft\\office\\16.0\\onenote\\options\\synchronization"},{"parentCategory":{"ref":"L_Other"},"supportedOn":{"ref":"windows:SUPPORTED_Windows7"},"elements":{"items":[{"valueName":"sharepointsyncinterval","minValue":10,"minValueSpecified":true,"maxValue":604800,"maxValueSpecified":true,"inputType":"decimalTextBox","id":"L_empty15"}]},"name":"L_SharePointsyncinterval","displayName":"Intervalo de sincronização do SharePoint para  blocos de anotações armazenados no SharePoint","explainText":"Limita o número de vezes que o OneNote sonda um site do SharePoint para alterações em uma seção. Insira o intervalo de sincronização em segundos.","tags":["L_Other","L_OneNoteOptions","L_MicrosoftOfficeOneNote"],"application":"onent16","key":"software\\microsoft\\office\\16.0\\onenote\\options\\save"},{"parentCategory":{"ref":"L_Other"},"supportedOn":{"ref":"windows:SUPPORTED_Windows7"},"elements":{"items":[{"valueName":"sharepointbackgroundsyncintervalmultiplier","minValue":1,"minValueSpecified":true,"maxValue":10,"maxValueSpecified":true,"inputType":"decimalTextBox","id":"L_empty16"}]},"name":"L_SharePointbackgroundsyncintervalmultiplier","displayName":"Multiplicador de intervalo de sincronização em segundo plano de blocos de anotações armazenados no Microsoft Office SharePoint Online","explainText":"Esta configuração de política permite aumentar o intervalo entre pesquisas em segundo plano de alterações em blocos de anotações em um site do Microsoft Office SharePoint Online.\n\nSe você habilitar esta configuração de política, o OneNote pesquisará alterações em blocos de anotações no Microsoft Office SharePoint Online com menos frequência. Os intervalos são multiplicados pelo valor inserido, um valor inteiro positivo de 1 a 10. Intervalos maiores terão uma sincronização de seção lenta, mas reduzirão a carga do servidor.\n\nSe você desabilitar ou não definir esta configuração de política, o OneNote sincronizará os blocos de anotações na frequência padrão (valor multiplicador de 1).\n\nObservação: esta configuração de política aplica-se somente às versões de licença de volume do Office 2016 que usam o Windows Installer (MSI), como o Office Professional Plus 2016 e o Office Standard 2016.","tags":["L_Other","L_OneNoteOptions","L_MicrosoftOfficeOneNote"],"application":"onent16","key":"software\\microsoft\\office\\16.0\\onenote\\options\\save"},{"parentCategory":{"ref":"L_Other"},"supportedOn":{"ref":"windows:SUPPORTED_Windows7"},"elements":{"items":[{"valueName":"sharepointlivesyncintervalmultiplier","minValue":1,"minValueSpecified":true,"maxValue":10,"maxValueSpecified":true,"inputType":"decimalTextBox","id":"L_empty17"}]},"name":"L_SharePointlivesyncintervalmultiplier","displayName":"Multiplicador de intervalo de sincronização em primeiro plano da seção exibida no momento armazenada no Microsoft Office SharePoint Online","explainText":"Esta configuração de política permite aumentar o intervalo entre pesquisas em primeiro plano de alterações na seção exibida no momento em um site do Microsoft Office SharePoint Online.\n\nSe você habilitar esta configuração de política, o OneNote pesquisará alterações na seção exibida no momento no Microsoft Office SharePoint Online com menos frequência. Os intervalos são multiplicados pelo valor inserido, um valor inteiro positivo de 1 a 10. Intervalos maiores terão uma sincronização de seção lenta, mas reduzirão a carga do servidor.\n\nSe você desabilitar ou não definir esta configuração de política, o OneNote sincronizará a seção exibida no momento na frequência padrão (valor multiplicador de 1).\n\nObservação: esta configuração de política aplica-se somente às versões de licença de volume do Office 2016 que usam o Windows Installer (MSI), como o Office Professional Plus 2016 e o Office Standard 2016.","tags":["L_Other","L_OneNoteOptions","L_MicrosoftOfficeOneNote"],"application":"onent16","key":"software\\microsoft\\office\\16.0\\onenote\\options\\save"},{"parentCategory":{"ref":"L_Other"},"supportedOn":{"ref":"windows:SUPPORTED_Windows7"},"elements":{"items":[{"valueName":"sharepointpresenceintervalmultiplier","minValue":1,"minValueSpecified":true,"maxValue":10,"maxValueSpecified":true,"inputType":"decimalTextBox","id":"L_empty18"}]},"name":"L_SharePointpresenceintervalmultiplier","displayName":"Multiplicador de intervalo de sincronização de presença de blocos de anotações armazenados no Microsoft Office SharePoint Online","explainText":"Esta configuração de política permite aumentar o intervalo entre as pesquisas para determinar os usuários ativos dos blocos de anotações do Microsoft Office SharePoint Online. O OneNote sincronizará os blocos de anotações a uma frequência mais rápida quando os outros usuários estiverem interagindo com blocos de anotações.\n\nSe você habilitar esta configuração de política, o OneNote pesquisará o Microsoft Office SharePoint Online com menos frequência para determinar se há outros usuários interagindo no momento com blocos de anotações. Os intervalos são multiplicados pelo valor inserido, um valor inteiro positivo de 1 a 10. Intervalos maiores diminuirão a velocidade de detecção de usuários simultâneos em blocos de anotações, mas reduzirão a carga do servidor.\n\nSe você desabilitar ou não definir esta configuração de política, o OneNote pesquisará os usuários ativos dos blocos de anotações na frequência padrão (valor multiplicador de 1).\n\nObservação: esta configuração de política aplica-se somente às versões de licença de volume do Office 2016 que usam o Windows Installer (MSI), como o Office Professional Plus 2016 e o Office Standard 2016.","tags":["L_Other","L_OneNoteOptions","L_MicrosoftOfficeOneNote"],"application":"onent16","key":"software\\microsoft\\office\\16.0\\onenote\\options\\save"},{"parentCategory":{"ref":"L_Other"},"supportedOn":{"ref":"windows:SUPPORTED_Windows7"},"elements":{"items":[{"item":[{"value":{"decimal":{"value":0}},"displayName":"Polegadas"},{"value":{"decimal":{"value":1}},"displayName":"Centímetro"},{"value":{"decimal":{"value":2}},"displayName":"Milímetro"},{"value":{"decimal":{"value":3}},"displayName":"Ponto"},{"value":{"decimal":{"value":4}},"displayName":"Paica"}],"valueName":"measurementunit","inputType":"dropdownList","caption":"Especificar a unidade de medida padrão:","id":"L_Specifydefaultunitofmeasurement"}]},"name":"L_DefaultunitofmeasurementusedinOneNote","displayName":"Unidade de medida padrão usada no OneNote","explainText":"Define o valor na opção ''Unidades de medida''.","tags":["L_Other","L_OneNoteOptions","L_MicrosoftOfficeOneNote"],"application":"onent16","key":"software\\microsoft\\office\\16.0\\onenote\\options\\other"},{"parentCategory":{"ref":"L_Other"},"supportedOn":{"ref":"windows:SUPPORTED_Windows7"},"enabledValue":{"decimal":{"value":1}},"disabledValue":{"decimal":{"value":0}},"name":"L_AddOneNoteicontonotificationarea","displayName":"Adicionar ícone do OneNote na área de notificação","explainText":"Marca/Desmarca a opção ''Colocar o ícone do OneNote na área de notificação da barra de tarefas''.","tags":["L_Other","L_OneNoteOptions","L_MicrosoftOfficeOneNote"],"application":"onent16","key":"software\\microsoft\\office\\16.0\\onenote\\options\\other","valueName":"runsystemtrayapp"},{"parentCategory":{"ref":"L_Other"},"supportedOn":{"ref":"windows:SUPPORTED_Windows7"},"enabledValue":{"decimal":{"value":0}},"disabledValue":{"decimal":{"value":1}},"name":"L_NotebookPresence","displayName":"Presença de Bloco de Anotações","explainText":"Essa configuração de política habilita ou desabilita o recurso Presença em Bloco de Anotações no OneNote, que faz a difusão da presença do usuário em um bloco de anotações e habilita a sincronização em tempo real para usuários que estão editando a mesma página. Observação: qualquer mudança nessa política só entrará em vigor depois que o OneNote for reiniciado.\n\nSe você habilitar ou não definir essa configuração de política, os usuários serão notificados quando estiverem editando a mesma página que outro usuário em um bloco de anotações. O OneNote também entra em sincronização em tempo real quando descobre que há vários usuários editando a mesma página. \n\nSe você desabilitar essa configuração de política, os usuários não serão notificados quando estiverem editando a mesma página que outro usuário em um bloco de anotações. O OneNote não entra em sincronização em tempo real quando vários usuários estão editando a mesma página.","tags":["L_Other","L_OneNoteOptions","L_MicrosoftOfficeOneNote"],"application":"onent16","key":"software\\microsoft\\office\\16.0\\onenote\\options","valueName":"disablepresence"},{"parentCategory":{"ref":"L_Other"},"supportedOn":{"ref":"windows:SUPPORTED_Windows7"},"elements":{"items":[{"valueName":"insertedfilesdisallowembeddingsizethreshold","minValue":10485760,"minValueSpecified":true,"maxValue":2147483648,"maxValueSpecified":true,"inputType":"decimalTextBox","id":"L_EmbeddedFileSizeLimit"}]},"name":"L_SpecifyEmbeddedFileSizeLimit","displayName":"Limite de Tamanho de Arquivo Incorporado","explainText":"Esta configuração de política permite especificar o tamanho máximo do arquivo incorporado que os usuários podem inserir diretamente em um bloco de anotações do OneNote em um servidor do SharePoint.\n \nSe você habilitar essa configuração de diretiva, poderá aumentar ou diminuir o tamanho de arquivo máximo padrão de 50 MB. \n\nSe aumentar esse valor, os usuários poderão inserir arquivos maiores diretamente no bloco de anotações, mas isso poderá prejudicar o desempenho do servidor. \n\nSe você diminuir esse valor, os usuários poderão inserir apenas arquivos menores diretamente no bloco de anotações, o que pode melhorar o desempenho do servidor se o OneNote sync estiver gerando muito tráfego.\n\nSe você desabilitar ou não configurar esta política, os usuários não poderão inserir um arquivo com mais de 50 MB, inserido em um bloco de anotações do OneNote. Em vez disso, o arquivo é carregado em uma pasta do SharePoint e inserido como um hiperlink no bloco de anotações.","tags":["L_Other","L_OneNoteOptions","L_MicrosoftOfficeOneNote"],"application":"onent16","key":"software\\microsoft\\office\\16.0\\onenote\\general"},{"parentCategory":{"ref":"L_Advanced"},"supportedOn":{"ref":"windows:SUPPORTED_Windows7"},"enabledList":[{"value":{"string":"true"},"valueName":"Microsoft.Office.UXPlatform.FluentSVRefresh"},{"value":{"string":"true"},"valueName":"Microsoft.Office.UXPlatform.RibbonTouchOptimization"},{"value":{"string":"true"},"valueName":"Microsoft.Office.UXPlatform.FluentSVRibbonOptionsMenu"}],"disabledList":[{"value":{"string":"false"},"valueName":"Microsoft.Office.UXPlatform.FluentSVRefresh"},{"value":{"string":"false"},"valueName":"Microsoft.Office.UXPlatform.RibbonTouchOptimization"},{"value":{"string":"false"},"valueName":"Microsoft.Office.UXPlatform.FluentSVRibbonOptionsMenu"}],"name":"L_onenoteVisualRefresh","displayName":"Configurações de atualização visual","explainText":"Ativar ou desativar a atualização visual. pode não funcionar para algumas versões do Office.\n\nDados fornecidos pelo Office Tool Plus.","tags":["L_Advanced"],"application":"onent16","key":"Software\\Microsoft\\Office\\16.0\\Common\\ExperimentConfigs\\ExternalFeatureOverrides\\onenote"}]}