{"categories":[{"name":"L_MicrosoftVisio","displayName":"Microsoft Visio 2016"},{"parentCategory":{"ref":"L_MicrosoftVisio"},"name":"L_VisioOptions","displayName":"Opções do Visio"},{"parentCategory":{"ref":"L_VisioOptions"},"name":"L_General","displayName":"Geral"},{"parentCategory":{"ref":"L_General"},"name":"L_UserInterfaceOptions","displayName":"Opções da Interface do Usuário"},{"parentCategory":{"ref":"L_VisioOptions"},"name":"L_Save","displayName":"Salvar"},{"parentCategory":{"ref":"L_Save"},"name":"L_OfflineEditing","displayName":"Edição Offline"},{"parentCategory":{"ref":"L_Save"},"name":"L_SaveDocuments","displayName":"Salvar Documentos"},{"parentCategory":{"ref":"L_VisioOptions"},"name":"L_Proofing","displayName":"Revisão de Texto"},{"parentCategory":{"ref":"L_Proofing"},"name":"L_AutoCorrectOptions","displayName":"Opções de AutoCorreção"},{"parentCategory":{"ref":"L_VisioOptions"},"name":"L_OptionsCustomizeRibbon","displayName":"Personalizar Faixa de Opções"},{"parentCategory":{"ref":"L_VisioOptions"},"name":"L_Security","displayName":"Segurança"},{"parentCategory":{"ref":"L_Security"},"name":"L_TrustCenter","displayName":"Central de Confiabilidade"},{"parentCategory":{"ref":"L_TrustCenter"},"name":"L_FileBlockSettings","displayName":"Configurações de Bloqueio de Arquivo"},{"parentCategory":{"ref":"L_Security"},"name":"L_MacroSecurity","displayName":"Segurança de Macro"},{"parentCategory":{"ref":"L_VisioOptions"},"name":"L_Advanced","displayName":"Avançado"},{"parentCategory":{"ref":"L_Advanced"},"name":"L_FileLocations","displayName":"Locais de Arquivos"},{"parentCategory":{"ref":"L_Advanced"},"name":"L_Display","displayName":"Exibir"},{"parentCategory":{"ref":"L_Advanced"},"name":"L_EditingOptions","displayName":"Opções de Edição"},{"parentCategory":{"ref":"L_Advanced"},"name":"L_SaveOpen","displayName":"Salvar/Abrir"},{"parentCategory":{"ref":"L_Advanced"},"name":"L_ShapeSearch","displayName":"Pesquisa de Formas"},{"parentCategory":{"ref":"L_Advanced"},"name":"L_GeneralOptions","displayName":"Opções Gerais"},{"parentCategory":{"ref":"L_MicrosoftVisio"},"name":"L_Customizableerrormessages","displayName":"Mensagens de Erro Personalizáveis"},{"parentCategory":{"ref":"L_MicrosoftVisio"},"name":"L_Disableitemsinuserinterface","displayName":"Desabilitar Itens na Interface do Usuário"},{"parentCategory":{"ref":"L_Disableitemsinuserinterface"},"name":"L_Custom","displayName":"Personalizado"},{"parentCategory":{"ref":"L_MicrosoftVisio"},"name":"L_Miscellaneous","displayName":"Diversos"}],"policies":[{"parentCategory":{"ref":"L_Display"},"supportedOn":{"ref":"windows:SUPPORTED_Windows7"},"enabledValue":{"string":"0"},"disabledValue":{"string":"1"},"name":"L_PreventShowingNewScreenOnLaunch","displayName":"Impedir a exibição da tela Novo na inicialização","explainText":"Essa configuração de política permite impedir que a tela Novo apareça na inicialização do Visio.\n\nSe você habilitar essa configuração de política, a tela Novo não aparecerá na inicialização.\n\nSe você desabilitar ou não definir essa configuração de política, a tela Novo, incluindo um catálogo de modelos, será exibida quando\nvocê abrir o Visio.","tags":["L_Display","L_Advanced","L_VisioOptions","L_MicrosoftVisio"],"application":"visio16","key":"software\\microsoft\\office\\16.0\\visio\\application","valueName":"showtemplatepanebydefault"},{"parentCategory":{"ref":"L_Display"},"supportedOn":{"ref":"windows:SUPPORTED_Windows7"},"enabledValue":{"string":"1"},"disabledValue":{"string":"0"},"name":"L_SmartTags","displayName":"Ações","explainText":"Mostra ações adicionais se elas forem focalizadas no desenho.","tags":["L_Display","L_Advanced","L_VisioOptions","L_MicrosoftVisio"],"application":"visio16","key":"software\\microsoft\\office\\16.0\\visio\\application","valueName":"showsmarttags"},{"parentCategory":{"ref":"L_Display"},"supportedOn":{"ref":"windows:SUPPORTED_Windows7"},"enabledValue":{"string":"1"},"disabledValue":{"string":"0"},"name":"L_StencilwindowScreenTips","displayName":"Dicas de Tela da janela de estêncil","explainText":"Especifica se Dicas de Tela (Dicas de Tela: dicas que aparecem quando você pausa o ponteiro sobre certos elementos no programa Visio, incluindo: mestres em estênceis, botões de barras de ferramentas e a régua.) são exibidas no Visio para ajudá-lo a identificar formas na janela de estêncil.","tags":["L_Display","L_Advanced","L_VisioOptions","L_MicrosoftVisio"],"application":"visio16","key":"software\\microsoft\\office\\16.0\\visio\\application","valueName":"tipsstencil"},{"parentCategory":{"ref":"L_Display"},"supportedOn":{"ref":"windows:SUPPORTED_Windows7"},"elements":{"items":[{"item":[{"value":{"string":"51"},"displayName":"Paicas"},{"value":{"string":"50"},"displayName":"Pontos"},{"value":{"string":"54"},"displayName":"Ciceros"},{"value":{"string":"53"},"displayName":"Didots"}],"valueName":"measurementsystem_text","inputType":"dropdownList","caption":"Texto","id":"L_text7"}]},"name":"L_Text","displayName":"Texto","explainText":"Especifica a unidade de medida para recuos, espaçamento entre linhas e outras medidas de texto. A unidade padrão para o tamanho do tipo é pontos (1 ponto = 1/72 pol.). Você pode inserir o tamanho do tipo em outra unidade de medida (por exemplo, 1 pé ou 12 pol.), mas não pode alterar o padrão.","tags":["L_Display","L_Advanced","L_VisioOptions","L_MicrosoftVisio"],"application":"visio16","key":"software\\microsoft\\office\\16.0\\visio\\document"},{"parentCategory":{"ref":"L_Display"},"supportedOn":{"ref":"windows:SUPPORTED_Windows7"},"elements":{"items":[{"item":[{"value":{"string":"81"},"displayName":"Graus"},{"value":{"string":"82"},"displayName":"Grau-Min-S"},{"value":{"string":"84"},"displayName":"Min-S"},{"value":{"string":"85"},"displayName":"Segundos"},{"value":{"string":"83"},"displayName":"Radianos"}],"valueName":"measurementsystem_angle","inputType":"dropdownList","caption":"Ângulo","id":"L_angle8"}]},"name":"L_Angle","displayName":"Ângulo","explainText":"Especifica a unidade de medida do ângulo de rotação.","tags":["L_Display","L_Advanced","L_VisioOptions","L_MicrosoftVisio"],"application":"visio16","key":"software\\microsoft\\office\\16.0\\visio\\document"},{"parentCategory":{"ref":"L_Display"},"supportedOn":{"ref":"windows:SUPPORTED_Windows7"},"elements":{"items":[{"item":[{"value":{"string":"43"},"displayName":"Semanas"},{"value":{"string":"44"},"displayName":"Dias"},{"value":{"string":"45"},"displayName":"Horas"},{"value":{"string":"46"},"displayName":"Minutos"},{"value":{"string":"47"},"displayName":"Segundos"}],"valueName":"measurementsystem_duration","inputType":"dropdownList","caption":"Duração","id":"L_duration9"}]},"name":"L_Duration","displayName":"Duração","explainText":"Especifica a unidade de medida para duração, que é o tempo decorrido comparado com uma data específica ou com uma determinada hora.","tags":["L_Display","L_Advanced","L_VisioOptions","L_MicrosoftVisio"],"application":"visio16","key":"software\\microsoft\\office\\16.0\\visio\\document"},{"parentCategory":{"ref":"L_Display"},"supportedOn":{"ref":"windows:SUPPORTED_Windows7"},"enabledValue":{"string":"1"},"disabledValue":{"string":"0"},"name":"L_AlwaysofferMetricandUSunitsfornewblankdrawings","displayName":"Sempre oferecer unidades métricas e americanas para desenhos e estênceis novos e em branco","explainText":"Essa configuração de política permitirá a exibição de unidades métricas e unidades americanas quando você criar um novo estêncil ou desenho em branco.\n\nSe você habilitar essa configuração de política, unidades métricas e americanas serão exibidas como opções antes da criação de um novo estêncil ou desenho em branco. Esses desenhos são abertos com as réguas e a configuração de página adequadas e usam as unidades apropriadas para as ferramentas de desenho. Porém, isso não instala os modelos e os estênceis em nenhum desses tipos de unidades. Essa configuração de política sempre é habilitada quando a guia Desenvolvedor está ativada.\n\nSe você desabilitar ou não definir essa configuração de política, não será exibida uma opção para escolher uma das unidades durante a criação de um desenho ou estêncil em branco se apenas modelos e estênceis de apenas um tipo de unidade forem instalados.","tags":["L_Display","L_Advanced","L_VisioOptions","L_MicrosoftVisio"],"application":"visio16","key":"software\\microsoft\\office\\16.0\\visio\\application","valueName":"offermetricandus"},{"parentCategory":{"ref":"L_UserInterfaceOptions"},"supportedOn":{"ref":"windows:SUPPORTED_Windows7"},"enabledValue":{"string":"0"},"disabledValue":{"string":"1"},"name":"L_DoNotShowMiniToolbarOnSelectionOfText","displayName":"Não mostrar Minibarra de Ferramentas ao selecionar texto","explainText":"Essa configuração de política permite definir a Minibarra de Ferramentas na seleção de texto.\n\nSe você habilitar essa configuração de política, a Minibarra de Ferramentas não será exibida na seleção.\n\nSe você desabilitar ou não definir essa configuração de política, a Minibarra de Ferramentas será exibida na seleção.","tags":["L_UserInterfaceOptions","L_General","L_VisioOptions","L_MicrosoftVisio"],"application":"visio16","key":"software\\microsoft\\office\\16.0\\visio\\application","valueName":"showminitoolbar"},{"parentCategory":{"ref":"L_UserInterfaceOptions"},"supportedOn":{"ref":"windows:SUPPORTED_Windows7"},"enabledValue":{"string":"0"},"disabledValue":{"string":"1"},"name":"L_TurnOffLivePreview","displayName":"Desativar Visualização Dinâmica","explainText":"Essa configuração de política permite definir a Visualização Dinâmica, que mostra uma visualização de como um recurso afeta o\ndocumento à medida que você passa o mouse sobre diferentes opções.\n\nSe você habilitar essa configuração de política, a Visualização Dinâmica será desativada.\n\nSe você desabilitar ou não definir essa configuração de política, a Visualização Dinâmica será ativada.","tags":["L_UserInterfaceOptions","L_General","L_VisioOptions","L_MicrosoftVisio"],"application":"visio16","key":"software\\microsoft\\office\\16.0\\visio\\application","valueName":"livepreview"},{"parentCategory":{"ref":"L_UserInterfaceOptions"},"supportedOn":{"ref":"windows:SUPPORTED_Windows7"},"enabledValue":{"string":"0"},"disabledValue":{"string":"1"},"name":"L_TurnOffLivePreviewInTheShapesWindow","displayName":"Desativar Visualização Dinâmica na janela Formas","explainText":"Essa configuração de política desativa o recurso Visualização Dinâmica na janela Formas, que mostra formas na janela Formas com\nos detalhes e a intensidade de cores que elas terão em um desenho, incluindo cores e efeitos de temas.\n\nSe você habilitar essa configuração de política, a Visualização Dinâmica na janela Formas será desativada.\n\nSe você desabilitar ou não definir essa configuração de política, a Visualização Dinâmica na janela Formas será ativada.","tags":["L_UserInterfaceOptions","L_General","L_VisioOptions","L_MicrosoftVisio"],"application":"visio16","key":"software\\microsoft\\office\\16.0\\visio\\application","valueName":"livepreviewmasters"},{"parentCategory":{"ref":"L_EditingOptions"},"supportedOn":{"ref":"windows:SUPPORTED_Windows7"},"enabledValue":{"string":"1"},"disabledValue":{"string":"0"},"name":"L_ZoomonrollwithIntelliMouse","displayName":"Aplicar zoom ao rolar com o IntelliMouse","explainText":"Se essa opção for selecionada, você poderá ampliar ou reduzir um desenho rolando a roda do Microsoft Intellimouse","tags":["L_EditingOptions","L_Advanced","L_VisioOptions","L_MicrosoftVisio"],"application":"visio16","key":"software\\microsoft\\office\\16.0\\visio\\application","valueName":"zoomonroll"},{"parentCategory":{"ref":"L_EditingOptions"},"supportedOn":{"ref":"windows:SUPPORTED_Windows7"},"enabledValue":{"string":"1"},"disabledValue":{"string":"0"},"name":"L_Centerselectiononzoom","displayName":"Centralizar a seleção ao usar zoom","explainText":"Quando você amplia, especifica que qualquer forma selecionada aparecerá no centro da janela.","tags":["L_EditingOptions","L_Advanced","L_VisioOptions","L_MicrosoftVisio"],"application":"visio16","key":"software\\microsoft\\office\\16.0\\visio\\application","valueName":"zoommode"},{"parentCategory":{"ref":"L_EditingOptions"},"supportedOn":{"ref":"windows:SUPPORTED_Windows7"},"enabledValue":{"string":"1"},"disabledValue":{"string":"0"},"name":"L_Selectshapespartiallywithinarea","displayName":"Selecionar formas parcialmente na área","explainText":"Se você selecionar formas com uma rede de seleção (arrastando uma caixa ao redor das formas na página de desenho), poderá alterar as configurações da seleção de forma a incluir também as formas que estão parcialmente dentro da rede de seleção.","tags":["L_EditingOptions","L_Advanced","L_VisioOptions","L_MicrosoftVisio"],"application":"visio16","key":"software\\microsoft\\office\\16.0\\visio\\application","valueName":"areaselection"},{"parentCategory":{"ref":"L_EditingOptions"},"supportedOn":{"ref":"windows:SUPPORTED_Windows7"},"enabledValue":{"string":"1"},"disabledValue":{"string":"0"},"name":"L_Enablelivedynamics","displayName":"Habilitar dinâmica ao vivo","explainText":"Ao redimensionar ou girar uma forma, é possível visualizá-la enquanto está sendo transformada, em vez de visualizar somente a caixa delimitadora até que a ação seja concluída","tags":["L_EditingOptions","L_Advanced","L_VisioOptions","L_MicrosoftVisio"],"application":"visio16","key":"software\\microsoft\\office\\16.0\\visio\\application","valueName":"livemousedynamics"},{"parentCategory":{"ref":"L_EditingOptions"},"supportedOn":{"ref":"windows:SUPPORTED_Windows7"},"enabledValue":{"string":"1"},"disabledValue":{"string":"0"},"name":"L_Enalbeconnectorsplitting","displayName":"Habilitar divisão de conector","explainText":"Quando você coloca uma forma na linha de um conector, este último é dividido, e cada uma das partes se torna um conector separado colado à forma. Não são todos os tipos de desenho que suportam divisão de conector.","tags":["L_EditingOptions","L_Advanced","L_VisioOptions","L_MicrosoftVisio"],"application":"visio16","key":"software\\microsoft\\office\\16.0\\visio\\application","valueName":"allowshapesplitting"},{"parentCategory":{"ref":"L_EditingOptions"},"supportedOn":{"ref":"windows:SUPPORTED_Windows7"},"enabledValue":{"string":"1"},"disabledValue":{"string":"0"},"name":"L_EnableAutoConnect","displayName":"Habilitar Conexão Automática","explainText":"Define o valor na opção correspondente da interface do usuário.","tags":["L_EditingOptions","L_Advanced","L_VisioOptions","L_MicrosoftVisio"],"application":"visio16","key":"software\\microsoft\\office\\16.0\\visio\\application","valueName":"enableautoconnect"},{"parentCategory":{"ref":"L_EditingOptions"},"supportedOn":{"ref":"windows:SUPPORTED_Windows7"},"enabledValue":{"string":"0"},"disabledValue":{"string":"1"},"name":"L_ShowMoreHandles","displayName":"Mostrar mais alças em foco","explainText":"Essa configuração de política permite mostrar mais alças de forma ao passar o mouse sobre uma forma selecionada.\n\nSe você habilitar essa configuração de política, mais alças de forma serão exibidas após um breve atraso.\n\nSe você desabilitar ou não definir essa configuração de política, mais alças de forma não serão exibidas.\n","tags":["L_EditingOptions","L_Advanced","L_VisioOptions","L_MicrosoftVisio"],"application":"visio16","key":"software\\microsoft\\office\\16.0\\visio\\application","valueName":"handlebehavior"},{"parentCategory":{"ref":"L_SaveDocuments"},"supportedOn":{"ref":"windows:SUPPORTED_Windows7"},"enabledValue":{"string":"1"},"disabledValue":{"string":"0"},"name":"L_Promptfordocumentpropertiesonfirstsave","displayName":"Solicitar propriedades do documento ao salvá-lo pela primeira vez","explainText":"Indica se a caixa de diálogo Propriedades é aberta quando um arquivo é salvo pela primeira vez. As propriedades do arquivo incluem o nome do autor e informações como o status do arquivo, configurações de visualização e outras propriedades.","tags":["L_SaveDocuments","L_Save","L_VisioOptions","L_MicrosoftVisio"],"application":"visio16","key":"software\\microsoft\\office\\16.0\\visio\\application","valueName":"promptforsummaryinfo"},{"parentCategory":{"ref":"L_SaveOpen"},"supportedOn":{"ref":"windows:SUPPORTED_Windows7"},"elements":{"items":[{"item":[{"value":{"string":"0"},"displayName":"Deixar o Visio escolher o idioma"},{"value":{"string":"1"},"displayName":"Solicitar idioma"},{"value":{"string":"2"},"displayName":"Usar o seguinte idioma"}],"valueName":"fileconversionmode","inputType":"dropdownList","caption":"Idioma para conversão de arquivo","id":"L_languageforfileconversion5"},{"valueName":"fileconversionlanguage","requiredSpecified":false,"expandableSpecified":false,"maxLength":2147483647,"maxLengthSpecified":false,"inputType":"textBox","caption":"Usar idioma:","id":"L_Uselanguage"}]},"name":"L_languageforfileconversion4","displayName":"Idioma para conversão de arquivo","explainText":"Essa configuração de política especifica como o Visio determina o idioma a ser usado ao converter de ou para uma versão anterior do\nVisio.\n\nSe você habilitar essa configuração de política, poderá selecionar uma destas opções:\n\n- Deixar o Visio escolher o idioma\n- Solicitar idioma\n- Usar o seguinte idioma: é necessário especificar a LCID (ID de Localidade da Microsoft) numérica para esse idioma.\n\nSe você desabilitar ou não definir essa configuração de política, o Visio decidirá que idioma usar.","tags":["L_SaveOpen","L_Advanced","L_VisioOptions","L_MicrosoftVisio"],"application":"visio16","key":"software\\microsoft\\office\\16.0\\visio\\application"},{"parentCategory":{"ref":"L_SaveOpen"},"supportedOn":{"ref":"windows:SUPPORTED_Windows7"},"enabledValue":{"string":"1"},"disabledValue":{"string":"0"},"name":"L_Showfilesavewarnings","displayName":"Mostrar avisos de salvamento de arquivo","explainText":"Indica se uma mensagem de aviso é exibida quando você salva arquivos que contêm erros, como código XML inválido.","tags":["L_SaveOpen","L_Advanced","L_VisioOptions","L_MicrosoftVisio"],"application":"visio16","key":"software\\microsoft\\office\\16.0\\visio\\application","valueName":"showxmlsavewarnings"},{"parentCategory":{"ref":"L_SaveOpen"},"supportedOn":{"ref":"windows:SUPPORTED_Windows7"},"enabledValue":{"string":"1"},"disabledValue":{"string":"0"},"name":"L_Showfileopenwarnings","displayName":"Mostrar avisos de abertura de arquivo","explainText":"Indica se uma mensagem de aviso é exibida quando você abre arquivos que contêm erros, como código XML inválido.","tags":["L_SaveOpen","L_Advanced","L_VisioOptions","L_MicrosoftVisio"],"application":"visio16","key":"software\\microsoft\\office\\16.0\\visio\\application","valueName":"showxmlopenwarnings"},{"parentCategory":{"ref":"L_OptionsCustomizeRibbon"},"supportedOn":{"ref":"windows:SUPPORTED_Windows7"},"enabledValue":{"decimal":{"value":1}},"disabledValue":{"decimal":{"value":0}},"name":"L_DisplayDeveloperTab","displayName":"Exibir guia Desenvolvedor na Faixa de Opções","explainText":"Essa configuração de política controla se a guia Desenvolvedor será exibida na Faixa de Opções.\n\nSe você habilitar essa configuração de política, a guia Desenvolvedor será exibida na Faixa de Opções.\n\nSe você desabilitar essa configuração de política, a guia Desenvolvedor não será exibida na Faixa de Opções.\n\nSe você não configurar essa definição de política, a guia Desenvolvedor não será exibida na Faixa de Opções, mas sua visibilidade\npoderá ser alterada por meio de uma configuração na caixa de diálogo Opções do aplicativo.","tags":["L_OptionsCustomizeRibbon","L_VisioOptions","L_MicrosoftVisio"],"application":"visio16","key":"software\\microsoft\\office\\16.0\\visio\\application","valueName":"developertools"},{"parentCategory":{"ref":"L_Save"},"supportedOn":{"ref":"windows:SUPPORTED_Windows7"},"enabledValue":{"decimal":{"value":1}},"disabledValue":{"decimal":{"value":0}},"name":"L_TurnOffCADDWGFunctionality","displayName":"Desativar funcionalidade de CAD/DWG","explainText":"Essa configuração de política permite desativar todos os pontos de entrada relacionados a arquivos CAD/DWG.\n\nSe você habilitar essa configuração de política, a funcionalidade CAD/DWG será desativada.\n\nSe você desabilitar ou não definir essa configuração de política, a funcionalidade CAD/DWG será ativada.","tags":["L_Save","L_VisioOptions","L_MicrosoftVisio"],"application":"visio16","key":"software\\microsoft\\office\\16.0\\visio\\application","valueName":"disabledwg"},{"parentCategory":{"ref":"L_OfflineEditing"},"supportedOn":{"ref":"windows:SUPPORTED_Windows7"},"elements":{"items":[{"item":[{"value":{"string":"1"},"displayName":"Local de rascunhos do servidor"},{"value":{"string":"0"},"displayName":"Servidor Web"}],"valueName":"uselocaldrafts","inputType":"dropdownList","id":"L_SaveCheckedOutFilesToDropID"}]},"name":"L_SaveCheckedOutFilesTo","displayName":"Salvar arquivos em estado de check-out","explainText":"Essa configuração de política permite escolher se os arquivos em estado de check-out são salvos no local de rascunhos do servidor\nou no servidor Web.\n\nSe você habilitar essa configuração de política, poderá escolher onde os arquivos em estado de check-out são salvos:\n- Local de rascunhos do servidor: o local de rascunhos do servidor neste computador\n- Servidor Web: o servidor Web\n\nSe você desabilitar ou não definir essa configuração de política, os arquivos em estado de check-out serão armazenados no local de\nrascunhos do servidor.","tags":["L_OfflineEditing","L_Save","L_VisioOptions","L_MicrosoftVisio"],"application":"visio16","key":"software\\microsoft\\office\\16.0\\visio\\application"},{"parentCategory":{"ref":"L_SaveDocuments"},"supportedOn":{"ref":"windows:SUPPORTED_Windows7"},"elements":{"items":[{"item":[{"value":{"string":"0"},"displayName":"Documento do Visio"},{"value":{"string":"3"},"displayName":"Documento Habilitado para Macro do Visio"},{"value":{"string":"1"},"displayName":"Documento do Visio 2003-2016"}],"valueName":"savefileformat","inputType":"dropdownList","caption":"Salvar arquivos do Visio como","id":"L_savevisiofilesas6"}]},"name":"L_SaveVisiofilesas","displayName":"Salvar arquivos do Visio como","explainText":"Identifica o formato de arquivo padrão no qual os arquivos do Visio são salvos.","tags":["L_SaveDocuments","L_Save","L_VisioOptions","L_MicrosoftVisio"],"application":"visio16","key":"software\\microsoft\\office\\16.0\\visio\\application"},{"parentCategory":{"ref":"L_ShapeSearch"},"supportedOn":{"ref":"windows:SUPPORTED_Windows7"},"enabledValue":{"string":"1"},"disabledValue":{"string":"0"},"name":"L_Showshapesearchpane","displayName":"Mostrar painel Pesquisa de Formas","explainText":"Exibe os elementos da interface do usuário para pesquisa de formas da janela de estêncil.","tags":["L_ShapeSearch","L_Advanced","L_VisioOptions","L_MicrosoftVisio"],"application":"visio16","key":"software\\microsoft\\office\\16.0\\visio\\application","valueName":"showshapesearchpane"},{"parentCategory":{"ref":"L_ShapeSearch"},"supportedOn":{"ref":"windows:SUPPORTED_Windows7"},"elements":{"items":[{"item":[{"value":{"string":"1"},"displayName":"Todas as palavras (E)"},{"value":{"string":"0"},"displayName":"Qualquer palavra (OU)"}],"valueName":"findshapesallwords","inputType":"dropdownList","caption":"Procurar:","id":"L_searchfor10"}]},"name":"L_Searchfor","displayName":"Procurar:","explainText":"Define o valor na opção correspondente da interface do usuário.","tags":["L_ShapeSearch","L_Advanced","L_VisioOptions","L_MicrosoftVisio"],"application":"visio16","key":"software\\microsoft\\office\\16.0\\visio\\application"},{"parentCategory":{"ref":"L_ShapeSearch"},"supportedOn":{"ref":"windows:SUPPORTED_Windows7"},"elements":{"items":[{"item":[{"value":{"string":"0"},"displayName":"Em Ordem Alfabética"},{"value":{"string":"1"},"displayName":"Por Grupo"}],"valueName":"msoridcuvisiobfsgroup","inputType":"dropdownList","caption":"Resultados da pesquisa","id":"L_searchresults11"}]},"name":"L_Searchresults","displayName":"Resultados da pesquisa","explainText":"Especifica se os resultados são retornados em ordem alfabética por nome de forma ou por nome de estêncil (grupo). Clique em Por Grupo para ajudar a distinguir entre as formas que têm o mesmo nome, mas aparecem em estênceis diferentes. A seleção dessa opção também é útil quando você deseja localizar o estêncil que contém a forma.","tags":["L_ShapeSearch","L_Advanced","L_VisioOptions","L_MicrosoftVisio"],"application":"visio16","key":"software\\microsoft\\office\\16.0\\visio\\application"},{"parentCategory":{"ref":"L_ShapeSearch"},"supportedOn":{"ref":"windows:SUPPORTED_Windows7"},"enabledValue":{"string":"0"},"disabledValue":{"string":"1"},"name":"L_Openresultsnewwindow","displayName":"Abrir resultados em nova janela","explainText":"Indica se é criado um novo estêncil de resultados de pesquisa para cada pesquisa. Se essa opção for desmarcada, os resultados de uma pesquisa substituirão os resultados de pesquisas anteriores.","tags":["L_ShapeSearch","L_Advanced","L_VisioOptions","L_MicrosoftVisio"],"application":"visio16","key":"software\\microsoft\\office\\16.0\\visio\\application","valueName":"msoridcuvisiobfsrecycle"},{"parentCategory":{"ref":"L_TrustCenter"},"supportedOn":{"ref":"windows:SUPPORTED_Windows7"},"enabledValue":{"decimal":{"value":1}},"disabledValue":{"decimal":{"value":0}},"name":"L_Disableallapplicationextensions","displayName":"Desabilitar todos os suplementos de aplicativos","explainText":"Esta configuração de política desabilita todos os suplementos para os aplicativos do Office 2016 especificados.\n     \nSe você habilitar esta configuração de política, todos os suplementos para os aplicativos do Office 2016 especificados serão desabilitados.\n\nSe você desabilitar ou não definir esta configuração de política, todos os suplementos para os aplicativos do Office 2016 especificados poderão ser executados sem que os usuários sejam notificados, exceto se for necessário que os suplementos de aplicativos sejam assinados por Fornecedores Confiáveis.","tags":["L_TrustCenter","L_Security","L_VisioOptions","L_MicrosoftVisio"],"application":"visio16","key":"software\\microsoft\\office\\16.0\\visio\\security","valueName":"disablealladdins"},{"parentCategory":{"ref":"L_TrustCenter"},"supportedOn":{"ref":"windows:SUPPORTED_Windows7"},"enabledValue":{"decimal":{"value":1}},"disabledValue":{"decimal":{"value":0}},"name":"L_BlockMacroExecutionFromInternet","displayName":"Bloquear macros impedindo sua execução em arquivos do Office da Internet","explainText":"\n        Esta configuração de política permite que você bloqueie as macros impedindo-as de serem executadas em arquivos do Office que vêm da Internet.\n\n        Se você habilitar essa configuração de política, as macros terão a execução bloqueada, mesmo se a opção \"Habilitar todas as macros\" estiver selecionada na seção de configurações de Macro da Central de Confiabilidade. Além disso, em vez de ter a opção para \"Habilitar conteúdo\", os usuários receberão uma notificação de que as macros têm a execução bloqueada. Se o arquivo do Office é salvo em um local confiável ou anteriormente considerado confiável pelo usuário, as macros poderão ser executadas.\n\n        Se você desabilita ou não define esta configuração de política, as configurações definidas na seção de configurações de Macro da Central de Confiabilidade é que determinam se as macros podem ser executadas em arquivos do Office que vêm da Internet.\n      ","tags":["L_TrustCenter","L_Security","L_VisioOptions","L_MicrosoftVisio"],"application":"visio16","key":"software\\microsoft\\office\\16.0\\visio\\security","valueName":"blockcontentexecutionfrominternet"},{"parentCategory":{"ref":"L_TrustCenter"},"supportedOn":{"ref":"windows:SUPPORTED_Windows7"},"enabledValue":{"decimal":{"value":1}},"disabledValue":{"decimal":{"value":0}},"name":"L_TurnOffTrustedDocumentsOnTheNetwork","displayName":"Desativar Documentos Confiáveis na rede","explainText":"Essa configuração de política permite desativar o recurso de documentos confiáveis para documentos abertos a partir da rede.\n\nSe você habilitar essa configuração de política, os usuários sempre verão notificações de segurança para conteúdo ativo, como\nmacros, controles ActiveX, conexões de dados etc., referentes a documentos abertos a partir da rede.\n\nSe você desabilitar ou não definir essa configuração de política, o recurso de documentos confiáveis possibilitará que os usuários\nsempre permitam conteúdo ativo em documentos, como macros, controles ActiveX, conexões de dados etc. Dessa maneira, eles não\nreceberão um prompt da próxima vez em que abrirem os documentos.  Documentos confiáveis estão isentos de notificações de\nsegurança.","tags":["L_TrustCenter","L_Security","L_VisioOptions","L_MicrosoftVisio"],"application":"visio16","key":"software\\microsoft\\office\\16.0\\visio\\security\\trusted documents","valueName":"disablenetworktrusteddocuments"},{"parentCategory":{"ref":"L_TrustCenter"},"supportedOn":{"ref":"windows:SUPPORTED_Windows7"},"enabledValue":{"decimal":{"value":1}},"disabledValue":{"decimal":{"value":0}},"name":"L_TurnOffTrustedDocuments","displayName":"Desativar documentos confiáveis","explainText":"Esta configuração de política permite desativar o recurso de documentos confiáveis. Esse recurso permite que os usuários sempre habilitem conteúdo ativo em documentos, como macros, controles ActiveX e conexões de dados, entre outros, de forma a não receberem um aviso da próxima vez que abrirem os mesmos documentos. Documentos confiáveis estão isentos de notificações de segurança.\n\nSe você habilitar essa configuração de política, desativará o recurso de documentos confiáveis. Os usuários receberão um prompt de segurança sempre que um documento com conteúdo ativo for aberto.\n\nSe você desabilitar ou não definir essa configuração de política, os documentos serão confiáveis quando os usuários habilitarem o conteúdo e esses usuários não receberão um prompt de segurança.","tags":["L_TrustCenter","L_Security","L_VisioOptions","L_MicrosoftVisio"],"application":"visio16","key":"software\\microsoft\\office\\16.0\\visio\\security\\trusted documents","valueName":"disabletrusteddocuments"},{"parentCategory":{"ref":"L_TrustCenter"},"supportedOn":{"ref":"windows:SUPPORTED_Windows7"},"elements":{"items":[{"valueName":"maxtrusteddocuments","minValue":0,"minValueSpecified":true,"maxValue":20000,"maxValueSpecified":true,"inputType":"decimalTextBox","caption":"Número máximo:","id":"L_SetMaximumNumberOfTrustedDocumentsSpinID"}]},"name":"L_SetMaximumNumberOfTrustedDocuments","displayName":"Definir número máximo de documentos confiáveis","explainText":"Essa configuração de política permite especificar o número máximo de registros de confiança para documentos confiáveis que podem ser armazenados no registro antes da execução da tarefa de limpeza. A tarefa de limpeza reduz o número de documentos confiáveis armazenados no registro para o valor definido pela configuração de política \"Definir número máximo de registros de confiança a serem preservados\".\n\nSe você habilitar essa configuração de política, poderá especificar o número máximo de registros de confiança a serem armazenados no registro antes da execução da tarefa de limpeza, com um limite superior de 20000 documentos. Por motivos de desempenho, não convém definir essa configuração de política como o limite superior.\n\nSe você desabilitar ou não definir essa configuração de política, o valor padrão de 500 será usado para o número máximo de documentos confiáveis que podem ser armazenados no registro antes da execução da tarefa de limpeza.","tags":["L_TrustCenter","L_Security","L_VisioOptions","L_MicrosoftVisio"],"application":"visio16","key":"software\\microsoft\\office\\16.0\\visio\\security\\trusted documents"},{"parentCategory":{"ref":"L_TrustCenter"},"supportedOn":{"ref":"windows:SUPPORTED_Windows7"},"elements":{"items":[{"valueName":"maxpreservetrusteddocuments","minValue":0,"minValueSpecified":true,"maxValue":20000,"maxValueSpecified":true,"inputType":"decimalTextBox","caption":"Máximo a ser preservado:","id":"L_SetMaximumNumberOfTrustRecordsToPreserveSpinID"}]},"name":"L_SetMaximumNumberOfTrustRecordsToPreserve","displayName":"Definir número máximo de registros de confiança a serem preservados","explainText":"Essa configuração de política permite especificar o número máximo de registros de confiança a serem preservados quando a tarefa\nde limpeza detectar que esse aplicativo confiou em mais do que o número de documentos confiáveis definidos pela configuração de\npolítica \"Definir número máximo de documentos confiáveis\".\n\nSe você habilitar essa configuração de política, poderá especificar o número máximo de registros de confiança a serem preservados,\ncom um limite superior de 20000. Por motivos de desempenho, não convém defini-lo como o limite superior.\n\nSe você desabilitar ou não definir essa configuração de política, o valor padrão de 400 será usado.","tags":["L_TrustCenter","L_Security","L_VisioOptions","L_MicrosoftVisio"],"application":"visio16","key":"software\\microsoft\\office\\16.0\\visio\\security\\trusted documents"},{"parentCategory":{"ref":"L_TrustCenter"},"supportedOn":{"ref":"windows:SUPPORTED_Windows7"},"elements":{"items":[{"item":[{"value":{"decimal":{"value":2}},"displayName":"Desabilitar tudo com notificação"},{"value":{"decimal":{"value":3}},"displayName":"Desabilitar tudo, exceto macros digitalmente assinadas"},{"value":{"decimal":{"value":4}},"displayName":"Desabilitar tudo sem notificação"},{"value":{"decimal":{"value":1}},"displayName":"Habilitar todas as macros (não recomendado)"}],"valueName":"vbawarnings","inputType":"dropdownList","id":"L_Empty"},{"trueValue":{"decimal":{"value":1}},"falseValue":{"decimal":{"value":0}},"valueName":"vbadigsigtrustedpublishers","key":"software\\microsoft\\office\\16.0\\visio\\security","inputType":"checkBox","caption":"Exigir que as macros sejam assinadas por um fornecedor confiável","id":"L_VBADigSigTrustedPublishersStr"},{"trueValue":{"decimal":{"value":1}},"falseValue":{"decimal":{"value":0}},"valueName":"vbarequirelmtrustedpublisher","key":"software\\microsoft\\office\\16.0\\visio\\security","inputType":"checkBox","caption":"Bloquear certificados de fornecedores confiáveis que são instalados apenas no repositório de certificados do usuário atual","id":"L_VBAOnlyAllowLMTrustedPublisherStr"},{"trueValue":{"decimal":{"value":1}},"falseValue":{"decimal":{"value":0}},"valueName":"vbarequiredigsigwithcodesigningeku","key":"software\\microsoft\\office\\16.0\\visio\\security","inputType":"checkBox","caption":"Exigir Uso Estendido de Chave (EKU) para certificados de fornecedores confiáveis","id":"L_VBAOnlyAllowDigSigWithCodeSigningEKUStr"}]},"name":"L_VBAWarningsPolicy","displayName":"Configurações de Notificação para Macros VBA","explainText":"Esta configuração de política controla como os aplicativos especificados informam os usuários quando macros VBA (Visual Basic for Applications) estão presentes.\n\nSe você habilitar essa configuração de política, poderá escolher entre quatro opções para determinar como os aplicativos especificados alertarão o usuário sobre as macros:\n \n– Desabilitar tudo com notificação: o aplicativo exibe a Barra de Confiabilidade para todas as macros, assinadas ou não. Essa opção impõe a configuração padrão no Office.\n \n– Desabilitar todas, exceto as macros assinadas digitalmente: o aplicativo exibe a Barra de Confiabilidade para macros assinadas digitalmente, permitindo que os usuários as habilitem ou as deixem desabilitadas. Todas as macros não assinadas serão desabilitadas e os usuários não serão notificados.\n \n– Desabilitar tudo sem notificação: o aplicativo desabilita todas as macros, assinadas ou não, e não notifica os usuários.\n \n– Habilitar todas as macros (não recomendado): todas as macros são habilitadas, assinadas ou não. Essa opção pode reduzir significativamente a segurança, permitindo que códigos perigosos sejam executados sem serem detectados.\n \nSe você desabilitar essa configuração de política, \"Desabilitar tudo com notificação\" será a configuração padrão.\n \nSe você não definir essa configuração de política, quando os usuários abrirem arquivos nos aplicativos especificados que contêm macros VBA, esses aplicativos abrirão os arquivos com as macros desabilitadas e exibirão a Barra de Confiabilidade com um aviso de que as macros estão presentes e foram desabilitadas. Os usuários podem inspecionar e editar os arquivos, se apropriado, mas não podem usar nenhuma funcionalidade desabilitada até habilitá-la clicando em \"Habilitar Conteúdo\" na Barra de Confiabilidade. Se o usuário clicar em \"Habilitar Conteúdo\", o documento será adicionado como confiável.\n\nSe você selecionar \"Desabilitar todas, exceto as macros assinadas digitalmente\", recomendamos que você também marque a caixa de seleção \"Exigir que as macros sejam assinadas por um fornecedor confiável\" para ajudar a melhorar a segurança.\n\nSe você selecionar a caixa de seleção \"Exigir que as macros sejam assinadas por um fornecedor confiável\", os usuários que abrirem arquivos com macros assinadas digitalmente, mas não por um Fornecedor Confiável, receberão uma notificação de que as macros estão impedidas de serem executadas. E há duas caixas de seleção adicionais que recomendamos que você selecione para ajudar a melhorar a segurança.\n\n– Bloquear certificados de fornecedores confiáveis instalados no repositório de certificados do usuário atual\n\n– Exigir Uso Estendido de Chave (EKU) para certificados de fornecedores confiáveis\n\nObservação: essas duas caixas de seleção se aplicam apenas se você tiver selecionado a opção \"Exigir que macros sejam assinadas por um fornecedor confiável\".\n\nSe você selecionar a caixa de seleção \"Bloquear certificados de fornecedores confiáveis instalados no repositório de certificados do computador local\", as macros não serão executadas se o certificado do fornecedor confiável estiver instalado no repositório de certificados do usuário atual. O certificado deve estar instalado no repositório de certificados do computador local para que a macro seja executada. Somente contas com acesso de administrador ao computador podem instalar um certificado no repositório de certificados do computador local.\n\nSe você selecionar a caixa de seleção \"Exigir Uso Estendido de Chave (EKU) para certificados de fornecedores confiáveis\", a EKU deverá incluir \"Assinatura de Código\" como um dos usos do certificado.\n\nImportante: se a opção \"Desativar todas, exceto as macros assinadas digitalmente\" estiver selecionada, os usuários não poderão abrir bancos de dados do Access não assinados.\n \nAlém disso, observe que o Microsoft Office armazena certificados de fornecedores confiáveis no repositório Fornecedores Confiáveis do Internet Explorer. As versões anteriores do Microsoft Office armazenavam informações de certificado de fornecedor confiável (especificamente, a impressão digital do certificado) em um repositório Fornecedores Confiáveis especial do Office. O Microsoft Office ainda lê informações de certificado de fornecedor confiável do repositório Fornecedores Confiáveis do Office, mas não grava informações nesse repositório.\n \n Portanto, se você criou uma lista de fornecedores confiáveis em uma versão anterior do Microsoft Office e atualiza para o Office, sua lista de fornecedores confiáveis ainda será reconhecida. No entanto, todos os certificados de fornecedor confiável adicionados à lista serão armazenados no repositório Fornecedores Confiáveis do Internet Explorer.","tags":["L_TrustCenter","L_Security","L_VisioOptions","L_MicrosoftVisio"],"application":"visio16","key":"software\\microsoft\\office\\16.0\\visio\\security"},{"parentCategory":{"ref":"L_TrustCenter"},"supportedOn":{"ref":"windows:SUPPORTED_Windows7"},"enabledValue":{"decimal":{"value":1}},"disabledValue":{"decimal":{"value":0}},"name":"L_RequirethatApplicationExtensionsaresigned","displayName":"Exigir que suplementos de aplicativo sejam assinados por um Fornecedor Confiável","explainText":"Esta configuração de política controla se os suplementos deste aplicativo devem ser digitalmente assinados por um fornecedor confiável.\n \nSe você habilitar esta configuração de política, este aplicativo verificará a assinatura digital de cada suplemento antes de carregá-lo. Se um suplemento não tiver uma assinatura digital, ou se a assinatura não for proveniente de um fornecedor confiável, o aplicativo desabilitará esse suplemento e notificará o usuário. Os certificados deverão ser adicionados à lista de Fornecedores Confiáveis se você exigir que todos os suplementos sejam assinados por um fornecedor confiável. Para obter informações detalhadas sobre como obter e distribuir certificados, consulte http://go.microsoft.com/fwlink/?LinkId=294922. O Office 2016 armazena certificados para fornecedores confiáveis no repositório de fornecedores confiáveis do Internet Explorer. Versões anteriores do Microsoft Office armazenavam informações de certificados de fornecedores confiáveis (especificamente, a impressão digital) em um repositório de fornecedores confiáveis especial do Office.  O Office 2016 ainda lê informações de certificados de fornecedores confiáveis no repositório de fornecedores confiáveis do Office, mas não grava informações nesse repositório. Portanto, se você tiver criado uma lista de fornecedores confiáveis em uma versão anterior do Office e atualizar para o Office 2016, essa lista ainda será reconhecida. Porém, todos os certificados de fornecedores confiáveis que forem adicionados à lista serão armazenados no repositório de fornecedores confiáveis do Internet Explorer. Para saber mais sobre fornecedores confiáveis, consulte o Office Resource Kit.\n\nSe você desabilitar ou não definir esta configuração de política, este aplicativo não verificará a assinatura digital nos suplementos antes de abri-los. Se um suplemento perigoso for carregado, ele poderá prejudicar os computadores dos usuários ou comprometer a segurança dos dados.","tags":["L_TrustCenter","L_Security","L_VisioOptions","L_MicrosoftVisio"],"application":"visio16","key":"software\\microsoft\\office\\16.0\\visio\\security","valueName":"requireaddinsig"},{"parentCategory":{"ref":"L_TrustCenter"},"supportedOn":{"ref":"windows:SUPPORTED_Windows7"},"enabledValue":{"decimal":{"value":1}},"disabledValue":{"decimal":{"value":0}},"name":"L_DisableTrustBarNotificationforunsigned","displayName":"Desabilitar Notificação da Barra de Confiabilidade para suplementos de aplicativos não assinados e bloqueá-los","explainText":"Essa configuração de política controla se o aplicativo do Office especificado notifica os usuários quando suplementos de aplicativo\nnão assinados são carregados, ou desabilita silenciosamente esses suplementos sem nenhuma notificação. Essa configuração de\npolítica somente será aplicada se você habilitar a configuração de política \"Exigir que suplementos de aplicativos sejam assinados\npor um Fornecedor Confiável\", que impede que os usuários alterem essa configuração de política.\n\nSe você habilitar essa configuração de política, os aplicativos desabilitarão automaticamente suplementos não assinados sem\ninformar os usuários.\n\nSe você desabilitar essa configuração de política, se o aplicativo estiver configurado para exigir que todos os suplementos sejam\nassinados por um fornecedor confiável, os suplementos não assinados que esse aplicativo carregar serão desabilitados, e o aplicativo\nexibirá a Barra de Confiabilidade no topo da janela ativa. A Barra de Confiabilidade contém uma mensagem que informa os usuários\nsobre o suplemento não assinado.\n\nSe você não definir essa configuração de política, o comportamento de desabilitação será aplicado. Além disso, os usuários poderão\nconfigurar esse requisito por conta própria, na categoria \"Suplementos\" da Central de Confiabilidade do aplicativo em questão.","tags":["L_TrustCenter","L_Security","L_VisioOptions","L_MicrosoftVisio"],"application":"visio16","key":"software\\microsoft\\office\\16.0\\visio\\security","valueName":"notbpromptunsignedaddin"},{"parentCategory":{"ref":"L_TrustCenter"},"supportedOn":{"ref":"windows:SUPPORTED_Windows7"},"enabledValue":{"decimal":{"value":1}},"disabledValue":{"decimal":{"value":0}},"name":"L_AllowTrustedLocationsOnTheNetwork","displayName":"Permitir Locais Confiáveis na rede","explainText":"Esta configuração de política controla se é possível usar locais confiáveis na rede.\n\nSe você habilitar esta configuração de política, os usuários poderão especificar locais confiáveis em compartilhamentos de rede ou em outros locais remotos que não estejam sob seu controle direto, clicando no botão \"Adicionar novo local\" na seção Locais Confiáveis da Central de Confiabilidade. Conteúdo, código e suplementos podem ser carregados a partir de locais confiáveis com o mínimo de segurança e sem solicitar a permissão do usuário.\n\nSe você desabilitar esta configuração de política, o aplicativo selecionado ignorará todos os locais de rede listados na seção Locais Confiáveis da Central de Confiabilidade.\n\nSe você também implantar Locais Confiáveis via Política de Grupo, será necessário verificar se eles são locais remotos. Se qualquer um deles for um local remoto e você não permitir locais remotos através desta configuração de política, essas chaves de política que apontarem para locais remotos serão ignoradas em computadores cliente.\n\nDesabilitar esta configuração de política não exclui nenhum local de rede da lista de Locais Confiáveis, mas provoca interrupção para os usuários que adicionam locais de rede à lista de Locais Confiáveis na Central de Confiabilidade. Recomendamos que você não habilite esta configuração de política (como a caixa de seleção \"Permitir Locais Confiáveis na minha rede (não recomendado)\" também afirma). Portanto, na prática, deve ser possível desabilitar esta configuração de política na maioria das situações sem provocar problemas de utilização significativos para a maioria dos usuários.\n\nSe você não habilitar esta configuração de política, os usuários poderão marcar a caixa de seleção \"Permitir Locais Confiáveis na minha rede (não recomendado) \"se desejarem e especificar locais confiáveis clicando no botão \"Adicionar novo local\".","tags":["L_TrustCenter","L_Security","L_VisioOptions","L_MicrosoftVisio"],"application":"visio16","key":"software\\microsoft\\office\\16.0\\visio\\security\\trusted locations","valueName":"allownetworklocations"},{"parentCategory":{"ref":"L_TrustCenter"},"supportedOn":{"ref":"windows:SUPPORTED_Windows7"},"enabledValue":{"decimal":{"value":1}},"disabledValue":{"decimal":{"value":0}},"name":"L_DisableTrustedLoc","displayName":"Desabilitar todos os locais confiáveis","explainText":"Esta configuração de política permite que os administradores desabilitem todos os locais confiáveis nas versões 2016 dos aplicativos especificados. Os locais confiáveis especificados na Central de Confiabilidade são usados para definir locais de arquivo que são considerados seguros. Conteúdo, código e suplementos podem ser carregados a partir de locais confiáveis com o mínimo de segurança, sem solicitar a permissão do usuário. Se um arquivo perigoso for aberto a partir de um local confiável, ele não estará sujeito a medidas de segurança padrão e poderá prejudicar os computadores ou os dados dos usuários.\n \nSe você habilitar esta configuração de política, todos os locais confiáveis (especificados na Central de Confiabilidade) nas versões 2016 dos aplicativos especificados serão ignorados, incluindo os locais confiáveis estabelecidos pelo Office durante a instalação, implantados para os usuários com o uso da Política de Grupo ou adicionados pelos próprios usuários.  Os usuários receberão um aviso novamente ao abrirem arquivos a partir de locais confiáveis.\n\nSe você desabilitar ou não definir esta configuração de política, todos os locais confiáveis (especificados na Central de Confiabilidade) nas versões 2016 dos aplicativos especificados serão considerados seguros.","tags":["L_TrustCenter","L_Security","L_VisioOptions","L_MicrosoftVisio"],"application":"visio16","key":"software\\microsoft\\office\\16.0\\visio\\security\\trusted locations","valueName":"alllocationsdisabled"},{"parentCategory":{"ref":"L_FileBlockSettings"},"supportedOn":{"ref":"windows:SUPPORTED_Windows7"},"elements":{"items":[{"item":[{"value":{"decimal":{"value":0}},"displayName":"Não bloquear"},{"value":{"decimal":{"value":1}},"displayName":"Salvar bloqueado"},{"value":{"decimal":{"value":2}},"displayName":"Abrir/Salvar bloqueado"}],"valueName":"visio2003files","inputType":"dropdownList","caption":"Configuração de bloqueio de arquivo:","id":"L_Visio2003FilesDropID"}]},"name":"L_Visio2003Files","displayName":"Desenhos Binários, Modelos e Estênceis do Visio 2003-2010","explainText":"Essa configuração de política permite a você determinar se os usuários podem abrir ou salvar arquivos do Visio com o formato especificado pelo título desta configuração de política.\n\nSe você desabilitar esta configuração de política, poderá especificar se os usuários podem abrir ou salvar arquivos.\n\nAbaixo, estão as opções que podem ser selecionadas.  Observação: Nem todas as opções podem estar disponíveis para esta configuração de política.\n\n-Não bloquear: o tipo de arquivo não será bloqueado.\n\n-Salvar bloqueado: salvamento do tipo de arquivo será bloqueado.\n\n-Abrir/Salvar bloqueado: abertura e salvamento do tipo de arquivo serão bloqueados.\n\nSe você desabilitar ou não configurar esta política, o tipo de arquivo não será bloqueado.","tags":["L_FileBlockSettings","L_TrustCenter","L_Security","L_VisioOptions","L_MicrosoftVisio"],"application":"visio16","key":"software\\microsoft\\office\\16.0\\visio\\security\\fileblock"},{"parentCategory":{"ref":"L_FileBlockSettings"},"supportedOn":{"ref":"windows:SUPPORTED_Windows7"},"elements":{"items":[{"item":[{"value":{"decimal":{"value":0}},"displayName":"Não bloquear"},{"value":{"decimal":{"value":2}},"displayName":"Abrir/Salvar bloqueado"}],"valueName":"visio2000files","inputType":"dropdownList","caption":"Configuração de bloqueio de arquivo:","id":"L_Visio2000FilesDropID"}]},"name":"L_Visio2000Files","displayName":"Desenhos Binários, Modelos e Estênceis do Visio 2000-2002","explainText":"Essa configuração de política permite a você determinar se os usuários podem abrir ou salvar arquivos do Visio com o formato especificado pelo título desta configuração de política.\n\nSe você desabilitar esta configuração de política, poderá especificar se os usuários podem abrir ou salvar arquivos.\n\nAbaixo, estão as opções que podem ser selecionadas.  Observação: Nem todas as opções podem estar disponíveis para esta configuração de política.\n\n-Não bloquear: o tipo de arquivo não será bloqueado.\n\n-Salvar bloqueado: salvamento do tipo de arquivo será bloqueado.\n\n-Abrir/Salvar bloqueado: abertura e salvamento do tipo de arquivo serão bloqueados.\n\nSe você desabilitar ou não configurar esta política, o tipo de arquivo será bloqueado.\n","tags":["L_FileBlockSettings","L_TrustCenter","L_Security","L_VisioOptions","L_MicrosoftVisio"],"application":"visio16","key":"software\\microsoft\\office\\16.0\\visio\\security\\fileblock"},{"parentCategory":{"ref":"L_FileBlockSettings"},"supportedOn":{"ref":"windows:SUPPORTED_Windows7"},"elements":{"items":[{"item":[{"value":{"decimal":{"value":0}},"displayName":"Não bloquear"},{"value":{"decimal":{"value":2}},"displayName":"Abrir/Salvar bloqueado"}],"valueName":"visio50andearlierfiles","inputType":"dropdownList","caption":"Configuração de bloqueio de arquivo:","id":"L_Visio50AndEarlierFilesDropID"}]},"name":"L_Visio50AndEarlierFiles","displayName":"Desenhos Binários, Modelos e Estênceis do Visio 5.0 ou versões anteriores","explainText":"Essa configuração de política permite a você determinar se os usuários podem abrir ou salvar arquivos do Visio com o formato especificado pelo título desta configuração de política.\n\nSe você desabilitar esta configuração de política, poderá especificar se os usuários podem abrir ou salvar arquivos.\n\nAbaixo, estão as opções que podem ser selecionadas.  Observação: Nem todas as opções podem estar disponíveis para esta configuração de política.\n\n-Não bloquear: o tipo de arquivo não será bloqueado.\n\n-Salvar bloqueado: salvamento do tipo de arquivo será bloqueado.\n\n-Abrir/Salvar bloqueado: abertura e salvamento do tipo de arquivo serão bloqueados.\n\nSe você desabilitar ou não configurar esta política, o tipo de arquivo será bloqueado.\n","tags":["L_FileBlockSettings","L_TrustCenter","L_Security","L_VisioOptions","L_MicrosoftVisio"],"application":"visio16","key":"software\\microsoft\\office\\16.0\\visio\\security\\fileblock"},{"parentCategory":{"ref":"L_MacroSecurity"},"supportedOn":{"ref":"windows:SUPPORTED_Windows7"},"enabledValue":{"string":"1"},"disabledValue":{"string":"0"},"name":"L_LoadMicrosoftVisualBasicforApplicationsprojectsf","displayName":"Carregar projetos do Microsoft Visual Basic for Applications a partir do texto","explainText":"Se quiser que o projeto do VBA funcione em desenhos criados em outras versões do Visio, selecione essa opção para que o projeto do VBA seja compilado quando o arquivo for carregado. Porém, o projeto compilado nunca será salvo.","tags":["L_MacroSecurity","L_Security","L_VisioOptions","L_MicrosoftVisio"],"application":"visio16","key":"software\\microsoft\\office\\16.0\\visio\\application","valueName":"loadvbaprojectsfromtext"},{"parentCategory":{"ref":"L_MacroSecurity"},"supportedOn":{"ref":"windows:SUPPORTED_Windows7"},"enabledValue":{"string":"1"},"disabledValue":{"string":"0"},"name":"L_EnableMicrosoftVisualBasicforApplicationsproject","displayName":"Habilitar a criação de projetos do Microsoft Visual Basic for Applications","explainText":"Habilita criações de projetos do VBA quando você abre (ou cria) um documento que ainda não contém um projeto. Se essa caixa de seleção for desmarcada, não será possível criar macros em um documento que ainda não contenha um projeto.","tags":["L_MacroSecurity","L_Security","L_VisioOptions","L_MicrosoftVisio"],"application":"visio16","key":"software\\microsoft\\office\\16.0\\visio\\application","valueName":"createvbaprojects"},{"parentCategory":{"ref":"L_EditingOptions"},"supportedOn":{"ref":"windows:SUPPORTED_Windows7"},"enabledValue":{"string":"0"},"disabledValue":{"string":"1"},"name":"L_TurnOffTransitions","displayName":"Desativar transições","explainText":"Essa configuração de política permite definir transições, que são efeitos de animação suaves.\n\nSe você habilitar essa configuração de política, as transições serão desativadas.\n\nSe você desabilitar ou não definir essa configuração de política, as transições serão ativadas.","tags":["L_EditingOptions","L_Advanced","L_VisioOptions","L_MicrosoftVisio"],"application":"visio16","key":"software\\microsoft\\office\\16.0\\visio\\application","valueName":"transitionsenabled"},{"parentCategory":{"ref":"L_EditingOptions"},"supportedOn":{"ref":"windows:SUPPORTED_Windows7"},"enabledValue":{"string":"0"},"disabledValue":{"string":"1"},"name":"L_TurnOffSmartDeleteBehaviorOfConnectorsWhenDeletingShapes","displayName":"Desativar comportamento de exclusão inteligente de conectores ao excluir formas","explainText":"Essa configuração de política desativa o comportamento de exclusão inteligente de conectores ao excluir formas.\n\nSe você habilitar essa configuração de política, os conectores não serão excluídos quando as formas forem excluídas.\n\nSe você desabilitar ou não definir essa configuração de política, os conectores serão excluídos quando as formas forem excluídas.","tags":["L_EditingOptions","L_Advanced","L_VisioOptions","L_MicrosoftVisio"],"application":"visio16","key":"software\\microsoft\\office\\16.0\\visio\\application","valueName":"deleteconnectorsenabled"},{"parentCategory":{"ref":"L_EditingOptions"},"supportedOn":{"ref":"windows:SUPPORTED_Windows7"},"enabledValue":{"string":"0"},"disabledValue":{"string":"1"},"name":"L_TurnOffShapeSheetFormulaAutoComplete","displayName":"Desativar Preenchimento Automático de Fórmulas do Shapesheet","explainText":"Essa configuração de política permite definir o Preenchimento Automático de Fórmulas do Shapesheet.\n\nSe você habilitar essa configuração de política, o Preenchimento Automático de Fórmulas do Shapesheet será desativado.\n\nSe você desabilitar ou não definir essa configuração de política, o Preenchimento Automático de Fórmulas do Shapesheet será\nativado.","tags":["L_EditingOptions","L_Advanced","L_VisioOptions","L_MicrosoftVisio"],"application":"visio16","key":"software\\microsoft\\office\\16.0\\visio\\application","valueName":"formulaautocomplete"},{"parentCategory":{"ref":"L_GeneralOptions"},"supportedOn":{"ref":"windows:SUPPORTED_Windows7"},"enabledValue":{"string":"1"},"disabledValue":{"string":"0"},"name":"L_OpeneachShapeSheetinthesamewindow","displayName":"Abrir cada ShapeSheet na mesma janela","explainText":"Abre várias ShapeSheets na mesma janela em vez de exibir cada ShapeSheet em sua própria janela.","tags":["L_GeneralOptions","L_Advanced","L_VisioOptions","L_MicrosoftVisio"],"application":"visio16","key":"software\\microsoft\\office\\16.0\\visio\\document","valueName":"recycleshapesheetwindow"},{"parentCategory":{"ref":"L_GeneralOptions"},"supportedOn":{"ref":"windows:SUPPORTED_Windows7"},"enabledValue":{"string":"1"},"disabledValue":{"string":"0"},"name":"L_PutallsettingsinWindowsregistry","displayName":"Colocar todas as configurações no Registro do Windows","explainText":"Adiciona todas as configurações possíveis do aplicativo ao Registro do Windows. Por padrão, somente determinadas configurações são adicionadas (configurações não padrão e algumas outras, como caminhos de arquivos, filtros de importação e exportação e arquivos recentes) para manter as configurações do Registro simples.","tags":["L_GeneralOptions","L_Advanced","L_VisioOptions","L_MicrosoftVisio"],"application":"visio16","key":"software\\microsoft\\office\\16.0\\visio\\application","valueName":"putallinregistry"},{"parentCategory":{"ref":"L_GeneralOptions"},"supportedOn":{"ref":"windows:SUPPORTED_Windows7"},"enabledValue":{"string":"1"},"disabledValue":{"string":"0"},"name":"L_EnableAutomationevents","displayName":"Habilitar Eventos de automação","explainText":"Permite que eventos do Visio sejam enviados a complementos do Visio e macros do VBA. Se essa opção for desmarcada, todos os eventos do Visio serão desabilitados. Se você desmarcar essa opção, alguns tipos de desenho do Visio, que dependem de eventos de Automação, poderão não ter funcionalidade total.","tags":["L_GeneralOptions","L_Advanced","L_VisioOptions","L_MicrosoftVisio"],"application":"visio16","key":"software\\microsoft\\office\\16.0\\visio\\application","valueName":"eventsenabled"},{"parentCategory":{"ref":"L_FileLocations"},"supportedOn":{"ref":"windows:SUPPORTED_Windows7"},"elements":{"items":[{"valueName":"drawingspath","requiredSpecified":false,"expandableSpecified":false,"maxLength":2147483647,"maxLengthSpecified":false,"inputType":"textBox","caption":"Desenhos:","id":"L_Drawingscolon"}]},"name":"L_Drawings","displayName":"Desenhos","explainText":"Exibe a localização adicional de desenhos. Quando você adiciona um local aqui, ele se torna o local padrão para salvar.","tags":["L_FileLocations","L_Advanced","L_VisioOptions","L_MicrosoftVisio"],"application":"visio16","key":"software\\microsoft\\office\\16.0\\visio\\application"},{"parentCategory":{"ref":"L_FileLocations"},"supportedOn":{"ref":"windows:SUPPORTED_Windows7"},"elements":{"items":[{"valueName":"templatepath","requiredSpecified":false,"expandableSpecified":false,"maxLength":2147483647,"maxLengthSpecified":false,"inputType":"textBox","caption":"Modelos:","id":"L_Templatescolon"}]},"name":"L_Templates","displayName":"Modelos","explainText":"Essa configuração de política permite especificar o local adicional de modelos.\n\nSe você habilitar essa configuração de política, poderá especificar o local adicional de modelos. Esses locais estão listados na tela\nNovo da guia Arquivo.\n\nSe você desabilitar ou não definir essa configuração de política, nenhum local adicional de modelos será exibido.","tags":["L_FileLocations","L_Advanced","L_VisioOptions","L_MicrosoftVisio"],"application":"visio16","key":"software\\microsoft\\office\\16.0\\visio\\application"},{"parentCategory":{"ref":"L_FileLocations"},"supportedOn":{"ref":"windows:SUPPORTED_Windows7"},"elements":{"items":[{"valueName":"stencilpath","requiredSpecified":false,"expandableSpecified":false,"maxLength":2147483647,"maxLengthSpecified":false,"inputType":"textBox","caption":"Estênceis:","id":"L_Stencilscolon"}]},"name":"L_Stencils","displayName":"Estênceis","explainText":"Exibe a localização adicional de estênceis. Quando uma localização é adicionada aqui, os estênceis nela existentes são listados no submenu Formas do menu Arquivo.","tags":["L_FileLocations","L_Advanced","L_VisioOptions","L_MicrosoftVisio"],"application":"visio16","key":"software\\microsoft\\office\\16.0\\visio\\application"},{"parentCategory":{"ref":"L_FileLocations"},"supportedOn":{"ref":"windows:SUPPORTED_Windows7"},"elements":{"items":[{"valueName":"helppath","requiredSpecified":false,"expandableSpecified":false,"maxLength":2147483647,"maxLengthSpecified":false,"inputType":"textBox","caption":"Ajuda:","id":"L_Helpcolon"}]},"name":"L_Help","displayName":"Ajuda","explainText":"Exibe a localização adicional dos arquivos da Ajuda.","tags":["L_FileLocations","L_Advanced","L_VisioOptions","L_MicrosoftVisio"],"application":"visio16","key":"software\\microsoft\\office\\16.0\\visio\\application"},{"parentCategory":{"ref":"L_FileLocations"},"supportedOn":{"ref":"windows:SUPPORTED_Windows7"},"elements":{"items":[{"valueName":"addonspath","requiredSpecified":false,"expandableSpecified":false,"maxLength":2147483647,"maxLengthSpecified":false,"inputType":"textBox","caption":"Complementos:","id":"L_Addonscolon"}]},"name":"L_Addons","displayName":"Complementos","explainText":"Exibe a localização adicional de macros e complementos.","tags":["L_FileLocations","L_Advanced","L_VisioOptions","L_MicrosoftVisio"],"application":"visio16","key":"software\\microsoft\\office\\16.0\\visio\\application"},{"parentCategory":{"ref":"L_FileLocations"},"supportedOn":{"ref":"windows:SUPPORTED_Windows7"},"elements":{"items":[{"valueName":"startuppath","requiredSpecified":false,"expandableSpecified":false,"maxLength":2147483647,"maxLengthSpecified":false,"inputType":"textBox","caption":"Inicialização:","id":"L_Startupcolon"}]},"name":"L_Startup","displayName":"Inicialização","explainText":"Exibe a localização adicional de macros e complementos que são abertos quando você inicia o Visio.","tags":["L_FileLocations","L_Advanced","L_VisioOptions","L_MicrosoftVisio"],"application":"visio16","key":"software\\microsoft\\office\\16.0\\visio\\application"},{"parentCategory":{"ref":"L_FileLocations"},"supportedOn":{"ref":"windows:SUPPORTED_Windows7"},"elements":{"items":[{"valueName":"myshapespath","requiredSpecified":false,"expandableSpecified":false,"maxLength":2147483647,"maxLengthSpecified":false,"inputType":"textBox","caption":"Minhas Formas:","id":"L_MyShapescolon"}]},"name":"L_MyShapes","displayName":"Minhas Formas","explainText":"Exibe o caminho para a pasta Minhas Formas.","tags":["L_FileLocations","L_Advanced","L_VisioOptions","L_MicrosoftVisio"],"application":"visio16","key":"software\\microsoft\\office\\16.0\\visio\\application"},{"parentCategory":{"ref":"L_FileLocations"},"supportedOn":{"ref":"windows:SUPPORTED_Windows7"},"elements":{"items":[{"valueName":"favoritesstencilname","requiredSpecified":false,"expandableSpecified":false,"maxLength":2147483647,"maxLengthSpecified":false,"inputType":"textBox","caption":"Nome de Estêncil de Favoritos:","id":"L_FavoritesStencilNamecolon"}]},"name":"L_FavoritesStencilName","displayName":"Nome de Estêncil de Favoritos","explainText":"Exibe o nome do estêncil criado na pasta Minhas Formas que contém formas favoritas de um usuário.","tags":["L_FileLocations","L_Advanced","L_VisioOptions","L_MicrosoftVisio"],"application":"visio16","key":"software\\microsoft\\office\\16.0\\visio\\application"},{"parentCategory":{"ref":"L_AutoCorrectOptions"},"supportedOn":{"ref":"windows:SUPPORTED_Windows7"},"enabledValue":{"decimal":{"value":1}},"disabledValue":{"decimal":{"value":0}},"name":"L_Straightquoteswithsmartquotes","displayName":"Aspas normais por aspas inglesas","explainText":"Marca/Desmarca a opção correspondente da interface do usuário.","tags":["L_AutoCorrectOptions","L_Proofing","L_VisioOptions","L_MicrosoftVisio"],"application":"visio16","key":"software\\microsoft\\office\\16.0\\visio\\autoformat as you type","valueName":"smartquotes"},{"parentCategory":{"ref":"L_AutoCorrectOptions"},"supportedOn":{"ref":"windows:SUPPORTED_Windows7"},"enabledValue":{"decimal":{"value":1}},"disabledValue":{"decimal":{"value":0}},"name":"L_Fractionswithfractioncharacter","displayName":"Frações por caractere de fração","explainText":"Marca/Desmarca a opção correspondente da interface do usuário.","tags":["L_AutoCorrectOptions","L_Proofing","L_VisioOptions","L_MicrosoftVisio"],"application":"visio16","key":"software\\microsoft\\office\\16.0\\visio\\autoformat as you type","valueName":"fractions"},{"parentCategory":{"ref":"L_AutoCorrectOptions"},"supportedOn":{"ref":"windows:SUPPORTED_Windows7"},"enabledValue":{"decimal":{"value":1}},"disabledValue":{"decimal":{"value":0}},"name":"L_Ordinalswithsuperscript","displayName":"Ordinais com sobrescrito","explainText":"Marca/Desmarca a opção correspondente da interface do usuário.","tags":["L_AutoCorrectOptions","L_Proofing","L_VisioOptions","L_MicrosoftVisio"],"application":"visio16","key":"software\\microsoft\\office\\16.0\\visio\\autoformat as you type","valueName":"ordinals"},{"parentCategory":{"ref":"L_AutoCorrectOptions"},"supportedOn":{"ref":"windows:SUPPORTED_Windows7"},"enabledValue":{"decimal":{"value":1}},"disabledValue":{"decimal":{"value":0}},"name":"L_Hyphenswithdash","displayName":"Hífens por traço","explainText":"Marca/Desmarca a opção correspondente da interface do usuário.","tags":["L_AutoCorrectOptions","L_Proofing","L_VisioOptions","L_MicrosoftVisio"],"application":"visio16","key":"software\\microsoft\\office\\16.0\\visio\\autoformat as you type","valueName":"dashes"},{"parentCategory":{"ref":"L_AutoCorrectOptions"},"supportedOn":{"ref":"windows:SUPPORTED_Windows7"},"enabledValue":{"decimal":{"value":1}},"disabledValue":{"decimal":{"value":0}},"name":"L_Smileyfacesandarrowswithspecialsymbols","displayName":"Smileys e setas por símbolos especiais","explainText":"Marca/Desmarca a opção correspondente da interface do usuário.","tags":["L_AutoCorrectOptions","L_Proofing","L_VisioOptions","L_MicrosoftVisio"],"application":"visio16","key":"software\\microsoft\\office\\16.0\\visio\\autoformat as you type","valueName":"smileys"},{"parentCategory":{"ref":"L_Miscellaneous"},"supportedOn":{"ref":"windows:SUPPORTED_Windows7"},"elements":{"items":[{"valueName":"sendtoemailmsgstring","requiredSpecified":false,"expandableSpecified":false,"maxLength":2147483647,"maxLengthSpecified":false,"inputType":"textBox","caption":"Mensagem de email para comandos 'Enviar para'","id":"L_emailmessageforsendtocommands101"}]},"name":"L_EmailmessageforSendtocommands","displayName":"Mensagem de email para comandos 'Enviar para'","explainText":"Comando no submenu Enviar para do menu Arquivo.","tags":["L_Miscellaneous","L_MicrosoftVisio"],"application":"visio16","key":"software\\microsoft\\office\\16.0\\visio\\application"},{"parentCategory":{"ref":"L_Display"},"supportedOn":{"ref":"windows:SUPPORTED_Windows7"},"elements":{"items":[{"valueName":"max display","minValue":0,"minValueSpecified":true,"maxValue":50,"maxValueSpecified":true,"inputType":"decimalTextBox","caption":"Número de entradas: ","id":"L_Numberofentries"}]},"name":"L_Recentlyusedfilelist","displayName":"Número de entradas na lista de Desenhos Recentes","explainText":"Esta configuração de política especifica o número de entradas exibidas na lista de Desenhos Recentes que aparece quando os usuários clicam em Abrir na guia Arquivo no modo de exibição Backstage.  \n\nSe você habilitar esta configuração de política, poderá especificar o número de entradas entre 0 e 50. Se você definir o número como 0, todas as entradas fixadas e desafixadas serão ocultas.\n\nSe você desabilitar ou não definir esta configuração de política, um máximo de 25 itens será exibido na lista de Desenhos Recentes.\n\nObservação: se quiser impedir totalmente que itens sejam adicionados à lista de Desenhos Recentes, habilite a configuração de política do Windows \"Não manter histórico de documentos abertos recentemente\".","tags":["L_Display","L_Advanced","L_VisioOptions","L_MicrosoftVisio"],"application":"visio16","key":"software\\microsoft\\office\\16.0\\visio\\file mru"},{"parentCategory":{"ref":"L_Display"},"supportedOn":{"ref":"windows:SUPPORTED_Windows7"},"elements":{"items":[{"valueName":"max display","minValue":0,"minValueSpecified":true,"maxValue":20,"maxValueSpecified":true,"inputType":"decimalTextBox","caption":"Número de pastas: ","id":"L_SetNumberOfPlacesInTheRecentPlacesListSpinID"}]},"name":"L_SetNumberOfPlacesInTheRecentPlacesList","displayName":"Número de pastas na lista de Pastas Recentes","explainText":"Esta configuração de política especifica o número de entradas desafixadas exibidas na lista de Pastas Recentes que aparece quando os usuários clicam em Abrir ou Salvar como na guia Arquivo do modo de exibição Backstage.\n\nSe você habilitar esta configuração de política, poderá especificar o número de entradas desafixadas entre 0 e 20. Se definir o número como 0, todas as entradas fixadas e desafixadas serão ocultas.\n\nSe você desabilitar ou não definir esta configuração de política, um máximo de 5 itens desafixados serão exibidos na lista de Pastas Recentes.\n\nObservação: se quiser evitar totalmente que itens sejam adicionados à lista de Pastas Recentes, habilite a configuração de política do Windows “Não manter histórico de documentos abertos recentemente”.","tags":["L_Display","L_Advanced","L_VisioOptions","L_MicrosoftVisio"],"application":"visio16","key":"software\\microsoft\\office\\16.0\\visio\\place mru"},{"parentCategory":{"ref":"L_Miscellaneous"},"supportedOn":{"ref":"windows:SUPPORTED_Windows7"},"enabledValue":{"decimal":{"value":1}},"disabledValue":{"decimal":{"value":0}},"name":"L_DisableOfficeStartVisio","displayName":"Desabilitar a tela inicial do Office para o Visio","explainText":"Esta configuração de política controla se a tela Inicial do Office aparece na inicialização do Visio.\n\nSe você habilitar esta configuração de política, os usuários não verão a tela Inicial do Office quando inicializarem o Visio.\n\nSe você desabilitar ou não definir esta configuração de política, os usuários verão a tela Inicial do Office quando inicializarem o Visio.\n\nObservação: esta configuração de política será substituída pela configuração de política \"Microsoft Office 2016 > Diversos > Desabilitar a tela Inicial do Office para todos os aplicativos do Office\" se esta última estiver definida.","tags":["L_Miscellaneous","L_MicrosoftVisio"],"application":"visio16","key":"software\\microsoft\\office\\16.0\\visio\\application","valueName":"disableboottoofficestart"},{"parentCategory":{"ref":"L_Miscellaneous"},"supportedOn":{"ref":"windows:SUPPORTED_Windows7"},"elements":{"items":[{"valueName":"personaltemplates","requiredSpecified":false,"expandable":true,"expandableSpecified":true,"maxLength":2147483647,"maxLengthSpecified":false,"inputType":"textBox","caption":"Caminho de modelos pessoais","id":"L_PersonalTemplatesPath"}]},"name":"L_PersonalTemplatesPath","displayName":"Caminho de modelos pessoais para o Visio","explainText":"Essa configuração de política especifica o local dos modelos pessoais de um usuário.\n\nSe você habilitar essa configuração de política, os usuários verão todos os modelos que eles salvaram no local especificado da guia de modelos personalizados na tela Inicial do Office e em Arquivo | Novo. Além disso, quando eles salvarem um modelo, suas pastas padrão mudarão para o local especificado. \n\nSe você desabilitar ou não definir essa configuração de política, os usuários não verão os modelos que eles salvaram na guia de modelos personalizados da tela Inicial do Office e em Novo | Novo. Além disso, quando eles salvarem um modelo, suas pastas padrão serão os locais de salvamento dos documentos.","tags":["L_Miscellaneous","L_MicrosoftVisio"],"application":"visio16","key":"software\\microsoft\\office\\16.0\\visio\\application"},{"parentCategory":{"ref":"L_Miscellaneous"},"supportedOn":{"ref":"windows:SUPPORTED_Windows7"},"elements":{"items":[{"item":[{"value":{"decimal":{"value":0}},"displayName":"Em Destaque"},{"value":{"decimal":{"value":2}},"displayName":"Interno"},{"value":{"decimal":{"value":1}},"displayName":"Personalizado"}],"valueName":"officestartdefaulttab","inputType":"dropdownList","caption":"Guia padrão","id":"L_DefaultBuiltInTab"}]},"name":"L_DefaultBuiltInTab","displayName":"Guia padrão para mostrar no Visio na tela inicial do Office e em Arquivo | Novo","explainText":"Esta configuração de política controla o que é exibido como a guia padrão no Visio na tela inicial do Office e em Arquivo | Novo. \n\nSe você habilitar esta configuração de política, poderá escolher uma de duas opções para se tornar a guia padrão na tela inicial do Office e em Arquivo | Novo:\n\n* Interno – Os usuários verão a guia de modelos internos como a guia padrão no Visio na tela inicial do Office e em Arquivo | Novo.\n\n* Personalizado – Os usuários verão a guia de modelos personalizados como a guia padrão no Visio na tela inicial do Office e em Arquivo | Novo quando existirem modelos (isso pode incluir modelos programados XML personalizados, modelos no caminho de modelos do Grupo de Trabalho, modelos no caminho de modelos Pessoais ou modelos do SharePoint).\n\nSe você desabilitar ou não definir esta configuração de política, os usuários verão a guia de modelos Em Destaque como a guia padrão no Visio na tela inicial do Office e em Arquivo | Novo","tags":["L_Miscellaneous","L_MicrosoftVisio"],"application":"visio16","key":"software\\microsoft\\office\\16.0\\visio\\application"},{"parentCategory":{"ref":"L_Advanced"},"supportedOn":{"ref":"windows:SUPPORTED_Windows7"},"enabledList":[{"value":{"string":"true"},"valueName":"Microsoft.Office.UXPlatform.FluentSVRefresh"},{"value":{"string":"true"},"valueName":"Microsoft.Office.UXPlatform.RibbonTouchOptimization"},{"value":{"string":"true"},"valueName":"Microsoft.Office.UXPlatform.FluentSVRibbonOptionsMenu"}],"disabledList":[{"value":{"string":"false"},"valueName":"Microsoft.Office.UXPlatform.FluentSVRefresh"},{"value":{"string":"false"},"valueName":"Microsoft.Office.UXPlatform.RibbonTouchOptimization"},{"value":{"string":"false"},"valueName":"Microsoft.Office.UXPlatform.FluentSVRibbonOptionsMenu"}],"name":"L_visioVisualRefresh","displayName":"Configurações de atualização visual","explainText":"Ativar ou desativar a atualização visual. pode não funcionar para algumas versões do Office.\n\nDados fornecidos pelo Office Tool Plus.","tags":["L_Advanced"],"application":"visio16","key":"Software\\Microsoft\\Office\\16.0\\Common\\ExperimentConfigs\\ExternalFeatureOverrides\\visio"}]}