{"categories":[{"name":"L_MicrosoftOfficePublisher","displayName":"Microsoft Publisher 2016"},{"parentCategory":{"ref":"L_MicrosoftOfficePublisher"},"name":"L_PubOptions","displayName":"Opções do Publisher"},{"parentCategory":{"ref":"L_PubOptions"},"name":"L_Advanced","displayName":"Avançado"},{"parentCategory":{"ref":"L_Advanced"},"name":"L_ComplexScripts","displayName":"Scripts complexos"},{"parentCategory":{"ref":"L_PubOptions"},"name":"L_General","displayName":"Geral"},{"parentCategory":{"ref":"L_PubOptions"},"name":"L_Proofing","displayName":"Revisão de Texto"},{"parentCategory":{"ref":"L_PubOptions"},"name":"L_OptionsCustomizeRibbon","displayName":"Personalizar Faixa de Opções"},{"parentCategory":{"ref":"L_PubOptions"},"name":"L_Save","displayName":"Salvar"},{"parentCategory":{"ref":"L_MicrosoftOfficePublisher"},"name":"L_Miscellaneous","displayName":"Diversos"}],"policies":[{"parentCategory":{"ref":"L_OptionsCustomizeRibbon"},"supportedOn":{"ref":"windows:SUPPORTED_Windows7"},"enabledValue":{"decimal":{"value":1}},"disabledValue":{"decimal":{"value":0}},"name":"L_DisplayDeveloperTab","displayName":"Exibir guia Desenvolvedor na Faixa de Opções","explainText":"Essa configuração de política controla se a guia Desenvolvedor será exibida na Faixa de Opções.\n\nSe você habilitar essa configuração de política, a guia Desenvolvedor será exibida na Faixa de Opções.\n\nSe você desabilitar essa configuração de política, a guia Desenvolvedor não será exibida na Faixa de Opções.\n\nSe você não configurar essa definição de política, a guia Desenvolvedor não será exibida na Faixa de Opções, mas sua visibilidade\npoderá ser alterada por meio de uma configuração na caixa de diálogo Opções do aplicativo.","tags":["L_OptionsCustomizeRibbon","L_PubOptions","L_MicrosoftOfficePublisher"],"application":"pub16","key":"software\\microsoft\\office\\16.0\\publisher\\preferences","valueName":"developertools"},{"parentCategory":{"ref":"L_General"},"supportedOn":{"ref":"windows:SUPPORTED_Windows7"},"enabledValue":{"string":"1"},"disabledValue":{"string":"0"},"name":"L_ShowTheNewTemplateGalleryWhenStartingPublisher","displayName":"Mostrar a galeria de novos modelos ao iniciar o Publisher","explainText":"Marca/Desmarca a opção correspondente da interface do usuário.","tags":["L_General","L_PubOptions","L_MicrosoftOfficePublisher"],"application":"pub16","key":"software\\microsoft\\office\\16.0\\publisher\\preferences","valueName":"usestartupdlg"},{"parentCategory":{"ref":"L_Advanced"},"supportedOn":{"ref":"windows:SUPPORTED_Windows7"},"enabledValue":{"decimal":{"value":1}},"disabledValue":{"decimal":{"value":0}},"name":"L_TurnOffDragPreview","displayName":"Desativar visualização ao arrastar","explainText":"Essa configuração de política permite determinar se o Publisher mostra uma visualização semi-transparente ao arrastar ou um simples\ncontorno do objeto quando este é arrastado.\n\nSe você habilitar essa configuração de política, somente o contorno do objeto aparecerá quando ele estiver sendo arrastado.  Essa é\na configuração recomendada para computadores mais antigos, devido aos requisitos desse recurso.\n\nSe você desabilitar ou não definir essa configuração de política, uma visualização semi-transparente será exibida enquanto o objeto\nestiver sendo arrastado.","tags":["L_Advanced","L_PubOptions","L_MicrosoftOfficePublisher"],"application":"pub16","key":"software\\microsoft\\office\\16.0\\publisher\\preferences","valueName":"uselegacydrag"},{"parentCategory":{"ref":"L_Advanced"},"supportedOn":{"ref":"windows:SUPPORTED_Windows7"},"elements":{"items":[{"valueName":"max display","minValue":0,"minValueSpecified":true,"maxValue":50,"maxValueSpecified":true,"inputType":"decimalTextBox","id":"L_SetMaximumNumberOfMRUItemsToDisplaySpinID"}]},"name":"L_SetMaximumNumberOfMRUItemsToDisplay","displayName":"Número de publicações na lista de Publicações Recentes","explainText":"Esta configuração de política especifica o número de entradas exibidas na lista de Publicações Recentes que aparece quando os usuários clicam em Abrir na guia Arquivo do modo de exibição Backstage.\n\nSe você habilitar esta configuração de política, poderá especificar o número de entradas entre 0 e 50. Se definir o número como 0, todas as entradas fixadas e desafixadas serão ocultas.\n\nSe você desabilitar ou não definir esta configuração de política, um máximo de 25 itens serão exibidos na lista de Publicações Recentes.\n\nObservação: se quiser evitar totalmente que itens sejam adicionados à lista de Publicações Recentes, habilite a configuração de política do Windows “Não manter histórico de documentos abertos recentemente”.","tags":["L_Advanced","L_PubOptions","L_MicrosoftOfficePublisher"],"application":"pub16","key":"software\\microsoft\\office\\16.0\\publisher\\file mru"},{"parentCategory":{"ref":"L_Advanced"},"supportedOn":{"ref":"windows:SUPPORTED_Windows7"},"elements":{"items":[{"valueName":"max display","minValue":0,"minValueSpecified":true,"maxValue":20,"maxValueSpecified":true,"inputType":"decimalTextBox","id":"L_SetNumberOfPlacesInTheRecentPlacesListSpinID"}]},"name":"L_SetNumberOfPlacesInTheRecentPlacesList","displayName":"Número de pastas na lista de Pastas Recentes","explainText":"Esta configuração de política especifica o número de entradas desafixadas exibidas na lista de Pastas Recentes que aparece quando os usuários clicam em Abrir ou Salvar como na guia Arquivo do modo de exibição Backstage.\n\nSe você habilitar esta configuração de política, poderá especificar o número de entradas desafixadas entre 0 e 20. Se definir o número como 0, todas as entradas fixadas e desafixadas serão ocultas.\n\nSe você desabilitar ou não definir esta configuração de política, um máximo de 5 itens desafixados serão exibidos na lista de Pastas Recentes.\n\nObservação: se quiser evitar totalmente que itens sejam adicionados à lista de Pastas Recentes, habilite a configuração de política do Windows “Não manter histórico de documentos abertos recentemente”.","tags":["L_Advanced","L_PubOptions","L_MicrosoftOfficePublisher"],"application":"pub16","key":"software\\microsoft\\office\\16.0\\publisher\\place mru"},{"parentCategory":{"ref":"L_Advanced"},"supportedOn":{"ref":"windows:SUPPORTED_Windows7"},"enabledValue":{"string":"1"},"disabledValue":{"string":"0"},"name":"L_UseXPSEnhancedPrintPath","displayName":"Usar caminho de impressão aprimorado para XPS","explainText":"Essa configuração de política permite usar o caminho de impressão aprimorado para XPS, quando este estiver disponível. \n\nSe você habilitar ou não definir essa configuração de política, o caminho de impressão XPS será usado.\n\nSe você desabilitar essa configuração de política, o caminho de impressão XPS não será usado.","tags":["L_Advanced","L_PubOptions","L_MicrosoftOfficePublisher"],"application":"pub16","key":"software\\microsoft\\office\\16.0\\publisher\\preferences","valueName":"enablexpsprintpathprinting"},{"parentCategory":{"ref":"L_Advanced"},"supportedOn":{"ref":"windows:SUPPORTED_Windows7"},"enabledValue":{"string":"1"},"disabledValue":{"string":"0"},"name":"L_AutomaticallysubstitutefontformissingEAchars","displayName":"Substituir automaticamente fonte de caracteres do Leste Asiático ausentes","explainText":"Marca/Desmarca a opção correspondente da interface do usuário.","tags":["L_Advanced","L_PubOptions","L_MicrosoftOfficePublisher"],"application":"pub16","key":"software\\microsoft\\office\\16.0\\publisher\\preferences","valueName":"usefontlinking"},{"parentCategory":{"ref":"L_ComplexScripts"},"supportedOn":{"ref":"windows:SUPPORTED_Windows7"},"elements":{"items":[{"item":[{"value":{"string":"1"},"displayName":"Da Esquerda para a Direita"},{"value":{"string":"256"},"displayName":"Da Direita para a Esquerda"}],"valueName":"defaulttextflow","inputType":"dropdownList","id":"L_SetDefaultTextFlowDirectionDropID"}]},"name":"L_SetDefaultTextFlowDirection","displayName":"Definir direção do fluxo de texto padrão","explainText":"Essa configuração de política permite definir o fluxo de texto padrão entre RTL (Da Direita para a Esquerda) e LTR (Da Esquerda\npara a Direita).\n\nSe você habilitar essa configuração de política, poderá escolher se o texto fluirá como RTL ou LTR.\n\nSe você desabilitar ou não definir essa configuração de política, a configuração de fluxo de texto padrão será usada.","tags":["L_ComplexScripts","L_Advanced","L_PubOptions","L_MicrosoftOfficePublisher"],"application":"pub16","key":"software\\microsoft\\office\\16.0\\publisher\\preferences"},{"parentCategory":{"ref":"L_Advanced"},"supportedOn":{"ref":"windows:SUPPORTED_Windows7"},"enabledValue":{"string":"1"},"disabledValue":{"string":"0"},"name":"L_AutomaticallySwitchKeyboard","displayName":"Alternar automaticamente o teclado para corresponder ao idioma do texto em volta","explainText":"Marca/Desmarca a opção correspondente da interface do usuário.","tags":["L_Advanced","L_PubOptions","L_MicrosoftOfficePublisher"],"application":"pub16","key":"software\\microsoft\\office\\16.0\\publisher\\preferences","valueName":"autokeybd"},{"parentCategory":{"ref":"L_Advanced"},"supportedOn":{"ref":"windows:SUPPORTED_Windows7"},"enabledValue":{"string":"1"},"disabledValue":{"string":"0"},"name":"L_AllowTextToBeDraggedAndDropped","displayName":"Permitir que o texto seja arrastado e solto","explainText":"Marca/Desmarca a opção correspondente da interface do usuário.","tags":["L_Advanced","L_PubOptions","L_MicrosoftOfficePublisher"],"application":"pub16","key":"software\\microsoft\\office\\16.0\\publisher\\preferences","valueName":"textdragndrop"},{"parentCategory":{"ref":"L_Advanced"},"supportedOn":{"ref":"windows:SUPPORTED_Windows7"},"enabledValue":{"string":"1"},"disabledValue":{"string":"0"},"name":"L_Whenselectingautomaticallyselectentireword","displayName":"Ao selecionar, selecionar toda a palavra automaticamente","explainText":"Marca/Desmarca a opção correspondente da interface do usuário.","tags":["L_Advanced","L_PubOptions","L_MicrosoftOfficePublisher"],"application":"pub16","key":"software\\microsoft\\office\\16.0\\publisher\\preferences","valueName":"autowordsel"},{"parentCategory":{"ref":"L_Advanced"},"supportedOn":{"ref":"windows:SUPPORTED_Windows7"},"enabledValue":{"string":"1"},"disabledValue":{"string":"0"},"name":"L_Whenformattingautomaticallyformatentireword","displayName":"Ao formatar, formatar toda a palavra automaticamente","explainText":"Marca/Desmarca a opção correspondente da interface do usuário.","tags":["L_Advanced","L_PubOptions","L_MicrosoftOfficePublisher"],"application":"pub16","key":"software\\microsoft\\office\\16.0\\publisher\\preferences","valueName":"autowordformat"},{"parentCategory":{"ref":"L_Advanced"},"supportedOn":{"ref":"windows:SUPPORTED_Windows7"},"enabledValue":{"string":"1"},"disabledValue":{"string":"0"},"name":"L_UseChinesefontsizes","displayName":"Usar tamanhos de fontes chinesas","explainText":"Marca/Desmarca a opção correspondente da interface do usuário.","tags":["L_Advanced","L_PubOptions","L_MicrosoftOfficePublisher"],"application":"pub16","key":"software\\microsoft\\office\\16.0\\publisher\\preferences","valueName":"prcfontsizes"},{"parentCategory":{"ref":"L_Advanced"},"supportedOn":{"ref":"windows:SUPPORTED_Windows7"},"enabledValue":{"string":"1"},"disabledValue":{"string":"0"},"name":"L_AutomaticallyHyphenateInNewTextBoxes","displayName":"Hifenizar automaticamente em novas caixas de texto","explainText":"Marca/Desmarca a opção ''Hifenizar automaticamente em novas caixas de texto''.","tags":["L_Advanced","L_PubOptions","L_MicrosoftOfficePublisher"],"application":"pub16","key":"software\\microsoft\\office\\16.0\\publisher\\preferences","valueName":"defautohyph"},{"parentCategory":{"ref":"L_Advanced"},"supportedOn":{"ref":"windows:SUPPORTED_Windows7"},"enabledValue":{"string":"1"},"disabledValue":{"string":"0"},"name":"L_ShowScreenTipsonobjects","displayName":"Mostrar Dicas de Tela nos objetos","explainText":"Marca/Desmarca a opção correspondente da interface do usuário.","tags":["L_Advanced","L_PubOptions","L_MicrosoftOfficePublisher"],"application":"pub16","key":"software\\microsoft\\office\\16.0\\publisher\\preferences","valueName":"showobjecttooltips"},{"parentCategory":{"ref":"L_Advanced"},"supportedOn":{"ref":"windows:SUPPORTED_Windows7"},"enabledValue":{"string":"1"},"disabledValue":{"string":"0"},"name":"L_Enableincrementalpublishtoweb","displayName":"Habilitar publicação incremental na Web","explainText":"Marca/Desmarca a opção correspondente da interface do usuário.","tags":["L_Advanced","L_PubOptions","L_MicrosoftOfficePublisher"],"application":"pub16","key":"software\\microsoft\\office\\16.0\\publisher\\internet","valueName":"incrementalupload"},{"parentCategory":{"ref":"L_Advanced"},"supportedOn":{"ref":"windows:SUPPORTED_Windows7"},"enabledValue":{"string":"1"},"disabledValue":{"string":"0"},"name":"L_Sendentirepublicationasasingle","displayName":"Enviar a publicação inteira como uma única imagem JPEG","explainText":"Marca/Desmarca a opção correspondente da interface do usuário.","tags":["L_Advanced","L_PubOptions","L_MicrosoftOfficePublisher"],"application":"pub16","key":"software\\microsoft\\office\\16.0\\publisher\\internet","valueName":"emailasimg"},{"parentCategory":{"ref":"L_Advanced"},"supportedOn":{"ref":"windows:SUPPORTED_Windows7"},"enabledValue":{"string":"1"},"disabledValue":{"string":"0"},"name":"L_Promptuserwhenreapplyingastyle","displayName":"Avisar usuário ao reaplicar um estilo","explainText":"Marca/Desmarca a opção correspondente da interface do usuário.","tags":["L_Advanced","L_PubOptions","L_MicrosoftOfficePublisher"],"application":"pub16","key":"software\\microsoft\\office\\16.0\\publisher\\preferences","valueName":"prompttoupdatestyle"},{"parentCategory":{"ref":"L_Save"},"supportedOn":{"ref":"windows:SUPPORTED_Windows7"},"elements":{"items":[{"valueName":"autorecoversaveinterval","required":true,"requiredSpecified":true,"expandable":false,"expandableSpecified":true,"maxLength":2147483647,"maxLengthSpecified":false,"inputType":"textBox","caption":"Minutos (intervalo de 1 a 120):","id":"L_SaveAutoRecoverinfoeveryID"}]},"name":"L_SaveAutoRecoverinfoevery","displayName":"Salvar info. de AutoRecuperação a cada (minutos)","explainText":"Essa configuração de política permite especificar o intervalo de Salvar AutoRecuperação em minutos.\n\nSe você habilitar essa configuração de política, poderá especificar o intervalo de Salvar AutoRecuperação em minutos (intervalo\nválido: 1-120).\n\nSe você desabilitar ou não definir essa configuração de política, o intervalo especificado na interface do usuário será usado.\n","tags":["L_Save","L_PubOptions","L_MicrosoftOfficePublisher"],"application":"pub16","key":"software\\microsoft\\office\\16.0\\publisher\\preferences"},{"parentCategory":{"ref":"L_Save"},"supportedOn":{"ref":"windows:SUPPORTED_Windows7"},"enabledValue":{"string":"1"},"disabledValue":{"string":"0"},"name":"L_Allowbackgroundsaves","displayName":"Permitir salvamentos em segundo plano","explainText":"Marca/Desmarca a opção correspondente da interface do usuário.","tags":["L_Save","L_PubOptions","L_MicrosoftOfficePublisher"],"application":"pub16","key":"software\\microsoft\\office\\16.0\\publisher\\preferences","valueName":"backgroundsave"},{"parentCategory":{"ref":"L_Proofing"},"supportedOn":{"ref":"windows:SUPPORTED_Windows7"},"elements":{"items":[{"item":[{"value":{"decimal":{"value":1}},"displayName":"Verificar ortografia ao digitar"},{"value":{"decimal":{"value":2}},"displayName":"Ocultar erros de ortografia"},{"value":{"decimal":{"value":3}},"displayName":"Ambas"}],"valueName":"publisherspellingoptions","inputType":"dropdownList","id":"L_CheckspellingasyoutypeDropID"}]},"name":"L_Checkspellingasyoutype","displayName":"Verificar ortografia ao digitar","explainText":"Essa configuração de política permite definir opções para erros de ortografia.\n\nSe você habilitar essa configuração de política, poderá escolher uma destas opções:\n-  Verificar ortografia ao digitar: essa opção é marcada.\n-  Ocultar erros de ortografia: essa opção é marcada, mas a opção \"Verificar ortografia ao digitar\" é desmarcada.\n- Ambas: as opções \"Verificar ortografia ao digitar\" e \"Ocultar erros de ortografia\" são ambas marcadas.\n\nSe você habilitar ou não definir essa configuração de política, a opção \"Verificar ortografia ao digitar\" será marcada.","tags":["L_Proofing","L_PubOptions","L_MicrosoftOfficePublisher"],"application":"pub16","key":"software\\microsoft\\shared tools\\proofing tools\\1.0\\office"},{"parentCategory":{"ref":"L_Miscellaneous"},"supportedOn":{"ref":"windows:SUPPORTED_Windows7"},"enabledValue":{"string":"1"},"disabledValue":{"string":"0"},"name":"L_Promptusertosetupprinter","displayName":"Avisar usuário para configurar impressora","explainText":"Quando essa opção estiver definida, o Publisher mostrará um prompt para o usuário iniciar o Assistente para Configuração de Impressora quando uma nova impressora for encontrada.","tags":["L_Miscellaneous","L_MicrosoftOfficePublisher"],"application":"pub16","key":"software\\microsoft\\office\\16.0\\publisher\\preferences","valueName":"showprintersetup"},{"parentCategory":{"ref":"L_ComplexScripts"},"supportedOn":{"ref":"windows:SUPPORTED_Windows7"},"elements":{"items":[{"item":[{"value":{"string":"0"},"displayName":"Da esquerda para a direita"},{"value":{"string":"1"},"displayName":"Da direita para a esquerda"}],"valueName":"defaultrtl","inputType":"dropdownList","caption":"Direção padrão do Publisher","id":"L_defaultpublisherdirection3"}]},"name":"L_DefaultPublisherdirection","displayName":"Direção padrão do Publisher","explainText":"Especifica a orientação do layout padrão.","tags":["L_ComplexScripts","L_Advanced","L_PubOptions","L_MicrosoftOfficePublisher"],"application":"pub16","key":"software\\microsoft\\office\\16.0\\publisher\\preferences"},{"parentCategory":{"ref":"L_ComplexScripts"},"supportedOn":{"ref":"windows:SUPPORTED_Windows7"},"enabledValue":{"string":"1"},"disabledValue":{"string":"0"},"name":"L_UseSequenceChecking","displayName":"Usar verificação de sequência","explainText":"Marca/Desmarca a opção correspondente da interface do usuário.","tags":["L_ComplexScripts","L_Advanced","L_PubOptions","L_MicrosoftOfficePublisher"],"application":"pub16","key":"software\\microsoft\\office\\16.0\\publisher\\preferences","valueName":"seqcheck"},{"parentCategory":{"ref":"L_ComplexScripts"},"supportedOn":{"ref":"windows:SUPPORTED_Windows7"},"enabledValue":{"string":"1"},"disabledValue":{"string":"0"},"name":"L_Usetypeandreplace","displayName":"Usar digitar e substituir","explainText":"Marca/Desmarca a opção correspondente da interface do usuário.","tags":["L_ComplexScripts","L_Advanced","L_PubOptions","L_MicrosoftOfficePublisher"],"application":"pub16","key":"software\\microsoft\\office\\16.0\\publisher\\preferences","valueName":"typereplace"},{"parentCategory":{"ref":"L_Miscellaneous"},"supportedOn":{"ref":"windows:SUPPORTED_Windows7"},"enabledValue":{"string":"1"},"disabledValue":{"string":"0"},"name":"L_AdddoublequotesinHebrewalphabetnumbering","displayName":"Adicionar aspas duplas em numeração em hebraico","explainText":"Marcado: adiciona aspas duplas ('') à numeração em hebraico. | Desmarcado: não adiciona aspas duplas ('') à numeração em hebraico.","tags":["L_Miscellaneous","L_MicrosoftOfficePublisher"],"application":"pub16","key":"software\\microsoft\\office\\16.0\\publisher\\preferences","valueName":"dubquohebalpnum"},{"parentCategory":{"ref":"L_Miscellaneous"},"supportedOn":{"ref":"windows:SUPPORTED_Windows7"},"enabledValue":{"decimal":{"value":1}},"disabledValue":{"decimal":{"value":0}},"name":"L_DisableOfficeStartPublisher","displayName":"Desabilitar a tela inicial do Office para o Publisher","explainText":"Esta configuração de política controla se a tela inicial do Office aparece na inicialização do Publisher.\n\nSe você habilitar esta configuração de política, os usuários não verão a tela inicial do Office quando inicializarem o Publisher.\n\nSe você desabilitar ou não definir esta configuração de política, os usuários verão a tela inicial do Office quando inicializarem o Publisher.\n\nObservação: esta configuração de política será substituída pela configuração de política \"Microsoft Office 2016 > Diversos > Desabilitar a tela inicial do Office para todos os aplicativos do Office\" se esta última estiver definida.","tags":["L_Miscellaneous","L_MicrosoftOfficePublisher"],"application":"pub16","key":"software\\microsoft\\office\\16.0\\publisher\\preferences","valueName":"disableboottoofficestart"},{"parentCategory":{"ref":"L_Miscellaneous"},"supportedOn":{"ref":"windows:SUPPORTED_Windows7"},"elements":{"items":[{"valueName":"personaltemplates","requiredSpecified":false,"expandable":true,"expandableSpecified":true,"maxLength":2147483647,"maxLengthSpecified":false,"inputType":"textBox","caption":"Caminho de modelos pessoais","id":"L_PersonalTemplatesPath"}]},"name":"L_PersonalTemplatesPath","displayName":"Caminho de modelos pessoais para o Publisher","explainText":"Essa configuração de política especifica o local dos modelos pessoais de um usuário.\n\nSe você habilitar essa configuração de política, os usuários verão todos os modelos que eles salvaram no local especificado da guia de modelos personalizados na tela Inicial do Office e em Arquivo | Novo. Além disso, quando eles salvarem um modelo, suas pastas padrão mudarão para o local especificado. \n\nSe você desabilitar ou não definir essa configuração de política, os usuários não verão os modelos que eles salvaram na guia de modelos personalizados da tela Inicial do Office e em Novo | Novo. Além disso, quando eles salvarem um modelo, suas pastas padrão serão os locais de salvamento dos documentos.","tags":["L_Miscellaneous","L_MicrosoftOfficePublisher"],"application":"pub16","key":"software\\microsoft\\office\\16.0\\publisher\\preferences"},{"parentCategory":{"ref":"L_Miscellaneous"},"supportedOn":{"ref":"windows:SUPPORTED_Windows7"},"elements":{"items":[{"item":[{"value":{"decimal":{"value":0}},"displayName":"Em Destaque"},{"value":{"decimal":{"value":2}},"displayName":"Interno"},{"value":{"decimal":{"value":1}},"displayName":"Personalizado"}],"valueName":"officestartdefaulttab","inputType":"dropdownList","caption":"Guia padrão","id":"L_DefaultBuiltInTab"}]},"name":"L_DefaultBuiltInTab","displayName":"Guia padrão para mostrar no Publisher na tela inicial do Office e em Arquivo | Novo","explainText":"Esta configuração de política controla o que é exibido como a guia padrão no Publisher na tela inicial do Office e em Arquivo | Novo. \n\nSe você habilitar esta configuração de política, poderá escolher uma de duas opções para se tornar a guia padrão na tela inicial do Office e em Arquivo | Novo:\n\n* Interno – Os usuários verão a guia de modelos internos como a guia padrão no Publisher na tela inicial do Office e em Arquivo | Novo.\n\n* Personalizado – Os usuários verão a guia de modelos personalizados como a guia padrão no Publisher na tela inicial do Office e em Arquivo | Novo quando existirem modelos (isso pode incluir modelos programados XML personalizados, modelos no caminho de modelos do Grupo de Trabalho, modelos no caminho de modelos Pessoais ou modelos do SharePoint).\n\nSe você desabilitar ou não definir esta configuração de política, os usuários verão a guia de modelos Em Destaque como a guia padrão no Publisher na tela inicial do Office e em Arquivo | Novo","tags":["L_Miscellaneous","L_MicrosoftOfficePublisher"],"application":"pub16","key":"software\\microsoft\\office\\16.0\\publisher\\preferences"},{"parentCategory":{"ref":"L_Advanced"},"supportedOn":{"ref":"windows:SUPPORTED_Windows7"},"enabledList":[{"value":{"string":"true"},"valueName":"Microsoft.Office.UXPlatform.FluentSVRefresh"},{"value":{"string":"true"},"valueName":"Microsoft.Office.UXPlatform.RibbonTouchOptimization"},{"value":{"string":"true"},"valueName":"Microsoft.Office.UXPlatform.FluentSVRibbonOptionsMenu"}],"disabledList":[{"value":{"string":"false"},"valueName":"Microsoft.Office.UXPlatform.FluentSVRefresh"},{"value":{"string":"false"},"valueName":"Microsoft.Office.UXPlatform.RibbonTouchOptimization"},{"value":{"string":"false"},"valueName":"Microsoft.Office.UXPlatform.FluentSVRibbonOptionsMenu"}],"name":"L_publisherVisualRefresh","displayName":"Configurações de atualização visual","explainText":"Ativar ou desativar a atualização visual. pode não funcionar para algumas versões do Office.\n\nDados fornecidos pelo Office Tool Plus.","tags":["L_Advanced"],"application":"pub16","key":"Software\\Microsoft\\Office\\16.0\\Common\\ExperimentConfigs\\ExternalFeatureOverrides\\publisher"}]}