{"categories":[{"name":"L_MicrosoftOfficeaccess","displayName":"Microsoft Access 2016"},{"parentCategory":{"ref":"L_MicrosoftOfficeaccess"},"name":"L_ApplicationSettings","displayName":"アプリケーションの設定"},{"parentCategory":{"ref":"L_ApplicationSettings"},"name":"L_International","displayName":"インターナショナル"},{"parentCategory":{"ref":"L_ApplicationSettings"},"name":"L_WebOptions","displayName":"Web オプション..."},{"parentCategory":{"ref":"L_WebOptions"},"name":"L_General","displayName":"全般"},{"parentCategory":{"ref":"L_ApplicationSettings"},"name":"L_general5","displayName":"全般"},{"parentCategory":{"ref":"L_ApplicationSettings"},"name":"L_Security","displayName":"セキュリティ"},{"parentCategory":{"ref":"L_Security"},"name":"L_Cryptography","displayName":"暗号化"},{"parentCategory":{"ref":"L_Security"},"name":"L_TrustCenter","displayName":"セキュリティ センター"},{"parentCategory":{"ref":"L_TrustCenter"},"name":"L_TrustedLocations","displayName":"信頼できる場所"},{"parentCategory":{"ref":"L_MicrosoftOfficeaccess"},"name":"L_Customizableerrormessages","displayName":"ユーザー設定可能なエラー メッセージ"},{"parentCategory":{"ref":"L_MicrosoftOfficeaccess"},"name":"L_Disableitemsinuserinterface","displayName":"ユーザー インターフェイスの項目を無効にする"},{"parentCategory":{"ref":"L_Disableitemsinuserinterface"},"name":"L_Custom","displayName":"ユーザー設定"},{"parentCategory":{"ref":"L_MicrosoftOfficeaccess"},"name":"L_Miscellaneous","displayName":"その他"}],"policies":[{"parentCategory":{"ref":"L_International"},"supportedOn":{"ref":"windows:SUPPORTED_Windows7"},"elements":{"items":[{"item":[{"value":{"decimal":{"value":0}},"displayName":"左から右"},{"value":{"decimal":{"value":1}},"displayName":"右から左"}],"valueName":"new tables/queries/forms/reports","inputType":"dropdownList","caption":"既定の方向","id":"L_defaultdirection0"}]},"name":"L_Defaultdirection","displayName":"既定の方向","explainText":"横書きのテキストの既定の方向を指定します。","tags":["L_International","L_ApplicationSettings","L_MicrosoftOfficeaccess"],"application":"access16","key":"software\\microsoft\\office\\16.0\\access\\settings"},{"parentCategory":{"ref":"L_International"},"supportedOn":{"ref":"windows:SUPPORTED_Windows7"},"elements":{"items":[{"item":[{"value":{"decimal":{"value":0}},"displayName":"インターフェイス モード"},{"value":{"decimal":{"value":1}},"displayName":"テキスト モード"}],"valueName":"general alignment","inputType":"dropdownList","caption":"通常の並び順","id":"L_generalalignment1"}]},"name":"L_GeneralAlignment","displayName":"通常の並び順","explainText":"テキストの既定の並び順を指定します。","tags":["L_International","L_ApplicationSettings","L_MicrosoftOfficeaccess"],"application":"access16","key":"software\\microsoft\\office\\16.0\\access\\settings"},{"parentCategory":{"ref":"L_International"},"supportedOn":{"ref":"windows:SUPPORTED_Windows7"},"elements":{"items":[{"item":[{"value":{"decimal":{"value":0}},"displayName":"論理的"},{"value":{"decimal":{"value":1}},"displayName":"視覚的"}],"valueName":"cursor","inputType":"dropdownList","caption":"カーソル移動","id":"L_cursormovement2"}]},"name":"L_Cursormovement","displayName":"カーソル移動","explainText":"既定のカーソル移動モードを指定します。","tags":["L_International","L_ApplicationSettings","L_MicrosoftOfficeaccess"],"application":"access16","key":"software\\microsoft\\office\\16.0\\access\\settings"},{"parentCategory":{"ref":"L_General"},"supportedOn":{"ref":"windows:SUPPORTED_Windows7"},"elements":{"items":[{"item":[{"value":{"decimal":{"value":0}},"displayName":"黒"},{"value":{"decimal":{"value":1}},"displayName":"栗色"},{"value":{"decimal":{"value":2}},"displayName":"緑"},{"value":{"decimal":{"value":3}},"displayName":"オリーブ"},{"value":{"decimal":{"value":4}},"displayName":"濃い青"},{"value":{"decimal":{"value":5}},"displayName":"紫"},{"value":{"decimal":{"value":6}},"displayName":"青緑"},{"value":{"decimal":{"value":7}},"displayName":"灰色"},{"value":{"decimal":{"value":8}},"displayName":"銀色"},{"value":{"decimal":{"value":9}},"displayName":"赤"},{"value":{"decimal":{"value":10}},"displayName":"明るい緑"},{"value":{"decimal":{"value":11}},"displayName":"黄"},{"value":{"decimal":{"value":12}},"displayName":"青"},{"value":{"decimal":{"value":13}},"displayName":"赤紫"},{"value":{"decimal":{"value":14}},"displayName":"水色"},{"value":{"decimal":{"value":15}},"displayName":"白"}],"valueName":"hyperlinkcolor","inputType":"dropdownList","caption":"ハイパーリンクの色","id":"L_hyperlinkcolor3"}]},"name":"L_Hyperlinkcolor","displayName":"ハイパーリンクの色","explainText":"ハイパーリンクの既定の色を指定します。","tags":["L_General","L_WebOptions","L_ApplicationSettings","L_MicrosoftOfficeaccess"],"application":"access16","key":"software\\microsoft\\office\\16.0\\access\\internet"},{"parentCategory":{"ref":"L_General"},"supportedOn":{"ref":"windows:SUPPORTED_Windows7"},"elements":{"items":[{"item":[{"value":{"decimal":{"value":0}},"displayName":"黒"},{"value":{"decimal":{"value":1}},"displayName":"栗色"},{"value":{"decimal":{"value":2}},"displayName":"緑"},{"value":{"decimal":{"value":3}},"displayName":"オリーブ"},{"value":{"decimal":{"value":4}},"displayName":"濃い青"},{"value":{"decimal":{"value":5}},"displayName":"紫"},{"value":{"decimal":{"value":6}},"displayName":"青緑"},{"value":{"decimal":{"value":7}},"displayName":"灰色"},{"value":{"decimal":{"value":8}},"displayName":"銀色"},{"value":{"decimal":{"value":9}},"displayName":"赤"},{"value":{"decimal":{"value":10}},"displayName":"明るい緑"},{"value":{"decimal":{"value":11}},"displayName":"黄"},{"value":{"decimal":{"value":12}},"displayName":"青"},{"value":{"decimal":{"value":13}},"displayName":"赤紫"},{"value":{"decimal":{"value":14}},"displayName":"水色"},{"value":{"decimal":{"value":15}},"displayName":"白"}],"valueName":"followedhyperlinkcolor","inputType":"dropdownList","caption":"表示済みのハイパーリンクの色","id":"L_followedhyperlinkcolor4"}]},"name":"L_Followedhyperlinkcolor","displayName":"表示済みのハイパーリンクの色","explainText":"表示済みのハイパーリンクの既定の色を指定します。","tags":["L_General","L_WebOptions","L_ApplicationSettings","L_MicrosoftOfficeaccess"],"application":"access16","key":"software\\microsoft\\office\\16.0\\access\\internet"},{"parentCategory":{"ref":"L_General"},"supportedOn":{"ref":"windows:SUPPORTED_Windows7"},"enabledValue":{"decimal":{"value":0}},"disabledValue":{"decimal":{"value":1}},"name":"L_Underlinehyperlinks","displayName":"ハイパーリンクに下線を引く","explainText":"このポリシー設定では、Access のテーブル、クエリ、フォーム、およびレポートのハイパーリンクに下線を表示するかどうかを指定します。\n      \nこのポリシー設定を有効にした場合、Access で作成されるテーブル、クエリ、フォーム、およびレポートのハイパーリンクに常に下線が表示されます。この設定は、ユーザーのコンピューター上のどの構成変更よりも優先されます。\n      \nこのポリシー設定を無効にした場合、テーブル、クエリ、フォーム、およびレポートのハイパーリンクに下線は表示されません。\n      \nこのポリシー設定を未構成にした場合、テーブル、クエリ、フォーム、およびレポートのハイパーリンクに下線が表示されます。\n      \nこのポリシー設定を有効にすると、Access の既定の構成が有効になるため、ユーザーの利便性に大きな問題が起きる可能性はほとんどありません。この構成を変更した場合、ユーザーが知らないうちに危険なハイパーリンクをクリックして、セキュリティ上の問題を引き起こす可能性があります。","tags":["L_General","L_WebOptions","L_ApplicationSettings","L_MicrosoftOfficeaccess"],"application":"access16","key":"software\\microsoft\\office\\16.0\\access\\internet","valueName":"donotunderlinehyperlinks"},{"parentCategory":{"ref":"L_general5"},"supportedOn":{"ref":"windows:SUPPORTED_Windows7"},"elements":{"items":[{"valueName":"max display","minValue":0,"minValueSpecified":true,"maxValue":50,"maxValueSpecified":true,"inputType":"decimalTextBox","caption":"ファイルの数: ","id":"L_Numberofentries"}]},"name":"L_Recentlyusedfilelist","displayName":"最近使用したファイルの一覧に表示するファイルの数","explainText":"このポリシー設定では、Backstage ビューの [ファイル] タブで [開く] をクリックしたときに、最近使用したファイルの一覧に表示されるファイルの数を指定します。\n\nこのポリシー設定を有効にした場合、ファイルの数を 0 ～ 50 の範囲で指定できます。この数値を 0 に設定した場合、固定したファイルも固定していないファイルも表示されません。\n\nこのポリシー設定を無効にするか、構成しない場合、最近使用したファイルの一覧に最大 25 項目が表示されます。\n\n注意: 最近使用したファイルの一覧に項目が追加されないようにするには、Windows の [最近使ったファイルの履歴を保存しない] ポリシー設定を有効にしてください。","tags":["L_general5","L_ApplicationSettings","L_MicrosoftOfficeaccess"],"application":"access16","key":"software\\microsoft\\office\\16.0\\access\\file mru"},{"parentCategory":{"ref":"L_general5"},"supportedOn":{"ref":"windows:SUPPORTED_Windows7"},"elements":{"items":[{"valueName":"max display","minValue":0,"minValueSpecified":true,"maxValue":20,"maxValueSpecified":true,"inputType":"decimalTextBox","caption":"フォルダーの数:","id":"L_SetNumberOfPlacesInTheRecentPlacesListSpinID"}]},"name":"L_SetNumberOfPlacesInTheRecentPlacesList","displayName":"最近使用したフォルダーの一覧に表示するフォルダーの数","explainText":"このポリシー設定では、Backstage ビューの [ファイル] タブで [開く] または [名前を付けて保存] をクリックしたときに最近使用したフォルダーの一覧に、固定していないフォルダーがいくつ表示されるかを指定します。\n\nこのポリシー設定を有効にした場合、固定していないフォルダーの数を 0 ～ 20 の範囲で指定できます。この数値を 0 に設定した場合、固定したフォルダーも固定していないフォルダーも表示されません。\n\nこのポリシー設定を無効にするか、構成しない場合、最近使用したフォルダーの一覧には固定していない項目が最大 5 個表示されます。\n\n注意: 最近使用したフォルダーの一覧に項目が追加されないようにするには、Windows の [最近使ったファイルの履歴を保存しない] ポリシー設定を有効にしてください。","tags":["L_general5","L_ApplicationSettings","L_MicrosoftOfficeaccess"],"application":"access16","key":"software\\microsoft\\office\\16.0\\access\\place mru"},{"parentCategory":{"ref":"L_general5"},"supportedOn":{"ref":"windows:SUPPORTED_Windows7"},"elements":{"items":[{"valueName":"default database directory","requiredSpecified":false,"expandableSpecified":false,"maxLength":2147483647,"maxLengthSpecified":false,"inputType":"textBox","caption":"既定のデータベース フォルダー","id":"L_defaultdatabasefolder6"}]},"name":"L_Defaultdatabasefolder","displayName":"既定のデータベース フォルダー","explainText":"既定の作業フォルダーを指定します。","tags":["L_general5","L_ApplicationSettings","L_MicrosoftOfficeaccess"],"application":"access16","key":"software\\microsoft\\office\\16.0\\access\\settings"},{"parentCategory":{"ref":"L_Cryptography"},"supportedOn":{"ref":"windows:SUPPORTED_Windows7"},"elements":{"items":[{"valueName":"cipheralgorithm","required":true,"requiredSpecified":true,"expandableSpecified":false,"maxLength":2147483647,"maxLengthSpecified":false,"inputType":"textBox","caption":"CNG 暗号アルゴリズム:","id":"L_SetCNGCipherAlgorithmID"}]},"name":"L_SetCNGCipherAlgorithm","displayName":"CNG 暗号アルゴリズムを設定する","explainText":"このポリシー設定では、使用する CNG 暗号アルゴリズムを構成できます。\n\nこのポリシー設定を有効にし、暗号がサポートされているアルゴリズムであった場合、入力した暗号が使用されます。\n\nこのポリシー設定を無効にするか、または未構成にした場合、AES が使用されます。","tags":["L_Cryptography","L_Security","L_ApplicationSettings","L_MicrosoftOfficeaccess"],"application":"access16","key":"software\\microsoft\\office\\16.0\\access\\security\\crypto"},{"parentCategory":{"ref":"L_Cryptography"},"supportedOn":{"ref":"windows:SUPPORTED_Windows7"},"elements":{"items":[{"item":[{"value":{"string":"ChainingModeCBC"},"displayName":"暗号ブロック チェーン (CBC)"},{"value":{"string":"ChainingModeCFB"},"displayName":"暗号フィードバック (CFB)"}],"valueName":"cipherchaining","inputType":"dropdownList","id":"L_ConfigureCNGCipherChainingModeDropID"}]},"name":"L_ConfigureCNGCipherChainingMode","displayName":"CNG 暗号チェーン モードを構成する","explainText":"このポリシー設定では、使用する暗号チェーン モードを構成できます。\n\nこのポリシー設定を有効にした場合、指定した暗号チェーン モードが適用されます。\n\nこのポリシー設定を無効にするか、または未構成にした場合、暗号ブロック チェーン (CBC) が既定の CNG 暗号チェーン モードとして使用されます。","tags":["L_Cryptography","L_Security","L_ApplicationSettings","L_MicrosoftOfficeaccess"],"application":"access16","key":"software\\microsoft\\office\\16.0\\access\\security\\crypto"},{"parentCategory":{"ref":"L_Cryptography"},"supportedOn":{"ref":"windows:SUPPORTED_Windows7"},"elements":{"items":[{"valueName":"cipherkeybits","minValue":0,"minValueSpecified":true,"maxValue":1000000,"maxValueSpecified":true,"inputType":"decimalTextBox","caption":"暗号キーの長さ","id":"L_SetCNGCipherKeyLengthSpinID"}]},"name":"L_SetCNGCipherKeyLength","displayName":"CNG 暗号キーの長さを設定する","explainText":"このポリシー設定では、暗号キーを作成する際に使用するビット数を構成できます。この数字は 8 の倍数に切り捨てられます。\n\nこのポリシー設定を有効にした場合、指定したキー ビットが使用されます。\n\nこのポリシー設定を無効にするか、または未構成にした場合、既定値が使用されます。","tags":["L_Cryptography","L_Security","L_ApplicationSettings","L_MicrosoftOfficeaccess"],"application":"access16","key":"software\\microsoft\\office\\16.0\\access\\security\\crypto"},{"parentCategory":{"ref":"L_Cryptography"},"supportedOn":{"ref":"windows:SUPPORTED_Windows7"},"elements":{"items":[{"item":[{"value":{"decimal":{"value":0}},"displayName":"以前の形式を使用する"},{"value":{"decimal":{"value":1}},"displayName":"次世代の形式を使用する"},{"value":{"decimal":{"value":2}},"displayName":"すべてのファイルを次世代形式で保存する"}],"valueName":"compatmode","inputType":"dropdownList","id":"L_SpecifyEncryptionCompatibilityDropID"}]},"name":"L_SpecifyEncryptionCompatibility","displayName":"暗号化の互換性を指定する","explainText":"このポリシー設定では、暗号化されたデータベースの互換性を指定できます。\n\nこのポリシー設定を有効にすると、新しいファイルの暗号化中に指定した互換性の形式が適用されます。\n- 以前の形式を使用する\n- 次世代の形式を使用する\n- すべてのファイルを次世代の形式で保存する\n\nこのポリシー設定を無効にするか、未構成にした場合、既定の設定 ([次世代の形式を使用する]) が適用されます。","tags":["L_Cryptography","L_Security","L_ApplicationSettings","L_MicrosoftOfficeaccess"],"application":"access16","key":"software\\microsoft\\office\\16.0\\access\\security\\crypto"},{"parentCategory":{"ref":"L_Cryptography"},"supportedOn":{"ref":"windows:SUPPORTED_Windows7"},"elements":{"items":[{"valueName":"context","required":true,"requiredSpecified":true,"expandableSpecified":false,"maxLength":2147483647,"maxLengthSpecified":false,"inputType":"textBox","caption":"パラメーター","id":"L_SetParametersForCNGContextID"}]},"name":"L_SetParametersForCNGContext","displayName":"CNG コンテキストにパラメーターを設定する","explainText":"このポリシー設定では、CNG コンテキストに使用する必要がある暗号化パラメーターを指定できます。\n\nこのポリシー設定を有効にすると、指定したパラメーターが CNG コンテキストに渡されます。\n\nこのポリシー設定を無効にするか、未構成にした場合、既定の CNG の値が使用されます。","tags":["L_Cryptography","L_Security","L_ApplicationSettings","L_MicrosoftOfficeaccess"],"application":"access16","key":"software\\microsoft\\office\\16.0\\access\\security\\crypto"},{"parentCategory":{"ref":"L_Cryptography"},"supportedOn":{"ref":"windows:SUPPORTED_Windows7"},"elements":{"items":[{"item":[{"value":{"string":"SHA1"},"displayName":"SHA-1"},{"value":{"string":"SHA256"},"displayName":"SHA-256"},{"value":{"string":"SHA384"},"displayName":"SHA-384"},{"value":{"string":"SHA512"},"displayName":"SHA-512"}],"valueName":"hashalgorithm","inputType":"dropdownList","id":"L_SpecifyCNGHashAlgorithmDropID"}]},"name":"L_SpecifyCNGHashAlgorithm","displayName":"CNG ハッシュ アルゴリズムを指定する","explainText":"このポリシー設定では、使用するハッシュ アルゴリズムを指定できます。\n\nこのポリシー設定を有効にすると、選択したハッシュ アルゴリズムが CNG で使用されます。\n\nこのポリシー設定を無効にするか、未構成にした場合、既定の CNG ハッシュアルゴリズムが使用されます。","tags":["L_Cryptography","L_Security","L_ApplicationSettings","L_MicrosoftOfficeaccess"],"application":"access16","key":"software\\microsoft\\office\\16.0\\access\\security\\crypto"},{"parentCategory":{"ref":"L_Cryptography"},"supportedOn":{"ref":"windows:SUPPORTED_Windows7"},"elements":{"items":[{"valueName":"passwordspincount","minValue":0,"minValueSpecified":true,"maxValue":10000000,"maxValueSpecified":true,"inputType":"decimalTextBox","id":"L_SetCNGPasswordSpinCountSpinID"}]},"name":"L_SetCNGPasswordSpinCount","displayName":"CNG パスワードのスピン数を設定する","explainText":"このポリシー設定では、パスワード検証をスピンする (リハッシュする) 回数を指定できます。\n\nこのポリシー設定を有効にすると、指定した数字がパスワードをリハッシュする回数になります。\n\nこのポリシー設定を無効にするか、未構成にした場合、既定 (100,000) が使用されます。","tags":["L_Cryptography","L_Security","L_ApplicationSettings","L_MicrosoftOfficeaccess"],"application":"access16","key":"software\\microsoft\\office\\16.0\\access\\security\\crypto"},{"parentCategory":{"ref":"L_Cryptography"},"supportedOn":{"ref":"windows:SUPPORTED_Windows7"},"elements":{"items":[{"valueName":"rngalgorithm","required":true,"requiredSpecified":true,"expandableSpecified":false,"maxLength":2147483647,"maxLengthSpecified":false,"inputType":"textBox","caption":"乱数ジェネレーター:","id":"L_SpecifyCNGRandomNumberGeneratorAlgorithmID"}]},"name":"L_SpecifyCNGRandomNumberGeneratorAlgorithm","displayName":"CNG 乱数ジェネレーター アルゴリズムを指定する","explainText":"このポリシー設定では、使用する CNG 乱数ジェネレーターを構成できます。\n\nこのポリシー設定を有効にした場合、指定した乱数ジェネレーターが使用されます。\n\nこのポリシー設定を無効にするか、または未構成にした場合、既定の乱数ジェネレーターが使用されます。","tags":["L_Cryptography","L_Security","L_ApplicationSettings","L_MicrosoftOfficeaccess"],"application":"access16","key":"software\\microsoft\\office\\16.0\\access\\security\\crypto"},{"parentCategory":{"ref":"L_Cryptography"},"supportedOn":{"ref":"windows:SUPPORTED_Windows7"},"elements":{"items":[{"valueName":"saltbytes","minValue":0,"minValueSpecified":true,"maxValue":5000,"maxValueSpecified":true,"inputType":"decimalTextBox","caption":"バイト数","id":"L_SpecifyCNGSaltLengthSpinID"}]},"name":"L_SpecifyCNGSaltLength","displayName":"CNG ソルト長を指定する","explainText":"このポリシー設定では、使用する必要があるソルトのバイト数を指定できます。\n\nこのポリシー設定を有効にした場合、指定したバイトが使用されます。\n\nこのポリシー設定を無効にするか、未構成にした場合、既定の長さか、または 16 が使用されます。","tags":["L_Cryptography","L_Security","L_ApplicationSettings","L_MicrosoftOfficeaccess"],"application":"access16","key":"software\\microsoft\\office\\16.0\\access\\security\\crypto"},{"parentCategory":{"ref":"L_TrustCenter"},"supportedOn":{"ref":"windows:SUPPORTED_Windows7"},"elements":{"items":[{"valueName":"maxtrusteddocuments","minValue":0,"minValueSpecified":true,"maxValue":20000,"maxValueSpecified":true,"inputType":"decimalTextBox","caption":"最大数:","id":"L_SetMaximumNumberOfTrustedDocumentsSpinID"}]},"name":"L_SetMaximumNumberOfTrustedDocuments","displayName":"信頼済みドキュメントの最大数を設定する","explainText":"このポリシー設定では、消去タスクを実行する前にレジストリに保存できる信頼済みドキュメントのセキュリティ レコードの最大数を指定できます。消去タスクは、レジストリに保存された信頼済みドキュメントの数を [保存するセキュリティ レコードの最大数を設定する] ポリシー設定で指定された数まで減らします。\n\nこのポリシー設定を有効にした場合は、消去タスクを実行する前にレジストリに保存できる信頼済みドキュメントの数を指定できます (上限 20,000)。パフォーマンスを確保するため、上限に設定することはお勧めしません。\n\nこのポリシー設定を無効にするか、未構成にした場合、消去タスクを実行する前にレジストリに保存できる信頼済みドキュメントの最大数として、既定値の 500 が使用されます。","tags":["L_TrustCenter","L_Security","L_ApplicationSettings","L_MicrosoftOfficeaccess"],"application":"access16","key":"software\\microsoft\\office\\16.0\\access\\security\\trusted documents"},{"parentCategory":{"ref":"L_TrustCenter"},"supportedOn":{"ref":"windows:SUPPORTED_Windows7"},"elements":{"items":[{"valueName":"maxpreservetrusteddocuments","minValue":0,"minValueSpecified":true,"maxValue":20000,"maxValueSpecified":true,"inputType":"decimalTextBox","caption":"保存の上限:","id":"L_SetMaximumNumberOfTrustRecordsToPreserveSpinID"}]},"name":"L_SetMaximumNumberOfTrustRecordsToPreserve","displayName":"保存するセキュリティ レコードの 最大数を設定する","explainText":"このポリシー設定では、このアプリケーションに [信頼済みドキュメントの最大数を設定する] ポリシー設定で設定された数よりも多くの信頼済みドキュメントがあることを消去タスクが検出した際に、保存するセキュリティ レコードの最大数を指定できます。\n\nこのポリシー設定を有効にすると、保存するセキュリティ レコードの最大数を指定できます (最大 20,000)。パフォーマンスを確保するため、上限に設定することはお勧めしません。\n\nこのポリシー設定を無効にするか、未構成にした場合、既定値の 400 が使用されます。","tags":["L_TrustCenter","L_Security","L_ApplicationSettings","L_MicrosoftOfficeaccess"],"application":"access16","key":"software\\microsoft\\office\\16.0\\access\\security\\trusted documents"},{"parentCategory":{"ref":"L_TrustCenter"},"supportedOn":{"ref":"windows:SUPPORTED_Windows7"},"elements":{"items":[{"item":[{"value":{"decimal":{"value":2}},"displayName":"通知してすべてを無効にする"},{"value":{"decimal":{"value":3}},"displayName":"デジタル署名付きのマクロを除くすべてのマクロを無効にする"},{"value":{"decimal":{"value":4}},"displayName":"通知せずにすべてを無効にする"},{"value":{"decimal":{"value":1}},"displayName":"すべてのマクロを有効にする (推奨しません)"}],"valueName":"vbawarnings","inputType":"dropdownList","id":"L_Empty"},{"trueValue":{"decimal":{"value":1}},"falseValue":{"decimal":{"value":0}},"valueName":"vbadigsigtrustedpublishers","key":"software\\microsoft\\office\\16.0\\access\\security","inputType":"checkBox","caption":"信頼できる発行元による署名をマクロに要求する","id":"L_VBADigSigTrustedPublishersStr"},{"trueValue":{"decimal":{"value":1}},"falseValue":{"decimal":{"value":0}},"valueName":"vbarequirelmtrustedpublisher","key":"software\\microsoft\\office\\16.0\\access\\security","inputType":"checkBox","caption":"現在のユーザー証明書ストアにのみインストールされている信頼できる発行元からの証明書をブロックする","id":"L_VBAOnlyAllowLMTrustedPublisherStr"},{"trueValue":{"decimal":{"value":1}},"falseValue":{"decimal":{"value":0}},"valueName":"vbarequiredigsigwithcodesigningeku","key":"software\\microsoft\\office\\16.0\\access\\security","inputType":"checkBox","caption":"信頼できる発行元からの証明書には、拡張キー使用法 (EKU) が必要です","id":"L_VBAOnlyAllowDigSigWithCodeSigningEKUStr"}]},"name":"L_VBAWarningsPolicy","displayName":"VBA マクロ通知設定","explainText":"このポリシー設定では、Visual Basic for Applications (VBA) マクロが存在する場合に、指定したアプリケーションでユーザーに警告を表示する方法を指定します。\n\nこのポリシー設定を有効にした場合、指定したアプリケーションでマクロに関する警告をユーザーに表示する方法を、次の 4 つのオプションから選べます。\n \n- [通知してすべてを無効にする]: 署名の有無にかかわらず、すべてのマクロについてセキュリティ バーを表示します。このオプションでは、Office の既定の構成が適用されます。\n \n- [デジタル署名付きのマクロを除くすべてのマクロを無効にする]: デジタル署名付きのマクロについてセキュリティ バーで警告を表示します。ユーザーはこのマクロを有効にするか、または無効のままにできます。署名のないマクロは無効になり、ユーザーには通知されません。\n \n- [通知せずにすべてを無効にする]: 署名の有無にかかわらず、すべてのマクロを無効にします。ユーザーには通知されません。\n \n- [すべてのマクロを有効にする] (推奨しません): 署名の有無にかかわらず、すべてのマクロを有効にします。このオプションを選んだ場合、危険なコードの実行が検出されなくなるため、セキュリティが大幅に低下します。\n \nこのポリシー設定を無効にした場合、[通知せずにすべてを無効にする] が既定の設定になります。\n \nこのポリシー設定を未構成にした場合、指定したアプリケーションで VBA マクロを含むファイルを開くときに、このファイルはマクロが無効にされた状態で開きます。このとき、マクロが存在しており、無効にされたことを示すセキュリティ バーの警告が表示されます。ユーザーは必要に応じてファイルを検査して編集できますが、無効化された機能を使うことはできません。これらの機能を使うには、セキュリティ バーで [コンテンツを有効にする] をクリックして機能を有効にする必要があります。ユーザーが [コンテンツを有効にする] をクリックすると、ドキュメントは信頼済みのドキュメントとして追加されます。\n \n[デジタル署名付きのマクロを除くすべてのマクロを無効にする] を選択した場合、セキュリティを向上させるために [信頼できる発行元による署名をマクロに要求する] チェック ボックスも選択することをお勧めします。\n\n[信頼できる発行元による署名をマクロに要求する] チェック ボックスを選択した場合、デジタル署名付きのマクロを開いているが、それが信頼できる発行元によって署名されているファイルではないユーザーは、マクロの実行がブロックされているという通知を受け取ることになります。そして、セキュリティ向上のために選択をお勧めするチェック ボックスが 2 つ追加されます。\n\n- 現在のユーザー証明書ストアにインストールされている信頼できる発行元からの証明書をブロックする\n\n- 信頼できる発行元からの証明書には、拡張キー使用法 (EKU) が必要です\n\n注: これら 2 つのチェック ボックスは、[信頼できる発行元による署名をマクロに要求する] チェック ボックスを選択した場合にのみ適用されます。\n\n[Block certificates from trusted publishers that are installed in the local machine certificate store] (ローカル コンピューターの証明書ストアにインストールされている信頼できる発行元からの証明書をブロックする) を選択した場合、信頼できる発行元からの証明書が現在のユーザー証明書ストアにインストールされていても、マクロは実行されません。マクロを実行するには、ローカル コンピューターの証明書ストアに証明書がインストールされている必要があります。ローカル コンピューターの証明書ストアに証明書をインストールできるのは、コンピューターに対する管理者アクセス権を持つアカウントのみです。\n\n[信頼できる発行元からの証明書には、拡張キー使用法 (EKU) が必要です] チェック ボックスを選択した場合、EKU には証明書の用途の 1 つとして \"コード署名\" が含まれている必要があります。\n\n重要: [デジタル署名付きのマクロを除くすべてのマクロを無効にする] を選んだ場合、署名のない Access データベースを開くことができなくなります。\n \nまた、Microsoft Office では、信頼できる発行元の証明書は Internet Explorer の信頼できる発行元ストアに格納されます。以前のバージョンの Microsoft Office では、信頼できる発行元の証明書情報 (特に、証明書の拇印) は、Office の特別な信頼できる発行元ストアに格納されていました。Microsoft Office でも引き続き Office の信頼できる発行元ストアから証明書情報を読み取ることはできますが、このストアに情報を書き込むことはありません。\n \nしたがって、以前のバージョンの Microsoft Office で信頼できる発行元の一覧を作成した後で Office にアップグレードした場合、その一覧は引き続き認識されます。ただし、信頼できる発行元の証明書を一覧に追加した場合、その情報は Internet Explorer の信頼できる発行元ストアに格納されます。","tags":["L_TrustCenter","L_Security","L_ApplicationSettings","L_MicrosoftOfficeaccess"],"application":"access16","key":"software\\microsoft\\office\\16.0\\access\\security"},{"parentCategory":{"ref":"L_TrustCenter"},"supportedOn":{"ref":"windows:SUPPORTED_Windows7"},"enabledValue":{"decimal":{"value":1}},"disabledValue":{"decimal":{"value":0}},"name":"L_BlockMacroExecutionFromInternet","displayName":"インターネットから取得した Office ファイル内のマクロの実行をブロックします","explainText":"\n        このポリシー設定では、インターネットから取得された Office ファイル内のマクロの実行をブロックできます。\n\n        このポリシー設定を有効にした場合、セキュリティ センターの [マクロの設定] セクションで [すべてのマクロを有効にする] がオンになっている場合でも、マクロの実行はブロックされます。また、[コンテンツの有効化] の選択肢が表示されないで、マクロの実行がブロックされたことを示す通知が表示されます。Office ファイルが信頼できる場所に保存されている場合、または以前にユーザーが信頼した場合は、マクロを実行できます。\n\n        このポリシー設定を無効にした場合、または構成していない場合は、セキュリティ センターの [マクロの設定] セクションで構成された設定で、インターネットから取得された Office ファイル内のマクロが実行されるかどうかが決まります。\n      ","tags":["L_TrustCenter","L_Security","L_ApplicationSettings","L_MicrosoftOfficeaccess"],"application":"access16","key":"software\\microsoft\\office\\16.0\\access\\security","valueName":"blockcontentexecutionfrominternet"},{"parentCategory":{"ref":"L_TrustCenter"},"supportedOn":{"ref":"windows:SUPPORTED_Windows7"},"enabledValue":{"decimal":{"value":1}},"disabledValue":{"decimal":{"value":0}},"name":"L_TurnOffTrustedDocumentsOnTheNetwork","displayName":"ネットワークの信頼済みドキュメント機能をオフにする","explainText":"このポリシー設定では、ネットワークから開かれたドキュメントに対する信頼済みドキュメント機能をオフにすることができます。\n\nこのポリシー設定を有効にした場合、ネットワークから開かれたドキュメントでは、マクロ、ActiveX コントロール、データ接続などのアクティブ コンテンツに対するセキュリティに関する通知が常に表示されます。\n\nこのポリシー設定を無効にするか、未構成にした場合、信頼済みドキュメント機能を使用すると、マクロ、ActiveX コントロール、データ接続などのドキュメント内のアクティブ コンテンツを常に有効にして、そのドキュメントを次回開いたときに確認のメッセージが表示されないようにすることができます。信頼済みドキュメントでは、セキュリティに関する通知は表示されません。","tags":["L_TrustCenter","L_Security","L_ApplicationSettings","L_MicrosoftOfficeaccess"],"application":"access16","key":"software\\microsoft\\office\\16.0\\access\\security\\trusted documents","valueName":"disablenetworktrusteddocuments"},{"parentCategory":{"ref":"L_TrustCenter"},"supportedOn":{"ref":"windows:SUPPORTED_Windows7"},"enabledValue":{"decimal":{"value":1}},"disabledValue":{"decimal":{"value":0}},"name":"L_Disableallapplicationextensions","displayName":"すべてのアプリケーション アドインを無効にする","explainText":"このポリシー設定では、指定した Office 2016 アプリケーションのすべてのアドインを無効にします。.\n\nこのポリシー設定を有効にした場合、指定した Office 2016 アプリケーションのすべてのアドインが無効になります。\n\nこのポリシー設定を無効にするか、未構成にした場合、指定した Office 2016 アプリケーションのすべてのアドインは、ユーザーへの通知なしで実行が許可されます。","tags":["L_TrustCenter","L_Security","L_ApplicationSettings","L_MicrosoftOfficeaccess"],"application":"access16","key":"software\\microsoft\\office\\16.0\\access\\security","valueName":"disablealladdins"},{"parentCategory":{"ref":"L_TrustCenter"},"supportedOn":{"ref":"windows:SUPPORTED_Windows7"},"enabledValue":{"decimal":{"value":1}},"disabledValue":{"decimal":{"value":0}},"name":"L_RequirethatApplicationExtensionsaresigned","displayName":"アプリケーション アドインには信頼できる発行元による署名が必要","explainText":"このポリシー設定では、このアプリケーションのアドインが、信頼できる発行元によってデジタル署名されている必要があるかどうかを指定します。\n \nこのポリシー設定を有効にした場合、このアプリケーションで各アドインを読み込む前に、デジタル署名がチェックされます。アドインがデジタル署名されていないか、または信頼できる発行元による署名でない場合、そのアドインは無効になり、ユーザーに通知されます。信頼できる発行元による署名がすべてのアドインで必要であると指定した場合は、信頼できる発行元の一覧に証明書を追加する必要があります。証明書の取得と配布について詳しくは、http://go.microsoft.com/fwlink/?LinkId=294922 をご覧ください。Office 2016 では、信頼できる発行元の証明書は Internet Explorer の信頼できる発行元ストアに格納されます。以前のバージョンの Microsoft Office では、信頼できる発行元の証明書情報 (特に、証明書の拇印) は、Office の特別な信頼できる発行元ストアに格納されていました。Office 2016 でも引き続き Office の信頼できる発行元ストアから証明書情報を読み取りますが、このストアに情報を書き込むことはありません。したがって、以前のバージョンの Office で信頼できる発行元の一覧を作成した後で Office 2016 にアップグレードした場合、その一覧は引き続き認識されます。ただし、信頼できる発行元の証明書を一覧に追加した場合、その情報は Internet Explorer の信頼できる発行元ストアに格納されます。信頼できる発行元の詳細については、Office Resource Kit を参照してください。\n\nこのポリシー設定を無効にするか、または未構成にした場合、このアプリケーションでは、アプリケーション アドインを開く前にそのデジタル署名はチェックされません。危険なアドインが読み込まれた場合は、ユーザーのコンピューターに損害を与えたり、データのセキュリティが低下したりする可能性があります。","tags":["L_TrustCenter","L_Security","L_ApplicationSettings","L_MicrosoftOfficeaccess"],"application":"access16","key":"software\\microsoft\\office\\16.0\\access\\security","valueName":"requireaddinsig"},{"parentCategory":{"ref":"L_TrustCenter"},"supportedOn":{"ref":"windows:SUPPORTED_Windows7"},"enabledValue":{"decimal":{"value":1}},"disabledValue":{"decimal":{"value":0}},"name":"L_DisableTrustBarNotificationforunsigned","displayName":"署名されていないアプリケーション アドインに関するセキュリティ バーの通知を無効にして、ブロックする","explainText":"このポリシー設定では、指定した Office アプリケーションで、署名のないアプリケーション アドインが読み込まれたときにユーザーに通知するか、またはユーザーに通知せずに自動的に無効にするかを指定します。このポリシー設定は、[アプリケーション アドインには信頼できる発行元による署名が必要] ポリシー設定を有効にした場合にのみ適用されます。このポリシー設定を有効にすると、ユーザーは設定を変更できなくなります。\n\nこのポリシー設定を有効にした場合、署名のないアドインはユーザーに通知することなく自動的に無効になります。\n \nこのポリシー設定を無効にした場合、すべてのアドインに信頼できる発行元による署名が必要であるようにアプリケーションが構成されると、アプリケーションによって読み込まれた署名のないアドインはすべて無効になり、アクティブ ウィンドウの上部にセキュリティ バーが表示されます。セキュリティ バーには、署名のないアドインについてユーザーに通知するメッセージが表示されます。\n\nこのポリシー設定を未構成にした場合、[動作を無効にする] が適用され、またユーザーは、アプリケーションのセキュリティ センターの [アドイン] カテゴリでこの要件を構成できます。","tags":["L_TrustCenter","L_Security","L_ApplicationSettings","L_MicrosoftOfficeaccess"],"application":"access16","key":"software\\microsoft\\office\\16.0\\access\\security","valueName":"notbpromptunsignedaddin"},{"parentCategory":{"ref":"L_TrustCenter"},"supportedOn":{"ref":"windows:SUPPORTED_Windows7"},"enabledValue":{"decimal":{"value":1}},"disabledValue":{"decimal":{"value":0}},"name":"L_TurnOffTrustedDocuments","displayName":"信頼済みドキュメント機能をオフにする","explainText":"このポリシー設定では、信頼済みドキュメント機能をオフにすることができます。信頼済みドキュメント機能を使用すると、マクロ、ActiveX コントロール、データ接続などのドキュメント内のアクティブ コンテンツを常に有効にして、そのドキュメントを次回開いたときに確認のメッセージが表示されないようにすることができます。信頼済みドキュメントでは、セキュリティに関する通知は表示されません。\n\nこのポリシー設定を有効にした場合、信頼済みドキュメント機能はオフになります。アクティブ コンテンツを含むドキュメントを開くたびに、セキュリティに関する通知が表示されます。\n\nこのポリシー設定を無効にするか、未構成にした場合、ドキュメントのコンテンツを有効にすると、そのドキュメントは信頼され、セキュリティに関する通知は表示されません。","tags":["L_TrustCenter","L_Security","L_ApplicationSettings","L_MicrosoftOfficeaccess"],"application":"access16","key":"software\\microsoft\\office\\16.0\\access\\security\\trusted documents","valueName":"disabletrusteddocuments"},{"parentCategory":{"ref":"L_TrustedLocations"},"supportedOn":{"ref":"windows:SUPPORTED_Windows7"},"enabledValue":{"decimal":{"value":1}},"disabledValue":{"decimal":{"value":0}},"name":"L_AllowTrustedLocationsOnTheNetwork","displayName":"ネットワーク上の信頼できる場所を許可する","explainText":"このポリシー設定では、ネットワーク上にある信頼できる場所を使用できるようにするかどうかを指定します。\n      \nこのポリシー設定を有効にした場合、ユーザーは、セキュリティ センターの [信頼できる場所] セクションにある [プライベート ネットワーク上にある信頼できる場所を許可する (推奨しません)] チェック ボックスをオンにすることによって、ネットワーク共有または直接の管理下にない別のリモートの場所にある信頼できる場所を指定できます。信頼できる場所からは、最低限のセキュリティでコンテンツ、コード、およびアドインを読み込むことができます。また、ユーザーにアクセス許可のプロンプトが表示されることもありません。\n\nこのポリシー設定を無効にするか、未構成にした場合、選択したアプリケーションでは、セキュリティ センターの [信頼できる場所] セクションの一覧にあるネットワーク上のすべての場所が無視されます。このポリシー設定を無効にしても、ネットワークの場所は [信頼できる場所] の一覧から削除されませんが、選択したアプリケーションでこれらの場所が信頼できない場所と見なされ、ユーザーがネットワークの場所を一覧に追加できなくなります。\n\nまた、グループ ポリシーを使用して [信頼できる場所] を展開する場合は、これらの場所がリモートの場所かどうかを確認する必要があります。リモートの場所が存在しているが、このポリシー設定でリモートの場所を許可しない場合、リモートの場所を指すポリシー キーはクライアント コンピューターで無視されます。\n\nこのポリシー設定を無効にすると、ユーザーが [信頼できる場所] の一覧にネットワークの場所を追加する場合に混乱を招く可能性があります。ただし、[プライベート ネットワーク上にある信頼できる場所を許可する (推奨しません)] チェック ボックスのテキストが示すように、このポリシー設定を有効にすることは推奨されていないため、実際にはこのポリシー設定を無効にしても、ユーザーの利便性に大きな問題が起こることはほとんどありません。\n","tags":["L_TrustedLocations","L_TrustCenter","L_Security","L_ApplicationSettings","L_MicrosoftOfficeaccess"],"application":"access16","key":"software\\microsoft\\office\\16.0\\access\\security\\trusted locations","valueName":"allownetworklocations"},{"parentCategory":{"ref":"L_TrustedLocations"},"supportedOn":{"ref":"windows:SUPPORTED_Windows7"},"enabledValue":{"decimal":{"value":1}},"disabledValue":{"decimal":{"value":0}},"name":"L_DisableTrustedLoc","displayName":"すべての信頼できる場所を無効にする","explainText":"このポリシー設定では、管理者は指定したアプリケーションで、すべての信頼できる場所を無効にできます。セキュリティ センターで指定する信頼できる場所は、安全と見なすことができるファイル保存場所を定義するために使用します。信頼できる場所からは、最低限のセキュリティでコンテンツ、コード、およびアドインを読み込むことができます。また、ユーザーにアクセス許可のプロンプトが表示されることもありません。信頼できる場所から危険なファイルが開かれた場合、標準のセキュリティ対策の対象とはならないため、ユーザーのコンピューターやデータに損害を与える可能性があります。\n      \nこのポリシー設定を有効にした場合、指定したアプリケーションで、すべての信頼できる場所 (セキュリティ センターで指定) が無視されます。これらの信頼できる場所には、セットアップ中に Office 2016 で設定されたもの、グループ ポリシーを使用してユーザーに展開されたもの、およびユーザー自身が追加したものが含まれます。信頼できる場所からファイルを開くときにはプロンプトが再び表示されます。\n\nこのポリシー設定を無効にするか、未構成にした場合、指定したアプリケーションで、すべての信頼できる場所 (セキュリティ センターで指定) が安全と見なされます。","tags":["L_TrustedLocations","L_TrustCenter","L_Security","L_ApplicationSettings","L_MicrosoftOfficeaccess"],"application":"access16","key":"software\\microsoft\\office\\16.0\\access\\security\\trusted locations","valueName":"alllocationsdisabled"},{"parentCategory":{"ref":"L_Miscellaneous"},"supportedOn":{"ref":"windows:SUPPORTED_Windows7"},"elements":{"items":[{"item":[{"value":{"decimal":{"value":12}},"displayName":"Access 2007"},{"value":{"decimal":{"value":10}},"displayName":"Access 2002-2003"},{"value":{"decimal":{"value":9}},"displayName":"Access 2000"}],"valueName":"default file format","inputType":"dropdownList","id":"L_empty87"}]},"name":"L_DefaultFileFormat","displayName":"既定のファイル形式","explainText":"このポリシー設定では、新しいデータベース ファイルを、新しい Access 形式で作成するか、または旧バージョンの Access で採用されていた形式で作成するかを指定します\n      \nこのポリシー設定を有効にした場合、新しいデータベース ファイルを、既定で Access 2016 形式で作成するか、または Access 2002-2003 形式で作成するかを指定できます。ユーザーはファイルを保存するときに既定の設定を上書きし、特定の形式を選択することができますが、[Access のオプション] ダイアログからユーザー自身が既定値を設定することはできません。\n      \nこのポリシー設定を無効にするか、未構成にした場合、ユーザーが新しいデータベース ファイルを作成すると、新しい Access 2016 形式で保存されます。ただし、ユーザーは [Access のオプション] | [基本設定] | [データベースの作成] にある [既定のファイル形式] ボックスからファイル形式を選択して、この機能を変更できます。注意: このポリシー設定を無効にした場合、ユーザーは既定の 3 つのファイル形式の中から選択できます。Access 2000、Access 2002-2003、および Access 2016 です。このポリシー設定を使用すると、既定値として Access 2000 形式ではなく、Access 2002-2003 形式または Access 2016 形式を指定できます。","tags":["L_Miscellaneous","L_MicrosoftOfficeaccess"],"application":"access16","key":"software\\microsoft\\office\\16.0\\access\\settings"},{"parentCategory":{"ref":"L_Miscellaneous"},"supportedOn":{"ref":"windows:SUPPORTED_Windows7"},"enabledValue":{"decimal":{"value":1}},"disabledValue":{"decimal":{"value":0}},"name":"L_Donotprompttoconvertolderdatabases","displayName":"古い形式のデータベースを変換するかどうかを確認するメッセージを表示しない","explainText":"このポリシー設定では、Access でユーザーが古い形式のデータベースを開いたときに、そのデータベースを変換するかどうかを確認するメッセージを表示するかどうかを指定します。\n      \nこのポリシー設定を有効にした場合、Access 97 形式のデータベースのままになります。データベースが古い形式であることがユーザーに通知されますが、データベースを変換するためのオプションは表示されません。それ以降のバージョンの Access で導入された機能の一部が使用できなくなり、ユーザーはデータベースのデザインに変更を加えることができません。\n     \n このポリシー設定を無効にするか、未構成にした場合、ユーザーが Access 97 ファイル形式で作成されたデータベースを開くと、そのデータベースを新しいファイル形式に変換するかどうかを確認するメッセージが表示されます。ユーザーは、データベースを変換することも、古い形式のままにしておくこともできます。","tags":["L_Miscellaneous","L_MicrosoftOfficeaccess"],"application":"access16","key":"software\\microsoft\\office\\16.0\\access\\settings","valueName":"noconvertdialog"},{"parentCategory":{"ref":"L_Miscellaneous"},"supportedOn":{"ref":"windows:SUPPORTED_Windows7"},"enabledValue":{"decimal":{"value":1}},"disabledValue":{"decimal":{"value":0}},"name":"L_2007CompatibleCachePolicy","displayName":"Access 2007 互換キャッシュを使用する","explainText":"このポリシー設定では、新しいデータベースと既存のデータベースで、Access 2007 と互換性のあるキャッシュが使用されるようにするかどうかを指定できます。\n\nこのポリシー設定を有効にした場合、新しいデータベースと既存のデータベースで、Access 2007 と互換性のあるキャッシュが使用されます。\n\nこのポリシー設定を無効にするか、未構成にした場合、新しいデータベースでは、Access 2007 と互換性のないキャッシュが既定で使用されます。既存のデータベースでは、作成時に使用されたキャッシュ モードが使用されます。\n","tags":["L_Miscellaneous","L_MicrosoftOfficeaccess"],"application":"access16","key":"software\\microsoft\\office\\16.0\\access\\settings","valueName":"use2007compatiblecache"},{"parentCategory":{"ref":"L_Miscellaneous"},"supportedOn":{"ref":"windows:SUPPORTED_Windows7"},"enabledValue":{"decimal":{"value":1}},"disabledValue":{"decimal":{"value":0}},"name":"L_ClearCacheOnClosePolicy","displayName":"閉じるときにキャッシュをクリアする","explainText":"このポリシー設定では、Access 2016 と互換性のないデータベースを閉じるときにキャッシュをクリアするかどうかを指定できます。\n\nこのポリシー設定を有効にした場合、Access 2016 と互換性のあるキャッシュを使用していないデータベースを閉じると、キャッシュされている Microsoft SharePoint やビジネス データ カタログ (BDC) のリンクがクリアされます。Access 2016 と互換性のあるキャッシュを使用しているデータベースには影響はありません。\n\nこのポリシー設定を無効にするか、未構成にした場合、Microsoft Access 2016 と互換性のあるキャッシュを使用していないデータベースを閉じても、キャッシュされている Microsoft SharePoint やビジネス データ カタログ (BDC) のリンクはクリアされません。Microsoft Access 2016 と互換性のあるキャッシュを使用しているデータベースには影響はありません。","tags":["L_Miscellaneous","L_MicrosoftOfficeaccess"],"application":"access16","key":"software\\microsoft\\office\\16.0\\access\\settings","valueName":"clearcacheonclose"},{"parentCategory":{"ref":"L_Miscellaneous"},"supportedOn":{"ref":"windows:SUPPORTED_Windows7"},"enabledValue":{"decimal":{"value":1}},"disabledValue":{"decimal":{"value":0}},"name":"L_NeverCachePolicy","displayName":"データをキャッシュしない","explainText":"このポリシー設定では、Access 2016 と互換性のあるキャッシュを使用していないデータベースでデータがキャッシュされないようにするかどうかを指定できます。\n\nこのポリシー設定を有効にした場合、Access 2016 と互換性のあるキャッシュを使用していないデータベースで Microsoft SharePoint やビジネス データ カタログ (BDC) のデータがキャッシュされません。Access 2016 と互換性のあるキャッシュを使用しているデータベースには影響はありません。\n\nこのポリシー設定を無効にするか、未構成にした場合、Access 2016 と互換性のあるキャッシュを使用していないデータベースで Microsoft SharePoint やビジネス データ カタログ (BDC) のデータがキャッシュされます。Access 2016 と互換性のあるキャッシュを使用しているデータベースには影響はありません。","tags":["L_Miscellaneous","L_MicrosoftOfficeaccess"],"application":"access16","key":"software\\microsoft\\office\\16.0\\access\\settings","valueName":"nevercache"},{"parentCategory":{"ref":"L_Miscellaneous"},"supportedOn":{"ref":"windows:SUPPORTED_Windows7"},"elements":{"items":[{"valueName":"personaltemplatesaccess","requiredSpecified":false,"expandable":true,"expandableSpecified":true,"maxLength":2147483647,"maxLengthSpecified":false,"inputType":"textBox","caption":"個人用テンプレートのパス","id":"L_PersonalTemplatesPath"}]},"name":"L_PersonalTemplatesPath","displayName":"Access の個人用テンプレートのパス","explainText":"このポリシー設定は、ユーザーの個人用テンプレートの場所を指定します。\n\nこのポリシー設定を有効にした場合、Office スタート画面と [ファイル] | [新規作成] のカスタム テンプレート タブで指定された場所に保存したすべてのテンプレートが表示され、テンプレートの保存時に既定のフォルダーが指定された場所に変更されます。\n\nこのポリシー設定を無効にしたか、構成しなかった場合、Office スタート画面と [ファイル] | [新規作成] のカスタム テンプレート タブで保存したテンプレートは表示されず、テンプレートの保存時に既定のフォルダーはそのドキュメントの保存場所になります。","tags":["L_Miscellaneous","L_MicrosoftOfficeaccess"],"application":"access16","key":"software\\microsoft\\office\\16.0\\access\\settings"},{"parentCategory":{"ref":"L_Miscellaneous"},"supportedOn":{"ref":"windows:SUPPORTED_Windows7"},"enabledValue":{"decimal":{"value":1}},"disabledValue":{"decimal":{"value":0}},"name":"L_DefaultCustomTab","displayName":"Access の Office スタート画面と [ファイル] | [新規作成] に既定でカスタム テンプレートを表示する","explainText":"このポリシー設定は、Access の Office スタート画面と [ファイル] | [新規作成] にカスタム テンプレート (存在する場合) を既定のタブとして表示するかどうかを制御します。\n\nこのポリシー設定を有効にした場合、テンプレートが存在する場合は、Access の Office スタート画面と [ファイル] | [新規作成] にカスタム テンプレートが既定のタブとして表示されます (これには、カスタム XML によりプログラムされたテンプレート、ワークグループ テンプレート パス内のテンプレート、個人用テンプレート パスのテンプレート、SharePoint テンプレートが含まれます)。\n\nこのポリシー設定を無効にしたか構成しなかった場合、Office に用意されたテンプレートがすべて無効になっていない限り、Access の Office スタート画面と [ファイル] | [新規作成] にお勧めのテンプレート タブが既定のタブとして表示されます。","tags":["L_Miscellaneous","L_MicrosoftOfficeaccess"],"application":"access16","key":"software\\microsoft\\office\\16.0\\access\\settings","valueName":"officestartdefaulttab"},{"parentCategory":{"ref":"L_Advanced"},"supportedOn":{"ref":"windows:SUPPORTED_Windows7"},"enabledList":[{"value":{"string":"true"},"valueName":"Microsoft.Office.UXPlatform.FluentSVRefresh"},{"value":{"string":"true"},"valueName":"Microsoft.Office.UXPlatform.RibbonTouchOptimization"},{"value":{"string":"true"},"valueName":"Microsoft.Office.UXPlatform.FluentSVRibbonOptionsMenu"}],"disabledList":[{"value":{"string":"false"},"valueName":"Microsoft.Office.UXPlatform.FluentSVRefresh"},{"value":{"string":"false"},"valueName":"Microsoft.Office.UXPlatform.RibbonTouchOptimization"},{"value":{"string":"false"},"valueName":"Microsoft.Office.UXPlatform.FluentSVRibbonOptionsMenu"}],"name":"L_accessVisualRefresh","displayName":"ビジュアルリフレッシュの設定","explainText":"視覚的な更新を有効または無効にします。Officeのバージョンによっては動作しない場合があります。\n\nデータはOffice Tool Plusから提供されています。","tags":["L_Advanced"],"application":"access16","key":"Software\\Microsoft\\Office\\16.0\\Common\\ExperimentConfigs\\ExternalFeatureOverrides\\access"}]}