{"categories":[{"name":"L_MicrosoftOfficeaccess","displayName":"Microsoft Access 2016"},{"parentCategory":{"ref":"L_MicrosoftOfficeaccess"},"name":"L_ApplicationSettings","displayName":"Параметры приложения"},{"parentCategory":{"ref":"L_ApplicationSettings"},"name":"L_International","displayName":"Международные"},{"parentCategory":{"ref":"L_ApplicationSettings"},"name":"L_WebOptions","displayName":"Параметры веб-документа..."},{"parentCategory":{"ref":"L_WebOptions"},"name":"L_General","displayName":"Общие"},{"parentCategory":{"ref":"L_ApplicationSettings"},"name":"L_general5","displayName":"Общие"},{"parentCategory":{"ref":"L_ApplicationSettings"},"name":"L_Security","displayName":"Безопасность"},{"parentCategory":{"ref":"L_Security"},"name":"L_Cryptography","displayName":"Криптография"},{"parentCategory":{"ref":"L_Security"},"name":"L_TrustCenter","displayName":"Центр управления безопасностью"},{"parentCategory":{"ref":"L_TrustCenter"},"name":"L_TrustedLocations","displayName":"Надежные расположения"},{"parentCategory":{"ref":"L_MicrosoftOfficeaccess"},"name":"L_Customizableerrormessages","displayName":"Настраиваемые сообщения об ошибках"},{"parentCategory":{"ref":"L_MicrosoftOfficeaccess"},"name":"L_Disableitemsinuserinterface","displayName":"Отключить элементы пользовательского интерфейса"},{"parentCategory":{"ref":"L_Disableitemsinuserinterface"},"name":"L_Custom","displayName":"Другой"},{"parentCategory":{"ref":"L_MicrosoftOfficeaccess"},"name":"L_Miscellaneous","displayName":"Прочие"}],"policies":[{"parentCategory":{"ref":"L_International"},"supportedOn":{"ref":"windows:SUPPORTED_Windows7"},"elements":{"items":[{"item":[{"value":{"decimal":{"value":0}},"displayName":"Слева направо"},{"value":{"decimal":{"value":1}},"displayName":"Справа налево"}],"valueName":"new tables/queries/forms/reports","inputType":"dropdownList","caption":"Направление по умолчанию","id":"L_defaultdirection0"}]},"name":"L_Defaultdirection","displayName":"Направление по умолчанию","explainText":"Указывает направление текста, используемое по умолчанию.","tags":["L_International","L_ApplicationSettings","L_MicrosoftOfficeaccess"],"application":"access16","key":"software\\microsoft\\office\\16.0\\access\\settings"},{"parentCategory":{"ref":"L_International"},"supportedOn":{"ref":"windows:SUPPORTED_Windows7"},"elements":{"items":[{"item":[{"value":{"decimal":{"value":0}},"displayName":"Режим интерфейса"},{"value":{"decimal":{"value":1}},"displayName":"Текстовый режим"}],"valueName":"general alignment","inputType":"dropdownList","caption":"Обычное выравнивание","id":"L_generalalignment1"}]},"name":"L_GeneralAlignment","displayName":"Обычное выравнивание","explainText":"Указывает способ выравнивания текста, используемый по умолчанию.","tags":["L_International","L_ApplicationSettings","L_MicrosoftOfficeaccess"],"application":"access16","key":"software\\microsoft\\office\\16.0\\access\\settings"},{"parentCategory":{"ref":"L_International"},"supportedOn":{"ref":"windows:SUPPORTED_Windows7"},"elements":{"items":[{"item":[{"value":{"decimal":{"value":0}},"displayName":"Логическое"},{"value":{"decimal":{"value":1}},"displayName":"Естественное"}],"valueName":"cursor","inputType":"dropdownList","caption":"Перемещение курсора","id":"L_cursormovement2"}]},"name":"L_Cursormovement","displayName":"Перемещение курсора","explainText":"Указывает режим перемещения курсора, используемый по умолчанию.","tags":["L_International","L_ApplicationSettings","L_MicrosoftOfficeaccess"],"application":"access16","key":"software\\microsoft\\office\\16.0\\access\\settings"},{"parentCategory":{"ref":"L_General"},"supportedOn":{"ref":"windows:SUPPORTED_Windows7"},"elements":{"items":[{"item":[{"value":{"decimal":{"value":0}},"displayName":"Черный"},{"value":{"decimal":{"value":1}},"displayName":"Малиновый"},{"value":{"decimal":{"value":2}},"displayName":"Зеленый"},{"value":{"decimal":{"value":3}},"displayName":"Оливковый"},{"value":{"decimal":{"value":4}},"displayName":"Темно-синий"},{"value":{"decimal":{"value":5}},"displayName":"Фиолетовый"},{"value":{"decimal":{"value":6}},"displayName":"Серо-голубой"},{"value":{"decimal":{"value":7}},"displayName":"Серый"},{"value":{"decimal":{"value":8}},"displayName":"Светло-серый"},{"value":{"decimal":{"value":9}},"displayName":"Красный"},{"value":{"decimal":{"value":10}},"displayName":"Ярко-зеленый"},{"value":{"decimal":{"value":11}},"displayName":"Желтый"},{"value":{"decimal":{"value":12}},"displayName":"Синий"},{"value":{"decimal":{"value":13}},"displayName":"Розовый"},{"value":{"decimal":{"value":14}},"displayName":"Голубой"},{"value":{"decimal":{"value":15}},"displayName":"Белый"}],"valueName":"hyperlinkcolor","inputType":"dropdownList","caption":"Цвет гиперссылки","id":"L_hyperlinkcolor3"}]},"name":"L_Hyperlinkcolor","displayName":"Цвет гиперссылки","explainText":"Указывает цвет текста гиперссылки, используемый по умолчанию.","tags":["L_General","L_WebOptions","L_ApplicationSettings","L_MicrosoftOfficeaccess"],"application":"access16","key":"software\\microsoft\\office\\16.0\\access\\internet"},{"parentCategory":{"ref":"L_General"},"supportedOn":{"ref":"windows:SUPPORTED_Windows7"},"elements":{"items":[{"item":[{"value":{"decimal":{"value":0}},"displayName":"Черный"},{"value":{"decimal":{"value":1}},"displayName":"Малиновый"},{"value":{"decimal":{"value":2}},"displayName":"Зеленый"},{"value":{"decimal":{"value":3}},"displayName":"Оливковый"},{"value":{"decimal":{"value":4}},"displayName":"Темно-синий"},{"value":{"decimal":{"value":5}},"displayName":"Фиолетовый"},{"value":{"decimal":{"value":6}},"displayName":"Серо-голубой"},{"value":{"decimal":{"value":7}},"displayName":"Серый"},{"value":{"decimal":{"value":8}},"displayName":"Светло-серый"},{"value":{"decimal":{"value":9}},"displayName":"Красный"},{"value":{"decimal":{"value":10}},"displayName":"Ярко-зеленый"},{"value":{"decimal":{"value":11}},"displayName":"Желтый"},{"value":{"decimal":{"value":12}},"displayName":"Синий"},{"value":{"decimal":{"value":13}},"displayName":"Розовый"},{"value":{"decimal":{"value":14}},"displayName":"Голубой"},{"value":{"decimal":{"value":15}},"displayName":"Белый"}],"valueName":"followedhyperlinkcolor","inputType":"dropdownList","caption":"Цвет просмотренной гиперссылки","id":"L_followedhyperlinkcolor4"}]},"name":"L_Followedhyperlinkcolor","displayName":"Цвет просмотренной гиперссылки","explainText":"Указывает цвет текста просмотренной гиперссылки, используемый по умолчанию.","tags":["L_General","L_WebOptions","L_ApplicationSettings","L_MicrosoftOfficeaccess"],"application":"access16","key":"software\\microsoft\\office\\16.0\\access\\internet"},{"parentCategory":{"ref":"L_General"},"supportedOn":{"ref":"windows:SUPPORTED_Windows7"},"enabledValue":{"decimal":{"value":0}},"disabledValue":{"decimal":{"value":1}},"name":"L_Underlinehyperlinks","displayName":"Подчеркивать гиперссылки","explainText":"Данный параметр политики определяет, будут ли подчеркиваться гиперссылки в таблицах, запросах, формах и отчетах Access. \n      \nЕсли этот параметр политики включен, все ссылки в таблицах, запросах, формах и отчетах Access будут подчеркиваться при их создании, и это поведение переопределит любые изменения настроек на компьютере. \n      \nЕсли этот параметр политики отключен, гиперссылки в таблицах, запросах, формах и отчетах Access подчеркиваться не будут. \n      \nЕсли этот параметр политики не настроен, гиперссылки, встречающиеся в таблицах, запросах, формах и отчетах Access, будут подчеркиваться. \n      \nВключение данного параметра политики обеспечивает настройку Access по умолчанию и, следовательно, не должно привести к существенным проблемам при использовании. Если параметр изменен, пользователь может случайно щелкнуть опасную гиперссылку, не заметив ее, что может представлять угрозу безопасности.","tags":["L_General","L_WebOptions","L_ApplicationSettings","L_MicrosoftOfficeaccess"],"application":"access16","key":"software\\microsoft\\office\\16.0\\access\\internet","valueName":"donotunderlinehyperlinks"},{"parentCategory":{"ref":"L_general5"},"supportedOn":{"ref":"windows:SUPPORTED_Windows7"},"elements":{"items":[{"valueName":"max display","minValue":0,"minValueSpecified":true,"maxValue":50,"maxValueSpecified":true,"inputType":"decimalTextBox","caption":"Число записей: ","id":"L_Numberofentries"}]},"name":"L_Recentlyusedfilelist","displayName":"Число файлов в списке последних документов","explainText":"Этот параметр политики определяет количество записей в списке \"Последние\", который отображается, если пользователи нажимают кнопку \"Открыть\" на вкладке \"Файл\" в представлении Backstage.\n\nЕсли этот параметр политики включен, можно указать число записей от 0 до 50. Если задать число 0, все закрепленные и открепленные записи будут скрыты.\n\nЕсли отключить или не настраивать этот параметр политики, в списке \"Последние\" будет отображаться максимум 25 элементов.\n\nПримечание. Если вы хотите запретить добавлять элементы в список \"Последние\", вы можете включить параметр политики Windows \"Не хранить сведения о недавно открывавшихся документах\".","tags":["L_general5","L_ApplicationSettings","L_MicrosoftOfficeaccess"],"application":"access16","key":"software\\microsoft\\office\\16.0\\access\\file mru"},{"parentCategory":{"ref":"L_general5"},"supportedOn":{"ref":"windows:SUPPORTED_Windows7"},"elements":{"items":[{"valueName":"max display","minValue":0,"minValueSpecified":true,"maxValue":20,"maxValueSpecified":true,"inputType":"decimalTextBox","caption":"Число папок: ","id":"L_SetNumberOfPlacesInTheRecentPlacesListSpinID"}]},"name":"L_SetNumberOfPlacesInTheRecentPlacesList","displayName":"Число папок в списке \"Последние папки\"","explainText":"Этот параметр политики определяет количество незакрепленных записей, отображаемых в списке последних папок, когда пользователи нажимают кнопку \"Открыть\" или \"Сохранить как\" на вкладке \"Файл\" в представлении Backstage.\n\nЕсли этот параметр политики включен, можно указать число незакрепленных записей от 0 до 20. Если указать число 0, все закрепленные и незакрепленные записи будут скрыты.\n\nЕсли отключить или не настраивать этот параметр политики, в списке последних папок отображается максимум 5 элементов.\n\nПримечание. Если вы хотите запретить добавлять элементы в список последних папок, вы можете включить параметр политики Windows \"Не хранить сведения о недавно открывавшихся документах\".","tags":["L_general5","L_ApplicationSettings","L_MicrosoftOfficeaccess"],"application":"access16","key":"software\\microsoft\\office\\16.0\\access\\place mru"},{"parentCategory":{"ref":"L_general5"},"supportedOn":{"ref":"windows:SUPPORTED_Windows7"},"elements":{"items":[{"valueName":"default database directory","requiredSpecified":false,"expandableSpecified":false,"maxLength":2147483647,"maxLengthSpecified":false,"inputType":"textBox","caption":"Рабочий каталог","id":"L_defaultdatabasefolder6"}]},"name":"L_Defaultdatabasefolder","displayName":"Рабочий каталог","explainText":"Указывает рабочий каталог, используемый по умолчанию.","tags":["L_general5","L_ApplicationSettings","L_MicrosoftOfficeaccess"],"application":"access16","key":"software\\microsoft\\office\\16.0\\access\\settings"},{"parentCategory":{"ref":"L_Cryptography"},"supportedOn":{"ref":"windows:SUPPORTED_Windows7"},"elements":{"items":[{"valueName":"cipheralgorithm","required":true,"requiredSpecified":true,"expandableSpecified":false,"maxLength":2147483647,"maxLengthSpecified":false,"inputType":"textBox","caption":"Алгоритм шифрования CNG:","id":"L_SetCNGCipherAlgorithmID"}]},"name":"L_SetCNGCipherAlgorithm","displayName":"Задать алгоритм шифрования CNG","explainText":"Данный параметр политики позволяет настроить используемый алгоритм шифрования CNG.\n\nЕсли этот параметр политики включен, будет использоваться указанный алгоритм шифрования (если он поддерживается).\n\nЕсли этот параметр политики отключен или не настроен, будет использоваться алгоритм шифрования AES.","tags":["L_Cryptography","L_Security","L_ApplicationSettings","L_MicrosoftOfficeaccess"],"application":"access16","key":"software\\microsoft\\office\\16.0\\access\\security\\crypto"},{"parentCategory":{"ref":"L_Cryptography"},"supportedOn":{"ref":"windows:SUPPORTED_Windows7"},"elements":{"items":[{"item":[{"value":{"string":"ChainingModeCBC"},"displayName":"Cipher Block Chaining (CBC)"},{"value":{"string":"ChainingModeCFB"},"displayName":"Cipher Feedback (CFB)"}],"valueName":"cipherchaining","inputType":"dropdownList","id":"L_ConfigureCNGCipherChainingModeDropID"}]},"name":"L_ConfigureCNGCipherChainingMode","displayName":"Настройка режима цепочки шифрования CNG","explainText":"Данный параметр политики позволяет настроить используемый режим цепочки шифрования.\n\nЕсли этот параметр политики включен, будет применен указанный режим цепочки шифрования.\n\nЕсли этот параметр политики отключен или не настроен, по умолчанию для цепочки шифрования CNG используется режим CBC (Cipher Block Chaining).","tags":["L_Cryptography","L_Security","L_ApplicationSettings","L_MicrosoftOfficeaccess"],"application":"access16","key":"software\\microsoft\\office\\16.0\\access\\security\\crypto"},{"parentCategory":{"ref":"L_Cryptography"},"supportedOn":{"ref":"windows:SUPPORTED_Windows7"},"elements":{"items":[{"valueName":"cipherkeybits","minValue":0,"minValueSpecified":true,"maxValue":1000000,"maxValueSpecified":true,"inputType":"decimalTextBox","caption":"Длина ключа шифрования","id":"L_SetCNGCipherKeyLengthSpinID"}]},"name":"L_SetCNGCipherKeyLength","displayName":"Задать длину ключа шифрования CNG","explainText":"Данный параметр политики позволяет настроить число битов, используемых при создании ключа шифра. Это число будет округлено вниз до кратного 8.\n\nЕсли этот параметр включен, будет использоваться указанное число битов ключа.\n\nЕсли этот параметр политики отключен или не настроен, будет использоваться значение по умолчанию.","tags":["L_Cryptography","L_Security","L_ApplicationSettings","L_MicrosoftOfficeaccess"],"application":"access16","key":"software\\microsoft\\office\\16.0\\access\\security\\crypto"},{"parentCategory":{"ref":"L_Cryptography"},"supportedOn":{"ref":"windows:SUPPORTED_Windows7"},"elements":{"items":[{"item":[{"value":{"decimal":{"value":0}},"displayName":"Использовать формат прежних версий"},{"value":{"decimal":{"value":1}},"displayName":"Использовать формат следующего поколения"},{"value":{"decimal":{"value":2}},"displayName":"Использовать формат следующего поколения при сохранении всех файлов"}],"valueName":"compatmode","inputType":"dropdownList","id":"L_SpecifyEncryptionCompatibilityDropID"}]},"name":"L_SpecifyEncryptionCompatibility","displayName":"Задать совместимость шифрования","explainText":"Данный параметр политики позволяет указать совместимость зашифрованной базы данных.\n\nЕсли этот параметр политики включен, при шифровании новых файлов будет применяться указанный формат совместимости.\n- Использовать формат прежних версий\n- Использовать формат следующего поколения\n- Использовать формат следующего поколения при сохранении всех файлов\n\nЕсли этот параметр политики отключен или не настроен, будет применен заданный по умолчанию формат (\"Использовать формат следующего поколения\").","tags":["L_Cryptography","L_Security","L_ApplicationSettings","L_MicrosoftOfficeaccess"],"application":"access16","key":"software\\microsoft\\office\\16.0\\access\\security\\crypto"},{"parentCategory":{"ref":"L_Cryptography"},"supportedOn":{"ref":"windows:SUPPORTED_Windows7"},"elements":{"items":[{"valueName":"context","required":true,"requiredSpecified":true,"expandableSpecified":false,"maxLength":2147483647,"maxLengthSpecified":false,"inputType":"textBox","caption":"Параметры","id":"L_SetParametersForCNGContextID"}]},"name":"L_SetParametersForCNGContext","displayName":"Задать параметры для контекста CNG","explainText":"Данный параметр политики позволяет указать параметры шифрования, которые следует использовать в контексте CNG. \n\nЕсли этот параметр политики включен, указанные параметры будут переданы контексту CNG.\n\nЕсли этот параметр политики отключен или не настроен, будут использоваться значения CNG, заданные по умолчанию.","tags":["L_Cryptography","L_Security","L_ApplicationSettings","L_MicrosoftOfficeaccess"],"application":"access16","key":"software\\microsoft\\office\\16.0\\access\\security\\crypto"},{"parentCategory":{"ref":"L_Cryptography"},"supportedOn":{"ref":"windows:SUPPORTED_Windows7"},"elements":{"items":[{"item":[{"value":{"string":"SHA1"},"displayName":"SHA1"},{"value":{"string":"SHA256"},"displayName":"SHA256"},{"value":{"string":"SHA384"},"displayName":"SHA384"},{"value":{"string":"SHA512"},"displayName":"SHA512"}],"valueName":"hashalgorithm","inputType":"dropdownList","id":"L_SpecifyCNGHashAlgorithmDropID"}]},"name":"L_SpecifyCNGHashAlgorithm","displayName":"Задать алгоритм хэширования CNG","explainText":"Данный параметр политики позволяет указать используемый алгоритм хэширования.\n\nЕсли этот параметр политики включен, CNG будет использовать выбранный алгоритм хэширования.\n\nЕсли этот параметр политики отключен или не настроен, будет использоваться алгоритм хэширования CNG, заданный по умолчанию.","tags":["L_Cryptography","L_Security","L_ApplicationSettings","L_MicrosoftOfficeaccess"],"application":"access16","key":"software\\microsoft\\office\\16.0\\access\\security\\crypto"},{"parentCategory":{"ref":"L_Cryptography"},"supportedOn":{"ref":"windows:SUPPORTED_Windows7"},"elements":{"items":[{"valueName":"passwordspincount","minValue":0,"minValueSpecified":true,"maxValue":10000000,"maxValueSpecified":true,"inputType":"decimalTextBox","id":"L_SetCNGPasswordSpinCountSpinID"}]},"name":"L_SetCNGPasswordSpinCount","displayName":"Задать число смен хэша пароля CNG","explainText":"Данный параметр политики позволяет указать число смен хэша в средстве проверки пароля.\n\nЕсли этот параметр политики включен, хэш пароля будет сменяться указанное число раз.\n\nЕсли этот параметр политики отключен или не настроен, будет использоваться значение по умолчанию (100000).","tags":["L_Cryptography","L_Security","L_ApplicationSettings","L_MicrosoftOfficeaccess"],"application":"access16","key":"software\\microsoft\\office\\16.0\\access\\security\\crypto"},{"parentCategory":{"ref":"L_Cryptography"},"supportedOn":{"ref":"windows:SUPPORTED_Windows7"},"elements":{"items":[{"valueName":"rngalgorithm","required":true,"requiredSpecified":true,"expandableSpecified":false,"maxLength":2147483647,"maxLengthSpecified":false,"inputType":"textBox","caption":"Генератор случайных чисел:","id":"L_SpecifyCNGRandomNumberGeneratorAlgorithmID"}]},"name":"L_SpecifyCNGRandomNumberGeneratorAlgorithm","displayName":"Задать алгоритм генерации случайных чисел CNG","explainText":"Данный параметр политики позволяет настроить используемый генератор случайных чисел CNG.\n\nЕсли этот параметр политики включен, будет использоваться указанный генератор случайных чисел.\n\nЕсли этот параметр политики отключен или не настроен, будет использоваться генератор случайных чисел, заданный по умолчанию.","tags":["L_Cryptography","L_Security","L_ApplicationSettings","L_MicrosoftOfficeaccess"],"application":"access16","key":"software\\microsoft\\office\\16.0\\access\\security\\crypto"},{"parentCategory":{"ref":"L_Cryptography"},"supportedOn":{"ref":"windows:SUPPORTED_Windows7"},"elements":{"items":[{"valueName":"saltbytes","minValue":0,"minValueSpecified":true,"maxValue":5000,"maxValueSpecified":true,"inputType":"decimalTextBox","caption":"Число байтов","id":"L_SpecifyCNGSaltLengthSpinID"}]},"name":"L_SpecifyCNGSaltLength","displayName":"Задать длину соли CNG","explainText":"Данный параметр политики позволяет указать число байтов соли для использования при шифровании.\n\nЕсли этот параметр политики включен, будет использоваться указанное число байтов.\n\nЕсли этот параметр политики отключен или не настроен, будет использоваться длина, заданная по умолчанию (16 байт).","tags":["L_Cryptography","L_Security","L_ApplicationSettings","L_MicrosoftOfficeaccess"],"application":"access16","key":"software\\microsoft\\office\\16.0\\access\\security\\crypto"},{"parentCategory":{"ref":"L_TrustCenter"},"supportedOn":{"ref":"windows:SUPPORTED_Windows7"},"elements":{"items":[{"valueName":"maxtrusteddocuments","minValue":0,"minValueSpecified":true,"maxValue":20000,"maxValueSpecified":true,"inputType":"decimalTextBox","caption":"Наибольшее число:","id":"L_SetMaximumNumberOfTrustedDocumentsSpinID"}]},"name":"L_SetMaximumNumberOfTrustedDocuments","displayName":"Задать максимальное число надежных документов","explainText":"Данный параметр политики позволяет указать максимальное число записей доверия для надежных документов, которые могут храниться в реестре до выполнения задачи очистки. Эта задача сокращает число надежных документов, хранимых в реестре, до значения, заданного параметром политики \"Задать максимальное число сохраняемых записей доверия\".\n\nЕсли этот параметр политики включен, можно указать максимальное число надежных документов,  которые могут храниться в реестре до выполнения задачи очистки, ограниченное сверху предельным значением 20000. По соображениям производительности задавать верхнее предельное значение не рекомендуется.\n\nЕсли этот параметр политики отключен или не настроен, будет использоваться значение по умолчанию (500).","tags":["L_TrustCenter","L_Security","L_ApplicationSettings","L_MicrosoftOfficeaccess"],"application":"access16","key":"software\\microsoft\\office\\16.0\\access\\security\\trusted documents"},{"parentCategory":{"ref":"L_TrustCenter"},"supportedOn":{"ref":"windows:SUPPORTED_Windows7"},"elements":{"items":[{"valueName":"maxpreservetrusteddocuments","minValue":0,"minValueSpecified":true,"maxValue":20000,"maxValueSpecified":true,"inputType":"decimalTextBox","caption":"Максимальное число для сохранения:","id":"L_SetMaximumNumberOfTrustRecordsToPreserveSpinID"}]},"name":"L_SetMaximumNumberOfTrustRecordsToPreserve","displayName":"Задать максимальное число сохраняемых записей доверия","explainText":"Данный параметр политики позволяет указать максимальное число записей доверия, которые сохраняются, когда задача очистки обнаруживает, что приложение доверяет большему числу надежных документов, чем задано параметром политики \"Задать максимальное число надежных документов\".\n\nЕсли этот параметр политики включен, можно указать максимальное число сохраняемых записей доверия, ограниченное сверху предельным значением 20000. По соображениям производительности задавать верхнее предельное значение не рекомендуется.\n\nЕсли этот параметр политики отключен или не настроен, будет использоваться значение по умолчанию (400).","tags":["L_TrustCenter","L_Security","L_ApplicationSettings","L_MicrosoftOfficeaccess"],"application":"access16","key":"software\\microsoft\\office\\16.0\\access\\security\\trusted documents"},{"parentCategory":{"ref":"L_TrustCenter"},"supportedOn":{"ref":"windows:SUPPORTED_Windows7"},"elements":{"items":[{"item":[{"value":{"decimal":{"value":2}},"displayName":"Отключить все с уведомлением"},{"value":{"decimal":{"value":3}},"displayName":"Отключить все, кроме макросов с цифровой подписью"},{"value":{"decimal":{"value":4}},"displayName":"Отключить все без уведомления"},{"value":{"decimal":{"value":1}},"displayName":"Включить все макросы (не рекомендуется)"}],"valueName":"vbawarnings","inputType":"dropdownList","id":"L_Empty"},{"trueValue":{"decimal":{"value":1}},"falseValue":{"decimal":{"value":0}},"valueName":"vbadigsigtrustedpublishers","key":"software\\microsoft\\office\\16.0\\access\\security","inputType":"checkBox","caption":"Требовать, чтобы макросы были подписаны надежным издателем","id":"L_VBADigSigTrustedPublishersStr"},{"trueValue":{"decimal":{"value":1}},"falseValue":{"decimal":{"value":0}},"valueName":"vbarequirelmtrustedpublisher","key":"software\\microsoft\\office\\16.0\\access\\security","inputType":"checkBox","caption":"Блокировать сертификаты от надежных издателей, которые были установлены только в текущем хранилище сертификатов пользователя","id":"L_VBAOnlyAllowLMTrustedPublisherStr"},{"trueValue":{"decimal":{"value":1}},"falseValue":{"decimal":{"value":0}},"valueName":"vbarequiredigsigwithcodesigningeku","key":"software\\microsoft\\office\\16.0\\access\\security","inputType":"checkBox","caption":"Требовать расширенное использование ключа (EKU) для сертификатов от надежных издателей","id":"L_VBAOnlyAllowDigSigWithCodeSigningEKUStr"}]},"name":"L_VBAWarningsPolicy","displayName":"Настройка уведомлений о макросах VBA","explainText":"Данный параметр политики определяет вид предупреждений, отображаемых в случае наличия макросов Visual Basic для приложений (VBA).\n\nПри включении данного параметра политики можно выбрать вид предупреждения о макросах из следующих четырех вариантов:\n \n– Отключить все с уведомлением. Приложение отобразит панель безопасности для всех макросов, подписанных и неподписанных. Это значение параметра используется в Office по умолчанию.\n \n–  Отключить все, кроме макросов с цифровой подписью. Приложение отобразит панель безопасности для макросов с цифровой подписью, позволяя пользователям включить их или оставить отключенными. Любые неподписанные макросы отключаются без уведомления.\n \n–Отключить все без уведомления. Приложение отключает без уведомления пользователей все макросы, подписанные и неподписанные.\n \n– Включить все макросы (не рекомендуется). Все макросы, подписанные и неподписанные, включены. Выбор этого варианта может существенно снизить уровень безопасности, так как позволяет незаметно запустить опасный код.\n \nЕсли этот параметр политики отключен, по умолчанию будет использоваться вариант \"Отключить все с уведомлением\".\n \nЕсли этот параметр политики не настроен, то при открытии в указанных приложениях файлов, содержащих макросы VBA, эти файлы будут открываться с отключенными макросами, но приложение будет отображать панель безопасности с предупреждением о том, что макросы имеются и отключены. Пользователи смогут посмотреть и изменить соответствующие файлы, но использовать отключенные функции будет невозможно до тех пор, пока они не будут включены командой \"Включить содержимое\" на панели безопасности. После того как пользователь выберет \"Включить содержимое\", документ будет добавлен в список надежных документов.\n \nЕсли вы выберете параметр “Отключить все, кроме макросов с цифровой подписью”, советуем также установить флажок “Требовать подписи макросов надежным издателем”, чтобы повысить безопасность.\n\nПри установленном флажке “Требовать подписи макросов надежным издателем” пользователи, открывающие файлы с макросами, подписанными цифровой подписью, а не надежным издателем, получат уведомление о блокировке запуска макросов. Кроме того, рекомендуется выбрать два дополнительных флажка в целях повышения безопасности.\n\n– Блокировать сертификаты от надежных издателей, установленных в хранилище сертификатов текущего пользователя\n\n– Требовать использования расширенного ключа (EKU) для сертификатов, находящихся в списке надежных издателей\n\nПримечание. Эти два флажка действуют только в том случае, если установлен флажок \"Требовать подписи макросов надежным издателем\".\n\nЕсли установлен флажок “Блокировать сертификаты от надежных издателей, установленных в хранилище сертификатов локального компьютера\", макросы не запускаются, если сертификат, полученный от надежного издателя, установлен в хранилище сертификатов текущего пользователя. Для запуска макроса необходимо установить сертификат в хранилище сертификатов на локальном компьютере. Только учетные записи, у которых есть доступ администратора к компьютеру, могут устанавливать сертификат в хранилище сертификатов локального компьютера.\n\nПри установке флажка “Требовать расширенного использования ключа (EKU) для сертификатов от надежных издателей”, EKU должен включить “Подписывание кода” в качестве одного из видов использования сертификата.\n\nВажно! Если выбран параметр \"Отключить все, кроме макросов с цифровой подписью\", пользователи не смогут открыть неподписанные базы данных Access.\n\nКроме того, обратите внимание на то, что в Microsoft Office сертификаты находятся в хранилище надежных издателей Internet Explorer. В предыдущих версиях Microsoft Office сведения о сертификатах надежных издателей (в частности, цифровые отпечатки сертификатов) находились в специальном хранилище надежных издателей Office. В Microsoft Office все еще поддерживается чтение сведений о сертификатах из хранилища надежных издателей Office, но новые сведения туда более не добавляются.\n\nТаким образом, если список надежных издателей был создан в предыдущей версии Microsoft Office, а затем произведено обновление до Office, прежний список надежных издателей все еще будет учитываться. Однако все новые сертификаты, добавляемые в список, будут помещены в хранилище надежных издателей Internet Explorer.","tags":["L_TrustCenter","L_Security","L_ApplicationSettings","L_MicrosoftOfficeaccess"],"application":"access16","key":"software\\microsoft\\office\\16.0\\access\\security"},{"parentCategory":{"ref":"L_TrustCenter"},"supportedOn":{"ref":"windows:SUPPORTED_Windows7"},"enabledValue":{"decimal":{"value":1}},"disabledValue":{"decimal":{"value":0}},"name":"L_BlockMacroExecutionFromInternet","displayName":"Блокировать запуск макросов в файлах Microsoft Office, полученных через Интернет","explainText":"\n        Этот параметр политики позволяет блокировать запуск макросов в файлах Office, полученных через Интернет.\n\n        Если включить этот параметр политики, макросы будут блокироваться, даже если в разделе \"Параметры макросов\" в центре управления безопасностью выбран параметр \"Включить все макросы\". При этом вместо кнопки \"Включить содержимое\" на экране будет отображаться уведомление о блокировании запуска макросов. Если файл Office хранится в надежном расположении или пользователь ранее пометил его как надежный, макросы будут запускаться.\n\n        Если отключить или не настраивать этот параметр политики, блокировка и запуск макросов в файлах Office, полученных из Интернета, будут определяться параметрами, установленными в разделе \"Параметры макросов\" в центре управления безопасностью.\n      ","tags":["L_TrustCenter","L_Security","L_ApplicationSettings","L_MicrosoftOfficeaccess"],"application":"access16","key":"software\\microsoft\\office\\16.0\\access\\security","valueName":"blockcontentexecutionfrominternet"},{"parentCategory":{"ref":"L_TrustCenter"},"supportedOn":{"ref":"windows:SUPPORTED_Windows7"},"enabledValue":{"decimal":{"value":1}},"disabledValue":{"decimal":{"value":0}},"name":"L_TurnOffTrustedDocumentsOnTheNetwork","displayName":"Отключить надежные документы в сети","explainText":"Данный параметр политики позволяет отключить функцию поддержки надежных документов для открываемых сетевых документов.\n\nЕсли этот параметр политики включен, пользователи будут всегда получать уведомления системы безопасности о наличии активного содержимого, такого как макросы, элементы ActiveX, подключения к данным и пр., в открываемых сетевых документах.\n\nЕсли этот параметр политики отключен или не настроен, функция поддержки надежных документов позволит пользователям всегда включать активное содержимое, такое как макросы, элементы управления ActiveX, подключения к данным и пр., в документах, чтобы не запрашивать разрешение при следующем открытии этих документов. Надежные документы исключены из уведомлений системы безопасности.","tags":["L_TrustCenter","L_Security","L_ApplicationSettings","L_MicrosoftOfficeaccess"],"application":"access16","key":"software\\microsoft\\office\\16.0\\access\\security\\trusted documents","valueName":"disablenetworktrusteddocuments"},{"parentCategory":{"ref":"L_TrustCenter"},"supportedOn":{"ref":"windows:SUPPORTED_Windows7"},"enabledValue":{"decimal":{"value":1}},"disabledValue":{"decimal":{"value":0}},"name":"L_Disableallapplicationextensions","displayName":"Отключить все надстройки приложений","explainText":"Данный параметр политики отключает все надстройки для указанных приложений Office 2016.\n\nЕсли этот параметр политики включен, все надстройки для приложений Office 2016 будут отключены.\n\nЕсли этот параметр политики отключен или не настроен, все надстройки для указанных приложений Office 2016 будут запускаться без уведомления.","tags":["L_TrustCenter","L_Security","L_ApplicationSettings","L_MicrosoftOfficeaccess"],"application":"access16","key":"software\\microsoft\\office\\16.0\\access\\security","valueName":"disablealladdins"},{"parentCategory":{"ref":"L_TrustCenter"},"supportedOn":{"ref":"windows:SUPPORTED_Windows7"},"enabledValue":{"decimal":{"value":1}},"disabledValue":{"decimal":{"value":0}},"name":"L_RequirethatApplicationExtensionsaresigned","displayName":"Надстройки приложений должны быть подписаны надежными издателями","explainText":"Этот параметр политики определяет, должны ли надстройки для указанных приложений иметь цифровую подпись от надежного издателя.\n \nЕсли этот параметр политики включен, указанное приложение проверяет цифровую подпись каждой надстройки перед ее загрузкой. Если у надстройки нет цифровой подписи или подпись не была получена от надежного издателя, приложение отключает надстройку и уведомляет пользователя. Если подпись от надежного издателя требуется для всех надстроек, необходимо добавить сертификаты в список надежных издателей. Сведения о получении и распространении сертификатов см. на веб-сайте по адресу http://go.microsoft.com/fwlink/?LinkId=294922. Office 2016 хранит сертификаты для надежных издателей в хранилище надежных издателей Internet Explorer. В предыдущих версиях Microsoft Office сведения о сертификатах надежных издателей (в частности, отпечатки сертификатов) находились в специальном хранилище надежных издателей Office. В Office 2016 все еще поддерживается чтение сведений о сертификатах из хранилища надежных издателей Office, но новые сведения туда больше не добавляются. Таким образом, если список надежных издателей был создан в предыдущей версии Office, а затем выполнено обновление до Office 2016, прежний список надежных издателей все еще будет учитываться. Однако все новые сертификаты, добавляемые в список, будут помещены в хранилище надежных издателей Internet Explorer. Дополнительные сведения о надежных издателях см. в комплекте ресурсов Office.\n\nЕсли этот параметр политики отключен или не настроен, указанное приложение не проверяет цифровые подписи надстроек, перед тем как открыть их. Загрузка опасной надстройки может привести к повреждению компьютера или создать угрозу безопасности данных.","tags":["L_TrustCenter","L_Security","L_ApplicationSettings","L_MicrosoftOfficeaccess"],"application":"access16","key":"software\\microsoft\\office\\16.0\\access\\security","valueName":"requireaddinsig"},{"parentCategory":{"ref":"L_TrustCenter"},"supportedOn":{"ref":"windows:SUPPORTED_Windows7"},"enabledValue":{"decimal":{"value":1}},"disabledValue":{"decimal":{"value":0}},"name":"L_DisableTrustBarNotificationforunsigned","displayName":"Отключить уведомление панели безопасности для неподписанных надстроек приложений и заблокировать их","explainText":"Данный параметр политики определяет, должно ли указанное приложение Office уведомлять пользователей о загрузке неподписанных надстроек или же такие надстройки будут отключаться без уведомления. Данный параметр политики применим только в том случае, если включен параметр политики \"Надстройки приложений должны быть подписаны надежными издателями\", который запрещает изменение этого параметра политики пользователями.\n\nЕсли этот параметр политики включен, приложения автоматически отключают неподписанные надстройки без уведомления пользователей.\n \nЕсли этот параметр политики отключен, то в случае если приложение требует наличие подписей от надежного издателя для всех надстроек, все загружаемые неподписанные надстройки будут отключены, а в верхней части активного окна появится панель безопасности. Панель безопасности содержит сообщение, уведомляющее пользователей о неподписанной надстройке.\n\nЕсли этот параметр политики не настроен, используется поведение по умолчанию. Кроме того, пользователи смогут настроить это требование самостоятельно в категории \"Надстройки\" центра управления безопасностью приложения.","tags":["L_TrustCenter","L_Security","L_ApplicationSettings","L_MicrosoftOfficeaccess"],"application":"access16","key":"software\\microsoft\\office\\16.0\\access\\security","valueName":"notbpromptunsignedaddin"},{"parentCategory":{"ref":"L_TrustCenter"},"supportedOn":{"ref":"windows:SUPPORTED_Windows7"},"enabledValue":{"decimal":{"value":1}},"disabledValue":{"decimal":{"value":0}},"name":"L_TurnOffTrustedDocuments","displayName":"Отключить надежные документы","explainText":"Данный параметр политики позволяет отключать функцию поддержки надежных документов. Функция поддержки надежных документов позволяет пользователям всегда включать активное содержимое в документах, такое как макросы, элементы управления ActiveX, подключения к данным и пр., чтобы не запрашивать разрешение при следующем открытии этих документов. Надежные документы исключены из уведомлений о безопасности.\n\nЕсли этот параметр политики включен, функция поддержки надежных документов будет отключена. При открытии документа, содержащего активное содержимое, пользователи всегда будут получать запрос о безопасности.\n\nЕсли этот параметр политики отключен или не настроен, документы будут считаться надежными, когда пользователи включат содержимое для документа, и запрос о безопасности в этом случае выводиться не будет.","tags":["L_TrustCenter","L_Security","L_ApplicationSettings","L_MicrosoftOfficeaccess"],"application":"access16","key":"software\\microsoft\\office\\16.0\\access\\security\\trusted documents","valueName":"disabletrusteddocuments"},{"parentCategory":{"ref":"L_TrustedLocations"},"supportedOn":{"ref":"windows:SUPPORTED_Windows7"},"enabledValue":{"decimal":{"value":1}},"disabledValue":{"decimal":{"value":0}},"name":"L_AllowTrustedLocationsOnTheNetwork","displayName":"Разрешить надежные расположения в сети","explainText":"Данный параметр политики определяет возможность использования надежных расположений в сети.\n      \nЕсли этот параметр политики включен, пользователи смогут указывать надежные расположения в общих папках сети или других удаленных расположениях, находящихся вне зоны их непосредственного контроля, с помощью установки флажка \"Разрешить надежные расположения в сети (не рекомендуется)\" в разделе \"Надежные расположения\" центра управления безопасностью. Загрузка содержимого, кода и надстроек из надежных расположений разрешается с минимальным уровнем безопасности и без запроса разрешения пользователя.\n\nЕсли этот параметр политики отключен или не настроен, указанное приложение будет игнорировать все сетевые расположения, перечисленные в разделе \"Надежные расположения\" центра управления безопасностью. Отключение этого параметра политики не приведет к удалению сетевых расположений из списка надежных расположений. Вместо этого выбранное приложение будет считать данные расположения ненадежными и не позволит добавлять в список новые сетевые расположения.\n\nЕсли надежные расположения развертываются с помощью групповой политики, необходимо убедиться, является ли какое-либо из них удаленным. Если какое-либо из расположений является удаленным, но такие расположения не разрешены параметром политики, то ключи политики, указывающие на удаленные расположения, будут игнорироваться на клиентских компьютерах.\n\nОтключение этого параметра политики затруднит работу пользователей, добавивших сетевые расположения в список надежных расположений. Однако включать этот параметр политики не рекомендуется (как и указано в названии флажка \"Разрешить надежные расположения в сети (не рекомендуется)\"), поэтому в большинстве ситуаций во время работы должна быть предусмотрена возможность отключения этого параметра политики без существенных проблем для большинства пользователей.\n","tags":["L_TrustedLocations","L_TrustCenter","L_Security","L_ApplicationSettings","L_MicrosoftOfficeaccess"],"application":"access16","key":"software\\microsoft\\office\\16.0\\access\\security\\trusted locations","valueName":"allownetworklocations"},{"parentCategory":{"ref":"L_TrustedLocations"},"supportedOn":{"ref":"windows:SUPPORTED_Windows7"},"enabledValue":{"decimal":{"value":1}},"disabledValue":{"decimal":{"value":0}},"name":"L_DisableTrustedLoc","displayName":"Отключить все надежные расположения","explainText":"Данный параметр политики позволяет администраторам отключать все надежные расположения в указанных приложениях. Надежные расположения, определяемые в центре управления безопасностью, используются для задания местоположений файлов, считающихся безопасными. Содержимое, код и надстройки разрешается загружать из надежных расположений с минимальным уровнем безопасности и без запроса разрешения пользователя. Если из надежного расположения открыть опасный файл, к нему не будут применены стандартные меры безопасности, и он может нанести вред компьютерам или данным.\n      \nЕсли этот параметр политики включен, все надежные расположения (определенные в центре управления безопасностью) в указанных приложениях будут игнорироваться, включая любые расположения, созданные во время установки Office 2016, развертываемые с использованием групповой политики или добавленные пользователями. При открытии файлов из надежных расположений пользователи будут получать повторные запросы.\n\nЕсли этот параметр политики отключен или не настроен, все надежные расположения (определенные в центре управления безопасностью) в указанных приложениях будут считаться безопасными.","tags":["L_TrustedLocations","L_TrustCenter","L_Security","L_ApplicationSettings","L_MicrosoftOfficeaccess"],"application":"access16","key":"software\\microsoft\\office\\16.0\\access\\security\\trusted locations","valueName":"alllocationsdisabled"},{"parentCategory":{"ref":"L_Miscellaneous"},"supportedOn":{"ref":"windows:SUPPORTED_Windows7"},"elements":{"items":[{"item":[{"value":{"decimal":{"value":12}},"displayName":"Access 2007"},{"value":{"decimal":{"value":10}},"displayName":"Access 2002–2003"},{"value":{"decimal":{"value":9}},"displayName":"Access 2000"}],"valueName":"default file format","inputType":"dropdownList","id":"L_empty87"}]},"name":"L_DefaultFileFormat","displayName":"Формат файла по умолчанию","explainText":"Данный параметр политики определяет, должны ли новые файлы баз данных создаваться в формате Access или в формате предыдущих версий Access.\n      \nЕсли этот параметр политики включен, можно указать, должны ли новые файлы баз данных по умолчанию создаваться в формате Access 2016 или в формате Access 2002–2003. Пользователи могут переопределить настройку по умолчанию и выбрать нужный формат непосредственно при сохранении файла, но не могут изменить формат по умолчанию в диалоговом окне \"Параметры Access\". \n      \nЕсли этот параметр политики отключен или не настроен, то при создании новых файлов баз данных приложение Access будет сохранять их в новом формате Access 2016; однако пользователи смогут изменить формат по умолчанию, выбрав требуемый формат файлов из раскрывающегося списка \"Формат файла по умолчанию\" в разделе \"Параметры Access | Популярное | Создание баз данных\". Примечание. Если отключить этот параметр политики, формат файла можно будет выбрать из трех вариантов: Access 2000, Access 2002–2003 и Access 2016. Данный параметр политики может применяться для выбора по умолчанию формата Access 2002–2003 либо Access 2016, но не Access 2000.","tags":["L_Miscellaneous","L_MicrosoftOfficeaccess"],"application":"access16","key":"software\\microsoft\\office\\16.0\\access\\settings"},{"parentCategory":{"ref":"L_Miscellaneous"},"supportedOn":{"ref":"windows:SUPPORTED_Windows7"},"enabledValue":{"decimal":{"value":1}},"disabledValue":{"decimal":{"value":0}},"name":"L_Donotprompttoconvertolderdatabases","displayName":"Не предлагать преобразование старых баз данных","explainText":"Данный параметр политики определяет, должно ли приложение Access предлагать пользователям преобразовать базы данных предыдущих версий при их открытии. \n      \nЕсли этот параметр политики включен, приложение Access оставит без изменений базы данных формата Access 97. Пользователь Access получит информацию о том, что база данных имеет устаревший формат, но предложение о преобразовании выведено не будет. Некоторые функции, введенные в более поздних версиях Access, будут недоступны, так же как и изменения структуры базы данных. \n      \nЕсли этот параметр политики отключен или не настроен, то при открытии базы данных, созданной в формате Access 97, приложение Access предложит преобразовать базу данных к более новому формату. При этом пользователи смогут решить, преобразовывать базу данных или оставить прежний формат без изменений.","tags":["L_Miscellaneous","L_MicrosoftOfficeaccess"],"application":"access16","key":"software\\microsoft\\office\\16.0\\access\\settings","valueName":"noconvertdialog"},{"parentCategory":{"ref":"L_Miscellaneous"},"supportedOn":{"ref":"windows:SUPPORTED_Windows7"},"enabledValue":{"decimal":{"value":1}},"disabledValue":{"decimal":{"value":0}},"name":"L_2007CompatibleCachePolicy","displayName":"Использовать кэш, совместимый с Access 2007","explainText":"Данный параметр политики позволяет принудительно использовать кэширование, совместимое с Access 2007, для новых и существующих баз данных.\n\nЕсли этот параметр политики включен, новые и существующие базы данных будут использовать кэширование, совместимое с Access 2007.\n\nЕсли этот параметр политики отключен или не настроен, новые базы данных по умолчанию будут использовать кэширование, не совместимое с Access 2007. Существующие базы данных будут использовать тот режим кэширования, с которым они были созданы.\n","tags":["L_Miscellaneous","L_MicrosoftOfficeaccess"],"application":"access16","key":"software\\microsoft\\office\\16.0\\access\\settings","valueName":"use2007compatiblecache"},{"parentCategory":{"ref":"L_Miscellaneous"},"supportedOn":{"ref":"windows:SUPPORTED_Windows7"},"enabledValue":{"decimal":{"value":1}},"disabledValue":{"decimal":{"value":0}},"name":"L_ClearCacheOnClosePolicy","displayName":"Очищать кэш при закрытии","explainText":"Данный параметр политики позволяет при закрытии базы данных вызывать принудительную очистку кэша для баз, не совместимых с Access 2016.\n\nЕсли этот параметр политики включен, то любые кэшированные ссылки на Microsoft SharePoint или каталог бизнес-данных будут удалены при закрытии баз данных, не использующих кэширование, совместимое с Access 2016. Если база данных использует кэширование, совместимое с Access 2016, этот параметр политики при включении действовать не будет.\n\nЕсли этот параметр политики отключен или не настроен, то любые кэшированные ссылки на Microsoft SharePoint или каталог бизнес-данных не будут удалены при закрытии баз данных, не использующих кэширование, совместимое с Access 2016. Если база данных использует кэширование, совместимое с Access 2016, этот параметр политики, если он отключен или не настроен, действовать не будет.","tags":["L_Miscellaneous","L_MicrosoftOfficeaccess"],"application":"access16","key":"software\\microsoft\\office\\16.0\\access\\settings","valueName":"clearcacheonclose"},{"parentCategory":{"ref":"L_Miscellaneous"},"supportedOn":{"ref":"windows:SUPPORTED_Windows7"},"enabledValue":{"decimal":{"value":1}},"disabledValue":{"decimal":{"value":0}},"name":"L_NeverCachePolicy","displayName":"Не кэшировать данные","explainText":"Данный параметр политики позволяет запретить кэширование данных для баз, которые не используют кэширование, совместимое с Access 2016.\n\nЕсли этот параметр политики включен, то для баз данных, не использующих кэширование, совместимое с Access 2016, данные из Microsoft SharePoint или каталога бизнес-данных не будут кэшироваться. Если база данных использует кэширование, совместимое с Access 2016, этот параметр политики при включении действовать не будет.\n\nЕсли этот параметр политики отключен или не настроен, то для баз данных, не использующих кэширование, совместимое с Access 2016, данные из Microsoft SharePoint или каталога бизнес-данных будут кэшироваться. Если база данных использует кэширование, совместимое с Access 2016, этот параметр политики, если он отключен или не настроен, действовать не будет.","tags":["L_Miscellaneous","L_MicrosoftOfficeaccess"],"application":"access16","key":"software\\microsoft\\office\\16.0\\access\\settings","valueName":"nevercache"},{"parentCategory":{"ref":"L_Miscellaneous"},"supportedOn":{"ref":"windows:SUPPORTED_Windows7"},"elements":{"items":[{"valueName":"personaltemplatesaccess","requiredSpecified":false,"expandable":true,"expandableSpecified":true,"maxLength":2147483647,"maxLengthSpecified":false,"inputType":"textBox","caption":"Путь к личным шаблонам","id":"L_PersonalTemplatesPath"}]},"name":"L_PersonalTemplatesPath","displayName":"Путь к личным шаблонам для Access","explainText":"Этот параметр политики определяет расположение личных шаблонов пользователя. \n\nЕсли этот параметр политики включен, пользователи будут видеть все шаблоны, сохраненные в указанной папке, на вкладке \"Настраиваемые шаблоны\" на экране запуска Office и в меню \"Файл\" | \"Создать\", а при сохранении шаблона папка по умолчанию изменится на указанное расположение. \n\nЕсли отключить или не настраивать этот параметр политики, пользователи не увидят сохраненные шаблоны на вкладке \"Настраиваемые шаблоны\" на экране запуска Office и в меню \"Файл\" | \"Создать\", а при сохранении шаблона папкой по умолчанию будет папка, в которой сохранен документ.","tags":["L_Miscellaneous","L_MicrosoftOfficeaccess"],"application":"access16","key":"software\\microsoft\\office\\16.0\\access\\settings"},{"parentCategory":{"ref":"L_Miscellaneous"},"supportedOn":{"ref":"windows:SUPPORTED_Windows7"},"enabledValue":{"decimal":{"value":1}},"disabledValue":{"decimal":{"value":0}},"name":"L_DefaultCustomTab","displayName":"Показывать вкладку \"Настраиваемые шаблоны\" по умолчанию в Access на экране запуска Office и в меню \"Файл\" | \"Создать\"","explainText":"Этот параметр политики определяет, отображаются ли настраиваемые шаблоны (если они существуют) как вкладка по умолчанию в Access на экране запуска Office и в меню \"Файл\" | \"Создать\". \n\nЕсли этот параметр политики включен, пользователи будут видеть вкладку \"Настраиваемые шаблоны\" как вкладку по умолчанию в Access на экране запуска Office и в меню \"Файл\" | \"Новый\", если шаблоны существуют (это могут быть настраиваемые XML-шаблоны, шаблоны рабочей группы, личные шаблоны или шаблоны SharePoint).\n\nЕсли отключить или не настраивать этот параметр политики, пользователи будут видеть вкладку \"Готовые шаблоны\" как вкладку по умолчанию в Access на экране запуска Office и в меню \"Файл\" | \"Создать\", если все шаблоны Office не были отключены.","tags":["L_Miscellaneous","L_MicrosoftOfficeaccess"],"application":"access16","key":"software\\microsoft\\office\\16.0\\access\\settings","valueName":"officestartdefaulttab"},{"parentCategory":{"ref":"L_Advanced"},"supportedOn":{"ref":"windows:SUPPORTED_Windows7"},"enabledList":[{"value":{"string":"true"},"valueName":"Microsoft.Office.UXPlatform.FluentSVRefresh"},{"value":{"string":"true"},"valueName":"Microsoft.Office.UXPlatform.RibbonTouchOptimization"},{"value":{"string":"true"},"valueName":"Microsoft.Office.UXPlatform.FluentSVRibbonOptionsMenu"}],"disabledList":[{"value":{"string":"false"},"valueName":"Microsoft.Office.UXPlatform.FluentSVRefresh"},{"value":{"string":"false"},"valueName":"Microsoft.Office.UXPlatform.RibbonTouchOptimization"},{"value":{"string":"false"},"valueName":"Microsoft.Office.UXPlatform.FluentSVRibbonOptionsMenu"}],"name":"L_accessVisualRefresh","displayName":"Настройки визуального обновления","explainText":"Включение или отключение визуального обновления. может не работать в некоторых версиях Office.\n\nДанные предоставлены компанией Office Tool Plus.","tags":["L_Advanced"],"application":"access16","key":"Software\\Microsoft\\Office\\16.0\\Common\\ExperimentConfigs\\ExternalFeatureOverrides\\access"}]}