{"categories":[{"name":"L_MicrosoftVisio","displayName":"Microsoft Visio 2016"},{"parentCategory":{"ref":"L_MicrosoftVisio"},"name":"L_VisioOptions","displayName":"Visio-Optionen"},{"parentCategory":{"ref":"L_VisioOptions"},"name":"L_General","displayName":"Allgemein"},{"parentCategory":{"ref":"L_General"},"name":"L_UserInterfaceOptions","displayName":"Benutzeroberflächenoptionen"},{"parentCategory":{"ref":"L_VisioOptions"},"name":"L_Save","displayName":"Speichern"},{"parentCategory":{"ref":"L_Save"},"name":"L_OfflineEditing","displayName":"Offlinebearbeitung"},{"parentCategory":{"ref":"L_Save"},"name":"L_SaveDocuments","displayName":"Dokumente speichern"},{"parentCategory":{"ref":"L_VisioOptions"},"name":"L_Proofing","displayName":"Rechtschreibprüfung"},{"parentCategory":{"ref":"L_Proofing"},"name":"L_AutoCorrectOptions","displayName":"AutoKorrektur-Optionen"},{"parentCategory":{"ref":"L_VisioOptions"},"name":"L_OptionsCustomizeRibbon","displayName":"Menüband anpassen"},{"parentCategory":{"ref":"L_VisioOptions"},"name":"L_Security","displayName":"Sicherheit"},{"parentCategory":{"ref":"L_Security"},"name":"L_TrustCenter","displayName":"Trust Center"},{"parentCategory":{"ref":"L_TrustCenter"},"name":"L_FileBlockSettings","displayName":"Einstellungen für den Zugriffsschutz"},{"parentCategory":{"ref":"L_Security"},"name":"L_MacroSecurity","displayName":"Makrosicherheit"},{"parentCategory":{"ref":"L_VisioOptions"},"name":"L_Advanced","displayName":"Erweitert"},{"parentCategory":{"ref":"L_Advanced"},"name":"L_FileLocations","displayName":"Dateispeicherorte"},{"parentCategory":{"ref":"L_Advanced"},"name":"L_Display","displayName":"Anzeigen"},{"parentCategory":{"ref":"L_Advanced"},"name":"L_EditingOptions","displayName":"Bearbeitungsoptionen"},{"parentCategory":{"ref":"L_Advanced"},"name":"L_SaveOpen","displayName":"Speichern/Öffnen"},{"parentCategory":{"ref":"L_Advanced"},"name":"L_ShapeSearch","displayName":"Shape suchen"},{"parentCategory":{"ref":"L_Advanced"},"name":"L_GeneralOptions","displayName":"Allgemeine Optionen"},{"parentCategory":{"ref":"L_MicrosoftVisio"},"name":"L_Customizableerrormessages","displayName":"Anpassbare Fehlermeldungen"},{"parentCategory":{"ref":"L_MicrosoftVisio"},"name":"L_Disableitemsinuserinterface","displayName":"Elemente in Benutzeroberfläche deaktivieren"},{"parentCategory":{"ref":"L_Disableitemsinuserinterface"},"name":"L_Custom","displayName":"Benutzerdefiniert"},{"parentCategory":{"ref":"L_MicrosoftVisio"},"name":"L_Miscellaneous","displayName":"Verschiedenes"}],"policies":[{"parentCategory":{"ref":"L_Display"},"supportedOn":{"ref":"windows:SUPPORTED_Windows7"},"enabledValue":{"string":"0"},"disabledValue":{"string":"1"},"name":"L_PreventShowingNewScreenOnLaunch","displayName":"Beim Starten Bildschirm \"Neu\" nicht anzeigen","explainText":"Diese Richtlinieneinstellung ermöglicht Ihnen zu verhindern, dass der Bildschirm \"Neu\" beim Starten von Visio angezeigt wird.\n\nWenn Sie diese Richtlinieneinstellung aktivieren, wird der Bildschirm \"Neu\" beim Starten nicht angezeigt.\n\nWenn Sie diese Richtlinieneinstellung deaktivieren oder nicht konfigurieren, wird der Bildschirm \"Neu\" zusammen mit einem Vorlagenkatalog beim Öffnen von Visio angezeigt.","tags":["L_Display","L_Advanced","L_VisioOptions","L_MicrosoftVisio"],"application":"visio16","key":"software\\microsoft\\office\\16.0\\visio\\application","valueName":"showtemplatepanebydefault"},{"parentCategory":{"ref":"L_Display"},"supportedOn":{"ref":"windows:SUPPORTED_Windows7"},"enabledValue":{"string":"1"},"disabledValue":{"string":"0"},"name":"L_SmartTags","displayName":"Aktionen","explainText":"Zeigt zusätzliche Aktionen an, wenn Sie in der Zeichnung darauf zeigen.","tags":["L_Display","L_Advanced","L_VisioOptions","L_MicrosoftVisio"],"application":"visio16","key":"software\\microsoft\\office\\16.0\\visio\\application","valueName":"showsmarttags"},{"parentCategory":{"ref":"L_Display"},"supportedOn":{"ref":"windows:SUPPORTED_Windows7"},"enabledValue":{"string":"1"},"disabledValue":{"string":"0"},"name":"L_StencilwindowScreenTips","displayName":"Schablonenfenster-QuickInfos","explainText":"Gibt an, ob QuickInfos (QuickInfos: Tipps, die angezeigt werden, wenn Sie den Mauszeiger auf bestimmte Elemente in Visio bewegen, wie z. B. Master-Shapes in Schablonen, Symbolleistenschaltflächen und das Lineal) in Visio angezeigt werden, um das Identifizieren von Shapes im Schablonenfenster zu vereinfachen.","tags":["L_Display","L_Advanced","L_VisioOptions","L_MicrosoftVisio"],"application":"visio16","key":"software\\microsoft\\office\\16.0\\visio\\application","valueName":"tipsstencil"},{"parentCategory":{"ref":"L_Display"},"supportedOn":{"ref":"windows:SUPPORTED_Windows7"},"elements":{"items":[{"item":[{"value":{"string":"51"},"displayName":"Picas"},{"value":{"string":"50"},"displayName":"Punkt"},{"value":{"string":"54"},"displayName":"Ciceros"},{"value":{"string":"53"},"displayName":"Didots"}],"valueName":"measurementsystem_text","inputType":"dropdownList","caption":"Text","id":"L_text7"}]},"name":"L_Text","displayName":"Text","explainText":"Gibt die Maßeinheit für Einzüge, Zeilenabstand und sonstige Textmaße an. Die Standardeinheit für den Schriftgrad ist Punkt (1 Punkt = 1/72 Zoll). Sie können den Schriftgrad in einer anderen Maßeinheit eingeben (z. B. 1 Fuß oder 12 Zoll), aber Sie können den Standardwert nicht ändern.","tags":["L_Display","L_Advanced","L_VisioOptions","L_MicrosoftVisio"],"application":"visio16","key":"software\\microsoft\\office\\16.0\\visio\\document"},{"parentCategory":{"ref":"L_Display"},"supportedOn":{"ref":"windows:SUPPORTED_Windows7"},"elements":{"items":[{"item":[{"value":{"string":"81"},"displayName":"Grad"},{"value":{"string":"82"},"displayName":"Grad-Min-Sek"},{"value":{"string":"84"},"displayName":"Min-Sek"},{"value":{"string":"85"},"displayName":"Sekunden"},{"value":{"string":"83"},"displayName":"Bogenmaß"}],"valueName":"measurementsystem_angle","inputType":"dropdownList","caption":"Winkel","id":"L_angle8"}]},"name":"L_Angle","displayName":"Winkel","explainText":"Gibt die Maßeinheit für den Drehwinkel an.","tags":["L_Display","L_Advanced","L_VisioOptions","L_MicrosoftVisio"],"application":"visio16","key":"software\\microsoft\\office\\16.0\\visio\\document"},{"parentCategory":{"ref":"L_Display"},"supportedOn":{"ref":"windows:SUPPORTED_Windows7"},"elements":{"items":[{"item":[{"value":{"string":"43"},"displayName":"Wochen"},{"value":{"string":"44"},"displayName":"Tage"},{"value":{"string":"45"},"displayName":"Stunden"},{"value":{"string":"46"},"displayName":"Minuten"},{"value":{"string":"47"},"displayName":"Sekunden"}],"valueName":"measurementsystem_duration","inputType":"dropdownList","caption":"Dauer","id":"L_duration9"}]},"name":"L_Duration","displayName":"Dauer","explainText":"Gibt die Maßeinheit für die Dauer an, wobei es sich um verstrichene Zeit im Gegensatz zu einem bestimmten Datum oder einer bestimmten Uhrzeit handelt.","tags":["L_Display","L_Advanced","L_VisioOptions","L_MicrosoftVisio"],"application":"visio16","key":"software\\microsoft\\office\\16.0\\visio\\document"},{"parentCategory":{"ref":"L_Display"},"supportedOn":{"ref":"windows:SUPPORTED_Windows7"},"enabledValue":{"string":"1"},"disabledValue":{"string":"0"},"name":"L_AlwaysofferMetricandUSunitsfornewblankdrawings","displayName":"Für neue, leere Zeichnungen und Schablonen stets 'Metrisch' und 'US-Einheiten' anbieten","explainText":"Diese Richtlinieneinstellung ermöglicht Ihnen die Anzeige von sowohl US- als auch metrischen Einheiten beim Erstellen einer neuen, leeren Zeichnung oder Schablone.\n\nWenn Sie diese Richtlinieneinstellung aktivieren, werden US- und metrische Einheiten als Auswahlmöglichkeiten angezeigt, bevor eine neue, leere Zeichnung oder Schablone erstellt wird. Diese Zeichnungen werden mit den entsprechenden Linealen sowie einer geeigneten Seiteneinrichtung geöffnet, und sie verwenden die für die Zeichentools erforderlichen Einheiten. Vorlagen und Schablonen werden hierdurch aber nicht mit beiden Einheitentypen installiert. Diese Richtlinieneinstellung ist immer aktiviert, wenn die Registerkarte \"Entwicklertools\" aktiviert ist.\n\nWenn Sie diese Richtlinieneinstellung deaktivieren oder nicht konfigurieren, wird keine Auswahlmöglichkeit für Einheiten beim Erstellen einer leeren Zeichnung oder Schablone angeboten, wenn nur Schablonen mit einem Einheitentyp installiert sind.","tags":["L_Display","L_Advanced","L_VisioOptions","L_MicrosoftVisio"],"application":"visio16","key":"software\\microsoft\\office\\16.0\\visio\\application","valueName":"offermetricandus"},{"parentCategory":{"ref":"L_UserInterfaceOptions"},"supportedOn":{"ref":"windows:SUPPORTED_Windows7"},"enabledValue":{"string":"0"},"disabledValue":{"string":"1"},"name":"L_DoNotShowMiniToolbarOnSelectionOfText","displayName":"Minisymbolleiste beim Auswählen von Text nicht anzeigen","explainText":"Diese Richtlinieneinstellung ermöglicht Ihnen die Konfiguration der Minisymbolleiste beim Auswählen von Text.\n\nWenn Sie diese Richtlinieneinstellung aktivieren, wird die Minisymbolleiste beim Auswählen nicht angezeigt.\n\nWenn Sie diese Richtlinieneinstellung deaktivieren oder nicht konfigurieren, wird die Minisymbolleiste beim Auswählen angezeigt.","tags":["L_UserInterfaceOptions","L_General","L_VisioOptions","L_MicrosoftVisio"],"application":"visio16","key":"software\\microsoft\\office\\16.0\\visio\\application","valueName":"showminitoolbar"},{"parentCategory":{"ref":"L_UserInterfaceOptions"},"supportedOn":{"ref":"windows:SUPPORTED_Windows7"},"enabledValue":{"string":"0"},"disabledValue":{"string":"1"},"name":"L_TurnOffLivePreview","displayName":"Livevorschau deaktivieren","explainText":"Diese Richtlinieneinstellung ermöglicht Ihnen die Konfiguration der Livevorschau, die beim Zeigen auf verschiedene Auswahlmöglichkeiten eine Vorschau der Auswirkungen eines Features auf das Dokument anzeigt.\n\nWenn Sie diese Richtlinieneinstellung aktivieren, ist die Livevorschau deaktiviert.\n\nWenn Sie diese Richtlinieneinstellung deaktivieren oder nicht konfigurieren, ist die Livevorschau aktiviert.","tags":["L_UserInterfaceOptions","L_General","L_VisioOptions","L_MicrosoftVisio"],"application":"visio16","key":"software\\microsoft\\office\\16.0\\visio\\application","valueName":"livepreview"},{"parentCategory":{"ref":"L_UserInterfaceOptions"},"supportedOn":{"ref":"windows:SUPPORTED_Windows7"},"enabledValue":{"string":"0"},"disabledValue":{"string":"1"},"name":"L_TurnOffLivePreviewInTheShapesWindow","displayName":"Livevorschau in Shapes-Fenster deaktivieren","explainText":"Diese Richtlinieneinstellung deaktiviert das Feature für die Livevorschau im Shapes-Fenster, bei dem Shapes mit einer Detailgenauigkeit und Farbtiefe, einschließlich Designfarben und -effekten, im Shapes-Fenster angezeigt werden, die sie auch in der Zeichnung besitzen.\n\nWenn Sie diese Richtlinieneinstellung aktivieren, ist die Livevorschau im Shapes-Fenster deaktiviert.\n\nWenn Sie diese Richtlinieneinstellung deaktivieren oder nicht konfigurieren, ist die Livevorschau im Shapes-Fenster aktiviert.","tags":["L_UserInterfaceOptions","L_General","L_VisioOptions","L_MicrosoftVisio"],"application":"visio16","key":"software\\microsoft\\office\\16.0\\visio\\application","valueName":"livepreviewmasters"},{"parentCategory":{"ref":"L_EditingOptions"},"supportedOn":{"ref":"windows:SUPPORTED_Windows7"},"enabledValue":{"string":"1"},"disabledValue":{"string":"0"},"name":"L_ZoomonrollwithIntelliMouse","displayName":"Beim Rollen mit IntelliMouse zoomen","explainText":"Wenn diese Option ausgewählt ist, können Sie eine Zeichnung vergrößern oder verkleinern, indem Sie das Rad der Microsoft Intellimouse betätigen.","tags":["L_EditingOptions","L_Advanced","L_VisioOptions","L_MicrosoftVisio"],"application":"visio16","key":"software\\microsoft\\office\\16.0\\visio\\application","valueName":"zoomonroll"},{"parentCategory":{"ref":"L_EditingOptions"},"supportedOn":{"ref":"windows:SUPPORTED_Windows7"},"enabledValue":{"string":"1"},"disabledValue":{"string":"0"},"name":"L_Centerselectiononzoom","displayName":"Auswahl bei Zoom zentrieren","explainText":"Gibt an, dass beim Vergrößern das jeweils ausgewählte Shape in der Mitte des Fensters angezeigt wird.","tags":["L_EditingOptions","L_Advanced","L_VisioOptions","L_MicrosoftVisio"],"application":"visio16","key":"software\\microsoft\\office\\16.0\\visio\\application","valueName":"zoommode"},{"parentCategory":{"ref":"L_EditingOptions"},"supportedOn":{"ref":"windows:SUPPORTED_Windows7"},"enabledValue":{"string":"1"},"disabledValue":{"string":"0"},"name":"L_Selectshapespartiallywithinarea","displayName":"Shapes auswählen, die sich teilweise im Auswahlbereich befinden","explainText":"Wenn Sie Shapes mithilfe eines rechteckigen Bereichs auswählen (Zeichnen eines Rahmens um Shapes auf der Zeichnungsseite), können Sie die Auswahleinstellungen ändern, um auch Shapes einzuschließen, die teilweise innerhalb des rechteckigen Bereichs liegen.","tags":["L_EditingOptions","L_Advanced","L_VisioOptions","L_MicrosoftVisio"],"application":"visio16","key":"software\\microsoft\\office\\16.0\\visio\\application","valueName":"areaselection"},{"parentCategory":{"ref":"L_EditingOptions"},"supportedOn":{"ref":"windows:SUPPORTED_Windows7"},"enabledValue":{"string":"1"},"disabledValue":{"string":"0"},"name":"L_Enablelivedynamics","displayName":"Livedynamik aktivieren","explainText":"Wenn Sie die Größe eines Shapes ändern oder es drehen, sehen Sie, wie das Shape transformiert wird, und nicht nur das umgebende Feld bis zum Abschluss der Aktion.","tags":["L_EditingOptions","L_Advanced","L_VisioOptions","L_MicrosoftVisio"],"application":"visio16","key":"software\\microsoft\\office\\16.0\\visio\\application","valueName":"livemousedynamics"},{"parentCategory":{"ref":"L_EditingOptions"},"supportedOn":{"ref":"windows:SUPPORTED_Windows7"},"enabledValue":{"string":"1"},"disabledValue":{"string":"0"},"name":"L_Enalbeconnectorsplitting","displayName":"Verbinderteilung aktivieren","explainText":"Wenn Sie ein Shape auf der Linie eines Verbinders platzieren, wird es geteilt und beide Komponenten werden zu separaten Verbindern, die an das Shape geklebt sind. Die Verbinderteilung wird nicht von allen Zeichnungstypen unterstützt.","tags":["L_EditingOptions","L_Advanced","L_VisioOptions","L_MicrosoftVisio"],"application":"visio16","key":"software\\microsoft\\office\\16.0\\visio\\application","valueName":"allowshapesplitting"},{"parentCategory":{"ref":"L_EditingOptions"},"supportedOn":{"ref":"windows:SUPPORTED_Windows7"},"enabledValue":{"string":"1"},"disabledValue":{"string":"0"},"name":"L_EnableAutoConnect","displayName":"Autom. verbinden' aktivieren","explainText":"Legt den Wert in der entsprechenden Benutzeroberflächenoption fest.","tags":["L_EditingOptions","L_Advanced","L_VisioOptions","L_MicrosoftVisio"],"application":"visio16","key":"software\\microsoft\\office\\16.0\\visio\\application","valueName":"enableautoconnect"},{"parentCategory":{"ref":"L_EditingOptions"},"supportedOn":{"ref":"windows:SUPPORTED_Windows7"},"enabledValue":{"string":"0"},"disabledValue":{"string":"1"},"name":"L_ShowMoreHandles","displayName":"Mehr Steuerpunkte beim Daraufzeigen anzeigen","explainText":"Diese Richtlinieneinstellung ermöglicht Ihnen das Anzeigen weiterer Größenänderungs-Steuerpunkte beim Zeigen auf ein markiertes Shape.\n\nWenn Sie diese Richtlinieneinstellung aktivieren, werden nach einer kurzen Verzögerung weitere Größenänderungs-Steuerpunkte angezeigt.\n\nWenn Sie diese Richtlinieneinstellung deaktivieren oder nicht konfigurieren, werden keine weiteren Größenänderungs-Steuerpunkte angezeigt.\n","tags":["L_EditingOptions","L_Advanced","L_VisioOptions","L_MicrosoftVisio"],"application":"visio16","key":"software\\microsoft\\office\\16.0\\visio\\application","valueName":"handlebehavior"},{"parentCategory":{"ref":"L_SaveDocuments"},"supportedOn":{"ref":"windows:SUPPORTED_Windows7"},"enabledValue":{"string":"1"},"disabledValue":{"string":"0"},"name":"L_Promptfordocumentpropertiesonfirstsave","displayName":"Beim ersten Speichern nach Dokumenteigenschaften fragen","explainText":"Gibt an, ob das Eigenschaftendialogfeld geöffnet wird, wenn eine Datei zum ersten Mal gespeichert wird. Zu den Dateieigenschaften zählen der Name des Autors und Informationen wie der Dateistatus, Vorschaueinstellungen und sonstige Eigenschaften.","tags":["L_SaveDocuments","L_Save","L_VisioOptions","L_MicrosoftVisio"],"application":"visio16","key":"software\\microsoft\\office\\16.0\\visio\\application","valueName":"promptforsummaryinfo"},{"parentCategory":{"ref":"L_SaveOpen"},"supportedOn":{"ref":"windows:SUPPORTED_Windows7"},"elements":{"items":[{"item":[{"value":{"string":"0"},"displayName":"Sprache von Visio festlegen lassen"},{"value":{"string":"1"},"displayName":"Aufforderung für Sprache"},{"value":{"string":"2"},"displayName":"Folgende Sprache verwenden"}],"valueName":"fileconversionmode","inputType":"dropdownList","caption":"Sprache für Dateikonvertierung","id":"L_languageforfileconversion5"},{"valueName":"fileconversionlanguage","requiredSpecified":false,"expandableSpecified":false,"maxLength":2147483647,"maxLengthSpecified":false,"inputType":"textBox","caption":"Sprache verwenden:","id":"L_Uselanguage"}]},"name":"L_languageforfileconversion4","displayName":"Sprache für Dateikonvertierung","explainText":"Diese Richtlinieneinstellung gibt an, wie Visio bestimmt, welche Sprache beim Konvertieren aus einer früheren Version oder in eine frühere Version von Visio verwendet werden soll.  \n\nWenn Sie diese Richtlinieneinstellung aktivieren, können Sie eine der drei folgenden Optionen wählen:\n\n- \"Sprache von Visio festlegen lassen\"\n- \"Aufforderung für Sprache\"\n- \"Folgende Sprache verwenden\": Sie müssen die numerische Sprachcode-ID von Microsoft (LCID) für diese Sprache angeben.\n\nWenn Sie diese Richtlinieneinstellung deaktivieren oder nicht konfigurieren, entscheidet Visio, welche Sprache verwendet wird.","tags":["L_SaveOpen","L_Advanced","L_VisioOptions","L_MicrosoftVisio"],"application":"visio16","key":"software\\microsoft\\office\\16.0\\visio\\application"},{"parentCategory":{"ref":"L_SaveOpen"},"supportedOn":{"ref":"windows:SUPPORTED_Windows7"},"enabledValue":{"string":"1"},"disabledValue":{"string":"0"},"name":"L_Showfilesavewarnings","displayName":"Warnungen beim Speichern einer Datei anzeigen","explainText":"Gibt an, ob eine Warnmeldung angezeigt wird, wenn Sie Dateien speichern, die Fehler wie z. B. ungültigen XML-Code enthalten.","tags":["L_SaveOpen","L_Advanced","L_VisioOptions","L_MicrosoftVisio"],"application":"visio16","key":"software\\microsoft\\office\\16.0\\visio\\application","valueName":"showxmlsavewarnings"},{"parentCategory":{"ref":"L_SaveOpen"},"supportedOn":{"ref":"windows:SUPPORTED_Windows7"},"enabledValue":{"string":"1"},"disabledValue":{"string":"0"},"name":"L_Showfileopenwarnings","displayName":"Warnungen beim Öffnen einer Datei anzeigen","explainText":"Gibt an, ob eine Warnmeldung angezeigt wird, wenn Sie Dateien öffnen, die Fehler wie z. B. ungültigen XML-Code enthalten.","tags":["L_SaveOpen","L_Advanced","L_VisioOptions","L_MicrosoftVisio"],"application":"visio16","key":"software\\microsoft\\office\\16.0\\visio\\application","valueName":"showxmlopenwarnings"},{"parentCategory":{"ref":"L_OptionsCustomizeRibbon"},"supportedOn":{"ref":"windows:SUPPORTED_Windows7"},"enabledValue":{"decimal":{"value":1}},"disabledValue":{"decimal":{"value":0}},"name":"L_DisplayDeveloperTab","displayName":"Registerkarte \"Entwicklertools\" im Menüband anzeigen","explainText":"Diese Richtlinieneinstellung steuert, ob die Registerkarte \"Entwicklertools\" im Menüband angezeigt wird.\n\nWenn Sie diese Richtlinieneinstellung aktivieren, wird die Registerkarte \"Entwicklertools\" im Menüband angezeigt.\n\nWenn Sie diese Richtlinieneinstellung deaktivieren, wird die Registerkarte \"Entwicklertools\" nicht im Menüband angezeigt.\n\nWenn Sie diese Richtlinieneinstellung nicht konfigurieren, wird die Registerkarte \"Entwicklertools\" nicht im Menüband angezeigt. Ihre Sichtbarkeit kann aber mithilfe einer Einstellung im Dialogfeld \"Optionen\" der Anwendung geändert werden.","tags":["L_OptionsCustomizeRibbon","L_VisioOptions","L_MicrosoftVisio"],"application":"visio16","key":"software\\microsoft\\office\\16.0\\visio\\application","valueName":"developertools"},{"parentCategory":{"ref":"L_Save"},"supportedOn":{"ref":"windows:SUPPORTED_Windows7"},"enabledValue":{"decimal":{"value":1}},"disabledValue":{"decimal":{"value":0}},"name":"L_TurnOffCADDWGFunctionality","displayName":"CAD/DWG-Funktionalität deaktivieren","explainText":"Diese Richtlinieneinstellung ermöglicht Ihnen das Deaktivieren aller Einstiegspunkte im Zusammenhang mit CAD/DWG-Dateien.\n\nWenn Sie diese Richtlinieneinstellung aktivieren, wird die CAD/DWG-Funktionalität deaktiviert.\n\nWenn Sie diese Richtlinieneinstellung deaktivieren oder nicht konfigurieren, wird die CAD/DWG-Funktionalität aktiviert.","tags":["L_Save","L_VisioOptions","L_MicrosoftVisio"],"application":"visio16","key":"software\\microsoft\\office\\16.0\\visio\\application","valueName":"disabledwg"},{"parentCategory":{"ref":"L_OfflineEditing"},"supportedOn":{"ref":"windows:SUPPORTED_Windows7"},"elements":{"items":[{"item":[{"value":{"string":"1"},"displayName":"Speicherort für Serverentwürfe"},{"value":{"string":"0"},"displayName":"Webserver"}],"valueName":"uselocaldrafts","inputType":"dropdownList","id":"L_SaveCheckedOutFilesToDropID"}]},"name":"L_SaveCheckedOutFilesTo","displayName":"Ausgecheckte Dateien speichern in","explainText":"Diese Richtlinieneinstellung ermöglicht Ihnen die Auswahl, ob ausgecheckte Dateien am Speicherort für Serverentwürfe oder auf dem Webserver gespeichert werden. \n\nWenn Sie diese Richtlinieneinstellung aktivieren, können Sie auswählen, wo ausgecheckte Dateien gespeichert werden:\n- Speicherort für Serverentwürfe: Der Speicherort für Serverentwürfe auf diesem Computer.\n- Webserver: Der Webserver.\n\nWenn Sie diese Richtlinieneinstellung deaktivieren oder nicht konfigurieren, werden ausgecheckte Dateien am Speicherort für Serverentwürfe gespeichert.","tags":["L_OfflineEditing","L_Save","L_VisioOptions","L_MicrosoftVisio"],"application":"visio16","key":"software\\microsoft\\office\\16.0\\visio\\application"},{"parentCategory":{"ref":"L_SaveDocuments"},"supportedOn":{"ref":"windows:SUPPORTED_Windows7"},"elements":{"items":[{"item":[{"value":{"string":"0"},"displayName":"Visio-Dokument"},{"value":{"string":"3"},"displayName":"Visio-Dokument mit Makros"},{"value":{"string":"1"},"displayName":"Visio 2003-2016-Dokument"}],"valueName":"savefileformat","inputType":"dropdownList","caption":"Visio-Dateien speichern unter","id":"L_savevisiofilesas6"}]},"name":"L_SaveVisiofilesas","displayName":"Visio-Dateien speichern unter","explainText":"Identifiziert das Standarddateiformat, in dem Visio-Dateien gespeichert werden.","tags":["L_SaveDocuments","L_Save","L_VisioOptions","L_MicrosoftVisio"],"application":"visio16","key":"software\\microsoft\\office\\16.0\\visio\\application"},{"parentCategory":{"ref":"L_ShapeSearch"},"supportedOn":{"ref":"windows:SUPPORTED_Windows7"},"enabledValue":{"string":"1"},"disabledValue":{"string":"0"},"name":"L_Showshapesearchpane","displayName":"Bereich 'Shape suchen' anzeigen","explainText":"Zeigt die Benutzeroberflächenelemente für die Shape-Suche des Schablonenfensters an.","tags":["L_ShapeSearch","L_Advanced","L_VisioOptions","L_MicrosoftVisio"],"application":"visio16","key":"software\\microsoft\\office\\16.0\\visio\\application","valueName":"showshapesearchpane"},{"parentCategory":{"ref":"L_ShapeSearch"},"supportedOn":{"ref":"windows:SUPPORTED_Windows7"},"elements":{"items":[{"item":[{"value":{"string":"1"},"displayName":"Alle Wörter (UND)"},{"value":{"string":"0"},"displayName":"Beliebige Wörter (ODER)"}],"valueName":"findshapesallwords","inputType":"dropdownList","caption":"Suchen nach:","id":"L_searchfor10"}]},"name":"L_Searchfor","displayName":"Suchen nach:","explainText":"Legt den Wert in der entsprechenden Benutzeroberflächenoption fest.","tags":["L_ShapeSearch","L_Advanced","L_VisioOptions","L_MicrosoftVisio"],"application":"visio16","key":"software\\microsoft\\office\\16.0\\visio\\application"},{"parentCategory":{"ref":"L_ShapeSearch"},"supportedOn":{"ref":"windows:SUPPORTED_Windows7"},"elements":{"items":[{"item":[{"value":{"string":"0"},"displayName":"Alphabetisch"},{"value":{"string":"1"},"displayName":"Nach Gruppen"}],"valueName":"msoridcuvisiobfsgroup","inputType":"dropdownList","caption":"Suchergebnisse","id":"L_searchresults11"}]},"name":"L_Searchresults","displayName":"Suchergebnisse","explainText":"Gibt an, ob Ergebnisse in alphabetischer Reihenfolge, nach dem Shape-Namen oder nach dem Schablonennamen (Gruppe) zurückgegeben werden. Klicken Sie auf 'Nach Gruppen', um zwischen Shapes zu unterscheiden, die den gleichen Namen aufweisen, aber in unterschiedlichen Schablonen vorhanden sind. Das Auswählen dieser Option ist auch hilfreich, wenn Sie die Schablone, die das Shape enthält, suchen möchten.","tags":["L_ShapeSearch","L_Advanced","L_VisioOptions","L_MicrosoftVisio"],"application":"visio16","key":"software\\microsoft\\office\\16.0\\visio\\application"},{"parentCategory":{"ref":"L_ShapeSearch"},"supportedOn":{"ref":"windows:SUPPORTED_Windows7"},"enabledValue":{"string":"0"},"disabledValue":{"string":"1"},"name":"L_Openresultsnewwindow","displayName":"Ergebnisse in neuem Fenster öffnen","explainText":"Gibt an, ob für jede Suche eine neue Suchergebnisschablone erstellt wird. Wenn diese Option deaktiviert ist, werden die Ergebnisse einer vorherigen Suche durch die Ergebnisse einer Suche ersetzt.","tags":["L_ShapeSearch","L_Advanced","L_VisioOptions","L_MicrosoftVisio"],"application":"visio16","key":"software\\microsoft\\office\\16.0\\visio\\application","valueName":"msoridcuvisiobfsrecycle"},{"parentCategory":{"ref":"L_TrustCenter"},"supportedOn":{"ref":"windows:SUPPORTED_Windows7"},"enabledValue":{"decimal":{"value":1}},"disabledValue":{"decimal":{"value":0}},"name":"L_Disableallapplicationextensions","displayName":"Alle Anwendungs-Add-Ins deaktivieren","explainText":"Mithilfe dieser Richtlinieneinstellung werden alle Add-Ins für die angegebenen Office 2016-Anwendungen deaktiviert.\n      \nWenn Sie diese Richtlinieneinstellung aktivieren, werden alle Add-Ins für die angegebenen Office 2016-Anwendungen deaktiviert.\n\nWenn Sie diese Richtlinieneinstellung deaktivieren oder nicht konfigurieren, wird die Ausführung aller Add-Ins für die angegebenen Office 2016-Anwendungen ohne Benachrichtigung der Benutzer zugelassen, es sei denn, es ist erforderlich, dass Anwendungs-Add-Ins von vertrauenswürdigen Herausgebern signiert sind.","tags":["L_TrustCenter","L_Security","L_VisioOptions","L_MicrosoftVisio"],"application":"visio16","key":"software\\microsoft\\office\\16.0\\visio\\security","valueName":"disablealladdins"},{"parentCategory":{"ref":"L_TrustCenter"},"supportedOn":{"ref":"windows:SUPPORTED_Windows7"},"enabledValue":{"decimal":{"value":1}},"disabledValue":{"decimal":{"value":0}},"name":"L_BlockMacroExecutionFromInternet","displayName":"Ausführung von Makros in Office-Dateien aus dem Internet blockieren","explainText":"\n        Diese Richtlinieneinstellung ermöglicht das Blockieren der Ausführung von Makros in Office-Dateien, die aus dem Internet stammen.\n\n        Wenn Sie diese Richtlinieneinstellung aktivieren, wird die Ausführung von Makros blockiert, selbst wenn im Abschnitt \"Makroeinstellungen\" im Trust Center \"Alle Makros aktivieren\" ausgewählt ist. Außerdem erhalten die Benutzer, statt \"Inhalt aktivieren\" auswählen zu können, eine Benachrichtigung, dass die Ausführung von Makros blockiert ist. Wenn die Office-Datei an einem vertrauenswürdigen Speicherort gespeichert wird oder zuvor vom Benutzer als vertrauenswürdig festgelegt wurde, wird die Ausführung von Makros zugelassen.\n\n        Wenn Sie diese Richtlinieneinstellung deaktivieren oder nicht konfigurieren, bestimmen die im Abschnitt \"Makroeinstellungen\" im Trust Center konfigurierten Einstellungen, ob Makros in Office-Dateien, die aus dem Internet stammen, ausgeführt werden.\n      ","tags":["L_TrustCenter","L_Security","L_VisioOptions","L_MicrosoftVisio"],"application":"visio16","key":"software\\microsoft\\office\\16.0\\visio\\security","valueName":"blockcontentexecutionfrominternet"},{"parentCategory":{"ref":"L_TrustCenter"},"supportedOn":{"ref":"windows:SUPPORTED_Windows7"},"enabledValue":{"decimal":{"value":1}},"disabledValue":{"decimal":{"value":0}},"name":"L_TurnOffTrustedDocumentsOnTheNetwork","displayName":"Vertrauenswürdige Dokumente im Netzwerk deaktivieren","explainText":"Diese Richtlinieneinstellung ermöglicht Ihnen das Deaktivieren des Features für vertrauenswürdige Dokumente für über das Netzwerk geöffnete Dokumente.\n\nWenn Sie diese Richtlinieneinstellung aktivieren, erhalten Benutzer immer Sicherheitsbenachrichtigungen bei aktiven Inhalten wie Makros, ActiveX-Steuerelementen, Datenverbindungen usw. in Dokumenten, die über das Netzwerk geöffnet wurden.\n\nWenn Sie diese Richtlinieneinstellung deaktivieren oder nicht konfigurieren, ermöglicht das Feature für vertrauenswürdige Dokumente Benutzern, aktive Inhalte wie Makros, ActiveX-Steuerelemente, Datenverbindungen usw. immer zuzulassen, sodass Benutzer beim nächsten Öffnen der Dokumente nicht mehr aufgefordert werden. Vertrauenswürdige Dokumente sind von Sicherheitsbenachrichtigungen ausgenommen.","tags":["L_TrustCenter","L_Security","L_VisioOptions","L_MicrosoftVisio"],"application":"visio16","key":"software\\microsoft\\office\\16.0\\visio\\security\\trusted documents","valueName":"disablenetworktrusteddocuments"},{"parentCategory":{"ref":"L_TrustCenter"},"supportedOn":{"ref":"windows:SUPPORTED_Windows7"},"enabledValue":{"decimal":{"value":1}},"disabledValue":{"decimal":{"value":0}},"name":"L_TurnOffTrustedDocuments","displayName":"Vertrauenswürdige Dokumente deaktivieren","explainText":"Diese Richtlinieneinstellung ermöglicht Ihnen das Deaktivieren des Features für vertrauenswürdige Dokumente. Das Feature für vertrauenswürdige Dokumente gestattet Benutzern, aktiven Inhalt wie Makros, ActiveX-Steuerelemente, Datenverbindungen usw. immer in Dokumenten zu aktivieren, sodass sie beim nächsten Öffnen des jeweiligen Dokuments nicht aufgefordert werden. Vertrauenswürdige Dokumente sind von Sicherheitsbenachrichtigungen ausgenommen.\n\nWenn Sie diese Richtlinie aktivieren, wird das Feature für vertrauenswürdige Dokumente deaktiviert. Benutzer erhalten bei jedem Öffnen eines Dokuments, das aktiven Inhalt enthält, einen Sicherheitshinweis.\n\nWird diese Richtlinieneinstellung deaktiviert oder nicht konfiguriert, sind Dokumente vertrauenswürdig, wenn Benutzer Inhalt für ein Dokument aktivieren, und es wird kein Sicherheitshinweis mehr angezeigt.","tags":["L_TrustCenter","L_Security","L_VisioOptions","L_MicrosoftVisio"],"application":"visio16","key":"software\\microsoft\\office\\16.0\\visio\\security\\trusted documents","valueName":"disabletrusteddocuments"},{"parentCategory":{"ref":"L_TrustCenter"},"supportedOn":{"ref":"windows:SUPPORTED_Windows7"},"elements":{"items":[{"valueName":"maxtrusteddocuments","minValue":0,"minValueSpecified":true,"maxValue":20000,"maxValueSpecified":true,"inputType":"decimalTextBox","caption":"Maximale Anzahl:","id":"L_SetMaximumNumberOfTrustedDocumentsSpinID"}]},"name":"L_SetMaximumNumberOfTrustedDocuments","displayName":"Maximale Anzahl vertrauenswürdiger Dokumente festlegen","explainText":"Diese Richtlinieneinstellung ermöglicht Ihnen die Angabe der maximalen Anzahl von Vertrauensstellungs-Datensätzen für vertrauenswürdige Dokumente, die in der Registrierung gespeichert werden können, bevor der Löschtask ausgeführt wird. Der Löschtask verringert die Anzahl der in der Registrierung gespeicherten vertrauenswürdigen Dokumente auf den Wert, der durch die Richtlinieneinstellung \"Maximale Anzahl beizubehaltender Vertrauensstellungs-Datensätze festlegen\" festgelegt wird.\n\nWenn Sie diese Richtlinieneinstellung aktivieren, können Sie die maximale Anzahl von vertrauenswürdigen Dokumenten mit einer Obergrenze von 20.000 angeben, die in der Registrierung gespeichert werden, bevor der Löschtask ausgeführt wird. Aus Gründen der Leistung empfiehlt es sich nicht, den Wert auf den oberen Grenzwert festzulegen.\n\nWenn Sie diese Richtlinieneinstellung deaktivieren oder nicht konfigurieren, wird der Standardwert von 500 für die maximale Anzahl vertrauenswürdiger Dokumente verwendet, die in der Registrierung gespeichert werden können, bevor der Löschtask ausgeführt wird.","tags":["L_TrustCenter","L_Security","L_VisioOptions","L_MicrosoftVisio"],"application":"visio16","key":"software\\microsoft\\office\\16.0\\visio\\security\\trusted documents"},{"parentCategory":{"ref":"L_TrustCenter"},"supportedOn":{"ref":"windows:SUPPORTED_Windows7"},"elements":{"items":[{"valueName":"maxpreservetrusteddocuments","minValue":0,"minValueSpecified":true,"maxValue":20000,"maxValueSpecified":true,"inputType":"decimalTextBox","caption":"Maximal zu erhalten:","id":"L_SetMaximumNumberOfTrustRecordsToPreserveSpinID"}]},"name":"L_SetMaximumNumberOfTrustRecordsToPreserve","displayName":"Maximale Anzahl beizubehaltender Vertrauensstellungs-Datensätze festlegen","explainText":"Diese Richtlinieneinstellung ermöglicht Ihnen die Angabe der maximalen Anzahl beizubehaltender Vertrauensstellungs-Datensätze, wenn der Löschtask erkennt, dass diese Anwendung mehr Vertrauensstellungen besitzt als die Anzahl vertrauenswürdiger Dokumente, die von der Richtlinieneinstellung \"Maximale Anzahl vertrauenswürdiger Dokumente festlegen\" festgelegt wurde.\n\nWenn Sie diese Richtlinieneinstellung aktivieren, können Sie die maximale Anzahl beizubehaltender Vertrauensstellungs-Datensätze mit einer Obergrenze von 20.000 angeben. Aus Gründen der Leistung empfiehlt es sich nicht, den Wert auf den oberen Grenzwert festzulegen.\n\nWenn Sie diese Richtlinieneinstellung deaktivieren oder nicht konfigurieren, wird der Standardwert von 400 verwendet.","tags":["L_TrustCenter","L_Security","L_VisioOptions","L_MicrosoftVisio"],"application":"visio16","key":"software\\microsoft\\office\\16.0\\visio\\security\\trusted documents"},{"parentCategory":{"ref":"L_TrustCenter"},"supportedOn":{"ref":"windows:SUPPORTED_Windows7"},"elements":{"items":[{"item":[{"value":{"decimal":{"value":2}},"displayName":"Alle Makros mit Benachrichtigung deaktivieren"},{"value":{"decimal":{"value":3}},"displayName":"Alle Makros außer digital signierten Makros deaktivieren"},{"value":{"decimal":{"value":4}},"displayName":"Alle Makros ohne Benachrichtigung deaktivieren"},{"value":{"decimal":{"value":1}},"displayName":"Alle Makros aktivieren (nicht empfohlen)"}],"valueName":"vbawarnings","inputType":"dropdownList","id":"L_Empty"},{"trueValue":{"decimal":{"value":1}},"falseValue":{"decimal":{"value":0}},"valueName":"vbadigsigtrustedpublishers","key":"software\\microsoft\\office\\16.0\\visio\\security","inputType":"checkBox","caption":"Makros müssen von einem vertrauenswürdigen Herausgeber signiert sein","id":"L_VBADigSigTrustedPublishersStr"},{"trueValue":{"decimal":{"value":1}},"falseValue":{"decimal":{"value":0}},"valueName":"vbarequirelmtrustedpublisher","key":"software\\microsoft\\office\\16.0\\visio\\security","inputType":"checkBox","caption":"Zertifikate von vertrauenswürdigen Herausgebern blockieren, die nur im aktuellen Benutzerzertifikatspeicher installiert sind","id":"L_VBAOnlyAllowLMTrustedPublisherStr"},{"trueValue":{"decimal":{"value":1}},"falseValue":{"decimal":{"value":0}},"valueName":"vbarequiredigsigwithcodesigningeku","key":"software\\microsoft\\office\\16.0\\visio\\security","inputType":"checkBox","caption":"Erweiterte Schlüsselverwendung (EKU) für Zertifikate von vertrauenswürdiger Herausgebern anfordern","id":"L_VBAOnlyAllowDigSigWithCodeSigningEKUStr"}]},"name":"L_VBAWarningsPolicy","displayName":"Einstellungen für VBA-Makrobenachrichtigungen","explainText":"Durch diese Richtlinie wird gesteuert, wie Benutzer durch die angegebenen Anwendungen gewarnt werden, wenn VBA-Makros (Visual Basic für Applikationen) vorhanden sind.\n\nWenn Sie diese Richtlinieneinstellung aktivieren, können Sie unter vier Optionen wählen, die festlegen, wie die angegebenen Anwendungen Benutzer vor Makros warnen sollen:\n\n- Alle Makros mit Benachrichtigung deaktivieren: Die Anwendung zeigt die Vertrauensstellungsleiste für alle Makros unabhängig davon an, ob sie signiert oder unsigniert sind. Diese Option erzwingt die Standardkonfiguration in Office.\n\n – Alle Makros außer digital signierten Makros deaktivieren: Die Anwendung zeigt die Vertrauensstellungsleiste für digital signierte Makros an. Dies gibt Benutzern die Möglichkeit, sie zu aktivieren oder deaktiviert zu lassen. Alle nicht signierten Makros werden deaktiviert, und die Benutzer werden nicht benachrichtigt.\n\n– Alle Makros ohne Benachrichtigung deaktivieren: Die Anwendung deaktiviert alle Makros unabhängig davon, ob sie signiert oder unsigniert sind, und benachrichtigt die Benutzer nicht.\n\n– Alle Makros aktivieren (nicht empfohlen): Alle Makros werden unabhängig davon aktiviert, ob sie signiert oder nicht signiert sind. Diese Option kann die Sicherheit erheblich herabsetzen, weil sie die unbemerkte Ausführung von gefährlichem Code erlaubt.\n\nWenn Sie diese Richtlinieneinstellung deaktivieren, ist \"Alle Makros mit Benachrichtigung deaktivieren\" die Standardeinstellung.\n\nWenn Sie diese Richtlinieneinstellung nicht konfigurieren, werden Dateien von den Anwendungen mit deaktivierten Makros geöffnet, wenn Benutzer Dateien, die VBA-Makros enthalten, in den angegebenen Anwendungen öffnen. Es wird dann die Vertrauensstellungsleiste mit einer Warnung angezeigt, dass Makros vorhanden sind, aber deaktiviert wurden. Die Benutzer können die Dateien untersuchen und gegebenenfalls bearbeiten, sie können deaktivierte Funktionen jedoch erst verwenden, nachdem sie diese durch Klicken auf \"Inhalt aktivieren\" auf der Vertrauensstellungsleiste aktiviert haben. Wenn der Benutzer auf \"Inhalt aktivieren\" klickt, wird das Dokument als vertrauenswürdiges Dokument hinzugefügt.\n\nWenn Sie “Alle außer digital signierte Makros deaktivieren” wählen, wird empfohlen, dass Sie auch das Kontrollkästchen “Makros müssen von einem vertrauenswürdigen Herausgeber signiert sein” aktivieren, um dadurch die Sicherheit zu verbessern.\n\nWenn Sie das Kontrollkästchen “Makros müssen von einem vertrauenswürdigen Herausgeber signiert sein” aktivieren, erhalten Benutzer beim Öffnen einer Datei eine Meldung, dass digital signierte Makros blockiert worden sind, weil sie nicht von einem vertrauenswürdigen Herausgeber signiert sind.Es gibt außerdem noch zwei weitere Kontrollkästchen, die aktiviert werden sollten, um die Sicherheit zu verbessern: \n\nZertifikate von vertrauenswürdigen Herausgebern blockieren, die im aktuellen Benutzerzertifikatspeicher installiert sind\n\n- Erweiterte Schlüsselverwendung (Extended Key Usage, EKU) für Zertifikate vom vertrauenswürdigen Herausgeber anfordern\n\nHinweis: Diese beiden Kontrollkästchen gelten nur, wenn das Kontrollkästchen “Makros müssen von einem vertrauenswürdigen Herausgeber signiert sein” aktiviert ist.\n\nWenn Sie das Kontrollkästchen “Zertifikate von vertrauenswürdigen Herausgebern blockieren, die im Zertifikatspeicher des lokalen Computers installiert sind” aktivieren, werden Makros nicht ausgeführt, wenn das Zertifikat des vertrauenswürdigen Herausgebers im aktuellen Benutzerzertifikatspeicher installiert ist. Um das Makro auszuführen, muss das Zertifikat im Zertifikatspeicher des lokalen Computers installiert sein. Nur Konten mit Administratorzugriff auf den Computer können ein Zertifikat im Zertifikatspeicher des lokalen Computers installieren.\n\nWenn Sie das Kontrollkästchen “Erweiterte Schlüsselverwendung (Extended Key Usage, EKU) für Zertifikate von vertrauenswürdigen Herausgebern anfordern” aktivieren, muss die EKU “Codesignieren” als eine der Nutzungen des Zertifikats beinhalten.\n\n Wichtig: Wenn \"Alle Makros außer digital signierten Makros deaktivieren\" ausgewählt ist, können Benutzer keine unsignierten Access-Datenbanken öffnen.\n\nBeachten Sie ferner, dass Zertifikate für vertrauenswürdige Herausgeber in Microsoft Office im Speicher für vertrauenswürdige Herausgeber von Internet Explorer gespeichert werden. In früheren Versionen von Microsoft Office wurden Zertifikatinformationen von vertrauenswürdigen Herausgebern (insbesondere der Zertifikatfingerabdruck) in einem besonderen Office-Speicher für vertrauenswürdige Herausgeber gespeichert. Microsoft Office liest Zertifikatinformationen für vertrauenswürdige Herausgeber nach wie vor aus dem Office-Speicher für vertrauenswürdige Herausgeber, schreibt jedoch keine Informationen in diesen Speicher.\n\nWenn Sie daher eine Liste von vertrauenswürdigen Herausgebern in einer früheren Version von Microsoft Office erstellt und ein Upgrade auf Office ausgeführt haben, wird die Liste Ihrer vertrauenswürdigen Herausgeber immer noch erkannt. Alle Zertifikate für vertrauenswürdige Herausgeber, die Sie der Liste hinzufügen, werden jedoch im Speicher für vertrauenswürdige Herausgeber von Internet Explorer gespeichert.","tags":["L_TrustCenter","L_Security","L_VisioOptions","L_MicrosoftVisio"],"application":"visio16","key":"software\\microsoft\\office\\16.0\\visio\\security"},{"parentCategory":{"ref":"L_TrustCenter"},"supportedOn":{"ref":"windows:SUPPORTED_Windows7"},"enabledValue":{"decimal":{"value":1}},"disabledValue":{"decimal":{"value":0}},"name":"L_RequirethatApplicationExtensionsaresigned","displayName":"Anwendungs-Add-Ins müssen von einem vertrauenswürdigen Herausgeber signiert sein","explainText":"Diese Richtlinieneinstellung steuert, ob Add-Ins für die angegebenen Office 2016-Anwendungen digital durch einen vertrauenswürdigen Herausgeber signiert sein müssen.\n \nWenn Sie diese Einstellung aktivieren, überprüft diese Anwendung die digitale Signatur für jedes Add-In vor dem Laden. Wenn ein Add-In keine digitale Signatur aufweist oder diese nicht von einem vertrauenswürdigen Herausgeber stammt, deaktiviert diese Anwendung das Add-In und benachrichtigt den Benutzer. Der Liste müssen Zertifikate hinzugefügt werden, wenn Sie die Signierung aller Add-Ins durch einen vertrauenswürdigen Herausgeber vorschreiben. Details zum Erhalten und Verteilen von Zertifikaten finden Sie unter \"http://go.microsoft.com/fwlink/?LinkId=294922\". Office 2016 speichert Zertifikate für vertrauenswürdige Herausgeber im Speicher für vertrauenswürdige Herausgeber von Internet Explorer. In früheren Versionen von Microsoft Office wurden solche Zertifikatinformationen (insbesondere der Zertifikatfingerabdruck) in einem besonderen Office-Speicher für vertrauenswürdige Herausgeber gespeichert. Office 2016 liest solche Zertifikatinformationen nach wie vor aus dem Office-Speicher für vertrauenswürdige Herausgeber, sie speichert Informationen jedoch nicht mehr in diesem Speicher. Wenn Sie daher in einer früheren Office-Version eine Liste vertrauenswürdiger Herausgeber erstellt und ein Upgrade auf Office 2016 ausgeführt haben, wird diese Liste nach wie vor erkannt. Alle Zertifikate für vertrauenswürdige Herausgeber, die Sie der Liste hinzufügen, werden jedoch im Speicher für vertrauenswürdige Herausgeber von Internet Explorer gespeichert. Weitere Informationen über vertrauenswürdige Herausgeber finden Sie im Office Resource Kit.\n\nWenn Sie diese Richtlinieneinstellung deaktivieren oder nicht konfigurieren, überprüfen Office 2016-Anwendungen nicht die digitale Signatur von Anwendungs-Add-Ins vor deren Öffnen. Wenn ein gefährliches Add-In geladen wird, kann es Computer des Benutzers beschädigen oder die Datensicherheit gefährden.","tags":["L_TrustCenter","L_Security","L_VisioOptions","L_MicrosoftVisio"],"application":"visio16","key":"software\\microsoft\\office\\16.0\\visio\\security","valueName":"requireaddinsig"},{"parentCategory":{"ref":"L_TrustCenter"},"supportedOn":{"ref":"windows:SUPPORTED_Windows7"},"enabledValue":{"decimal":{"value":1}},"disabledValue":{"decimal":{"value":0}},"name":"L_DisableTrustBarNotificationforunsigned","displayName":"Benachrichtigung für Vertrauensstellungsleiste für nicht signierte Anwendungs-Add-Ins deaktivieren und blockieren","explainText":"Mithilfe dieser Richtlinieneinstellung wird gesteuert, ob Benutzer von den angegebenen Office-Anwendungen benachrichtigt werden, wenn nicht signierte Anwendungs-Add-Ins geladen werden, oder ob diese Add-Ins ohne Benachrichtigung automatisch deaktiviert werden. Diese Richtlinieneinstellung gilt nur, wenn die Richtlinieneinstellung \"Anwendungs-Add-Ins müssen von einem vertrauenswürdigen Herausgeber signiert sein\" aktiviert ist, die Benutzer am Ändern dieser Richtlinieneinstellung hindert.\n\nWenn Sie diese Richtlinieneinstellung aktivieren, werden nicht signierte Add-Ins automatisch von Anwendungen deaktiviert, ohne dass die Benutzer benachrichtigt werden.\n \nWenn Sie diese Richtlinieneinstellung deaktivieren, werden alle von der Anwendung geladenen nicht signierten Add-Ins deaktiviert, wenn eine Anwendung die Signierung aller Add-Ins durch einen vertrauenswürdigen Herausgeber vorschreibt. In diesem Fall zeigt die Anwendung oben im aktiven Fenster die Vertrauensstellungsleiste an. Die Vertrauensstellungsleiste enthält eine Nachricht, die Benutzer über das nicht signierte Add-In informiert.\n\nWenn Sie die Richtlinieneinstellung nicht konfigurieren, trifft das Verhalten bei Deaktivierung zu, und Benutzer können diese Anforderung zusätzlich selbst in der Kategorie \"Add-Ins\" des Trust Centers der Anwendung konfigurieren.","tags":["L_TrustCenter","L_Security","L_VisioOptions","L_MicrosoftVisio"],"application":"visio16","key":"software\\microsoft\\office\\16.0\\visio\\security","valueName":"notbpromptunsignedaddin"},{"parentCategory":{"ref":"L_TrustCenter"},"supportedOn":{"ref":"windows:SUPPORTED_Windows7"},"enabledValue":{"decimal":{"value":1}},"disabledValue":{"decimal":{"value":0}},"name":"L_AllowTrustedLocationsOnTheNetwork","displayName":"Vertrauenswürdige Speicherorte im Netzwerk zulassen","explainText":"Diese Richtlinieneinstellung steuert, ob vertrauenswürdige Speicherorte im Netzwerk verwendet werden können.\n\nWenn Sie diese Richtlinieneinstellung aktivieren, können Benutzer vertrauenswürdige Speicherorte auf Netzwerkfreigaben oder an anderen Remotespeicherorten angeben, die sich nicht unter ihrer direkten Kontrolle befinden, indem sie im Trust Center im Bereich \"Vertrauenswürdige Speicherorte\" auf \"Neuen Speicherort hinzufügen\" klicken. Inhalte, Code und Add-Ins dürfen von vertrauenswürdigen Speicherorten mit minimaler Sicherheit und ohne den Benutzer um Erlaubnis zu bitten geladen werden.\n\nWenn Sie diese Richtlinieneinstellung deaktivieren, ignoriert die ausgewählte Anwendung alle im Trust Center im Abschnitt \"Vertrauenswürdige Speicherorte\" aufgelisteten Netzwerkspeicherorte. \n\nWenn Sie außerdem vertrauenswürdige Speicherorte mithilfe von Gruppenrichtlinien bereitstellen, sollten Sie überprüfen, ob sich darunter Remotespeicherorte befinden. Wenn sich Remotespeicherorte darunter befinden und Sie mithilfe dieser Richtlinieneinstellung keine Remotespeicherorte zulassen, werden diejenigen Richtlinienschlüssel, die auf Remotespeicherorte verweisen, auf Clientcomputern ignoriert.\n\nDurch das Deaktivieren dieser Richtlinieneinstellung werden keine Netzwerkspeicherorte aus der Liste der vertrauenswürdigen Speicherorte gelöscht, doch entsteht eine Dienstunterbrechung für Benutzer, die der Liste der vertrauenswürdigen Speicherorte Netzwerkspeicherorte hinzugefügt haben. Ferner werden Benutzer daran gehindert, der Liste der vertrauenswürdigen Speicherorte im Trust Center neue Netzwerkspeicherorte hinzuzufügen.  Es wird empfohlen, diese Richtlinieneinstellung nicht zu aktivieren (wie ebenfalls im Kontrollkästchen \"Vertrauenswürdige Speicherorte im Netzwerk zulassen (nicht empfohlen)\" angegeben). Daher sollte es in der Praxis in den meisten Fällen möglich sein, diese Richtlinieneinstellung zu deaktivieren, ohne für die meisten Benutzer erhebliche Probleme mit der Nutzbarkeit zu verursachen.\n\nWenn Sie diese Richtlinieneinstellung nicht aktivieren, können Benutzer ggf. das Kontrollkästchen \"Vertrauenswürdige Speicherorte im Netzwerk zulassen (nicht empfohlen)\" aktivieren und dann durch Klicken auf die Schaltfläche \"Neuen Speicherort hinzufügen\" vertrauenswürdige Speicherorte angeben.","tags":["L_TrustCenter","L_Security","L_VisioOptions","L_MicrosoftVisio"],"application":"visio16","key":"software\\microsoft\\office\\16.0\\visio\\security\\trusted locations","valueName":"allownetworklocations"},{"parentCategory":{"ref":"L_TrustCenter"},"supportedOn":{"ref":"windows:SUPPORTED_Windows7"},"enabledValue":{"decimal":{"value":1}},"disabledValue":{"decimal":{"value":0}},"name":"L_DisableTrustedLoc","displayName":"Alle vertrauenswürdigen Speicherorte deaktivieren","explainText":"Diese Richtlinieneinstellung ermöglicht Administratoren das Deaktivieren aller vertrauenswürdigen Speicherorte in den 2016-Versionen der angegebenen Anwendungen. Die im Trust Center angegebenen vertrauenswürdigen Speicherorte werden verwendet, um Dateispeicherorte zu definieren, die als sicher angenommen werden. Das Laden von Inhalten, Code und Add-Ins wird von vertrauenswürdigen Speicherorten mit minimaler Sicherheit und ohne Aufforderung der Benutzer zur Genehmigung zugelassen. Wenn eine gefährliche Datei von einem vertrauenswürdigen Speicherort geöffnet wird, wird sie nicht den normalen Sicherheitsmaßnahmen unterzogen und kann daher die Computer oder Daten von Benutzern beschädigen.\n \nWenn Sie diese Richtlinieneinstellung aktivieren, werden alle vertrauenswürdigen Speicherorte (die im Trust Center angegeben sind) in der angegebenen Anwendung in den 2016-Versionen, einschließlich aller vertrauenswürdigen Speicherorte, die von Office beim Setup eingerichtet, für Benutzer mithilfe von Gruppenrichtlinien bereitgestellt oder von den Benutzern selbst hinzugefügt wurden, ignoriert. Benutzer werden beim Öffnen von Dateien von vertrauenswürdigen Speicherorten erneut benachrichtigt.\n\nWenn Sie diese Richtlinieneinstellung deaktivieren oder nicht konfigurieren, werden alle vertrauenswürdigen Speicherorte (die im Trust Center angegeben sind) in den 2016-Versionen der angegebenen Anwendungen als sicher angesehen.","tags":["L_TrustCenter","L_Security","L_VisioOptions","L_MicrosoftVisio"],"application":"visio16","key":"software\\microsoft\\office\\16.0\\visio\\security\\trusted locations","valueName":"alllocationsdisabled"},{"parentCategory":{"ref":"L_FileBlockSettings"},"supportedOn":{"ref":"windows:SUPPORTED_Windows7"},"elements":{"items":[{"item":[{"value":{"decimal":{"value":0}},"displayName":"Nicht blockieren"},{"value":{"decimal":{"value":1}},"displayName":"Speichern blockiert"},{"value":{"decimal":{"value":2}},"displayName":"Öffnen/Speichern blockiert"}],"valueName":"visio2003files","inputType":"dropdownList","caption":"Einstellung für den Zugriffsschutz:","id":"L_Visio2003FilesDropID"}]},"name":"L_Visio2003Files","displayName":"Binäre Visio 2003-2010-Zeichnungen, -Vorlagen und -Schablonen","explainText":"Diese Richtlinieneinstellung ermöglicht Ihnen zu bestimmen, ob Benutzer Visio-Dateien mit dem Format öffnen oder speichern können, das im Titel dieser Richtlinieneinstellung angegeben ist.\n\nWenn Sie diese Richtlinieneinstellung aktivieren, können Sie angeben, ob Benutzer Dateien öffnen oder speichern können.\n\nDie im Folgenden aufgeführten Optionen stehen zur Auswahl. Hinweis: Für diese Richtlinieneinstellung sind möglicherweise nicht alle Optionen verfügbar.\n\n- \"Nicht blockieren\": Der Dateityp wird nicht blockiert.\n\n- \"Speichern blockiert\": Das Speichern des Dateityps wird blockiert.\n\n- \"Öffnen/Speichern blockiert\": Sowohl Öffnen als auch Speichern des Dateityps wird blockiert.\n\nWenn Sie diese Richtlinieneinstellung deaktivieren oder nicht konfigurieren, wird der Dateityp blockiert.","tags":["L_FileBlockSettings","L_TrustCenter","L_Security","L_VisioOptions","L_MicrosoftVisio"],"application":"visio16","key":"software\\microsoft\\office\\16.0\\visio\\security\\fileblock"},{"parentCategory":{"ref":"L_FileBlockSettings"},"supportedOn":{"ref":"windows:SUPPORTED_Windows7"},"elements":{"items":[{"item":[{"value":{"decimal":{"value":0}},"displayName":"Nicht blockieren"},{"value":{"decimal":{"value":2}},"displayName":"Öffnen/Speichern blockiert"}],"valueName":"visio2000files","inputType":"dropdownList","caption":"Einstellung für den Zugriffsschutz:","id":"L_Visio2000FilesDropID"}]},"name":"L_Visio2000Files","displayName":"Binäre Visio 2000-2002-Zeichnungen, -Vorlagen und -Schablonen","explainText":"Diese Richtlinieneinstellung ermöglicht Ihnen zu bestimmen, ob Benutzer Visio-Dateien mit dem Format öffnen oder speichern können, das im Titel dieser Richtlinieneinstellung angegeben ist.\n\nWenn Sie diese Richtlinieneinstellung aktivieren, können Sie angeben, ob Benutzer Dateien öffnen oder speichern können.\n\nDie im Folgenden aufgeführten Optionen stehen zur Auswahl. Hinweis: Für diese Richtlinieneinstellung sind möglicherweise nicht alle Optionen verfügbar.\n\n- \"Nicht blockieren\": Der Dateityp wird nicht blockiert.\n\n- \"Speichern blockiert\": Das Speichern des Dateityps wird blockiert.\n\n- \"Öffnen/Speichern blockiert\": Sowohl Öffnen als auch Speichern des Dateityps wird blockiert.\n\nWenn Sie diese Richtlinieneinstellung deaktivieren oder nicht konfigurieren, wird der Dateityp blockiert.","tags":["L_FileBlockSettings","L_TrustCenter","L_Security","L_VisioOptions","L_MicrosoftVisio"],"application":"visio16","key":"software\\microsoft\\office\\16.0\\visio\\security\\fileblock"},{"parentCategory":{"ref":"L_FileBlockSettings"},"supportedOn":{"ref":"windows:SUPPORTED_Windows7"},"elements":{"items":[{"item":[{"value":{"decimal":{"value":0}},"displayName":"Nicht blockieren"},{"value":{"decimal":{"value":2}},"displayName":"Öffnen/Speichern blockiert"}],"valueName":"visio50andearlierfiles","inputType":"dropdownList","caption":"Einstellung für den Zugriffsschutz:","id":"L_Visio50AndEarlierFilesDropID"}]},"name":"L_Visio50AndEarlierFiles","displayName":"Binäre Visio 5.0-Zeichnungen, -Vorlagen und -Schablonen (oder früher)","explainText":"Diese Richtlinieneinstellung ermöglicht Ihnen zu bestimmen, ob Benutzer Visio-Dateien mit dem Format öffnen oder speichern können, das im Titel dieser Richtlinieneinstellung angegeben ist.\n\nWenn Sie diese Richtlinieneinstellung aktivieren, können Sie angeben, ob Benutzer Dateien öffnen oder speichern können.\n\nDie im Folgenden aufgeführten Optionen stehen zur Auswahl. Hinweis: Für diese Richtlinieneinstellung sind möglicherweise nicht alle Optionen verfügbar.\n\n- \"Nicht blockieren\": Der Dateityp wird nicht blockiert.\n\n- \"Speichern blockiert\": Das Speichern des Dateityps wird blockiert.\n\n- \"Öffnen/Speichern blockiert\": Sowohl Öffnen als auch Speichern des Dateityps wird blockiert.\n\nWenn Sie diese Richtlinieneinstellung deaktivieren oder nicht konfigurieren, wird der Dateityp blockiert.","tags":["L_FileBlockSettings","L_TrustCenter","L_Security","L_VisioOptions","L_MicrosoftVisio"],"application":"visio16","key":"software\\microsoft\\office\\16.0\\visio\\security\\fileblock"},{"parentCategory":{"ref":"L_MacroSecurity"},"supportedOn":{"ref":"windows:SUPPORTED_Windows7"},"enabledValue":{"string":"1"},"disabledValue":{"string":"0"},"name":"L_LoadMicrosoftVisualBasicforApplicationsprojectsf","displayName":"Microsoft Visual Basic für Applikationen-Projekte aus Text laden","explainText":"Wählen Sie diese Option aus, wenn Sie in der Lage sein möchten, Ihre VBA-Projektarbeit in Zeichnungen zu verwenden, die in anderen Versionen von Visio erstellt wurden. In diesem Fall wird Ihr VBA-Projekt beim Laden der Datei kompiliert, aber das kompilierte Projekt wird niemals gespeichert.","tags":["L_MacroSecurity","L_Security","L_VisioOptions","L_MicrosoftVisio"],"application":"visio16","key":"software\\microsoft\\office\\16.0\\visio\\application","valueName":"loadvbaprojectsfromtext"},{"parentCategory":{"ref":"L_MacroSecurity"},"supportedOn":{"ref":"windows:SUPPORTED_Windows7"},"enabledValue":{"string":"1"},"disabledValue":{"string":"0"},"name":"L_EnableMicrosoftVisualBasicforApplicationsproject","displayName":"Projekterstellung mit Microsoft Visual Basic for Applications aktivieren","explainText":"Aktiviert das Erstellen von VBA-Projekten, wenn Sie ein Dokument öffnen (oder erstellen), das noch kein Projekt enthält. Wenn Sie dieses Kontrollkästchen deaktivieren, können Sie in einem Dokument, das noch kein Projekt enthält, kein Makro erstellen.","tags":["L_MacroSecurity","L_Security","L_VisioOptions","L_MicrosoftVisio"],"application":"visio16","key":"software\\microsoft\\office\\16.0\\visio\\application","valueName":"createvbaprojects"},{"parentCategory":{"ref":"L_EditingOptions"},"supportedOn":{"ref":"windows:SUPPORTED_Windows7"},"enabledValue":{"string":"0"},"disabledValue":{"string":"1"},"name":"L_TurnOffTransitions","displayName":"Übergänge deaktivieren","explainText":"Diese Richtlinieneinstellung ermöglicht Ihnen die Konfiguration von Übergängen, bei denen es sich um fließende Animationseffekte handelt.\n\nWenn Sie diese Richtlinieneinstellung aktivieren, sind Übergänge deaktiviert.\n\nWenn Sie diese Richtlinieneinstellung deaktivieren oder nicht konfigurieren, sind Übergänge aktiviert.","tags":["L_EditingOptions","L_Advanced","L_VisioOptions","L_MicrosoftVisio"],"application":"visio16","key":"software\\microsoft\\office\\16.0\\visio\\application","valueName":"transitionsenabled"},{"parentCategory":{"ref":"L_EditingOptions"},"supportedOn":{"ref":"windows:SUPPORTED_Windows7"},"enabledValue":{"string":"0"},"disabledValue":{"string":"1"},"name":"L_TurnOffSmartDeleteBehaviorOfConnectorsWhenDeletingShapes","displayName":"Intelligentes Löschverhalten von Verbindern beim Löschen von Shapes deaktivieren","explainText":"Mithilfe dieser Richtlinieneinstellung wird das intelligente Löschverhalten von Verbindern beim Löschen von Shapes deaktiviert.\n\nWenn Sie diese Richtlinieneinstellung aktivieren, werden Verbinder beim Löschen von Shapes nicht gelöscht.\n\nWenn Sie diese Richtlinieneinstellung deaktivieren oder nicht konfigurieren, werden Verbinder beim Löschen von Shapes gelöscht.","tags":["L_EditingOptions","L_Advanced","L_VisioOptions","L_MicrosoftVisio"],"application":"visio16","key":"software\\microsoft\\office\\16.0\\visio\\application","valueName":"deleteconnectorsenabled"},{"parentCategory":{"ref":"L_EditingOptions"},"supportedOn":{"ref":"windows:SUPPORTED_Windows7"},"enabledValue":{"string":"0"},"disabledValue":{"string":"1"},"name":"L_TurnOffShapeSheetFormulaAutoComplete","displayName":"Automatisches Vervollständigen von ShapeSheet-Formeln deaktivieren","explainText":"Diese Richtlinieneinstellung ermöglicht Ihnen die Konfiguration des automatischen Vervollständigens von ShapeSheet-Formeln.\n\nWenn Sie diese Richtlinieneinstellung aktivieren, ist das automatische Vervollständigen von ShapeSheet-Formeln deaktiviert.\n\nWenn Sie diese Richtlinieneinstellung deaktivieren oder nicht konfigurieren, ist das automatische Vervollständigen von ShapeSheet-Formeln aktiviert.","tags":["L_EditingOptions","L_Advanced","L_VisioOptions","L_MicrosoftVisio"],"application":"visio16","key":"software\\microsoft\\office\\16.0\\visio\\application","valueName":"formulaautocomplete"},{"parentCategory":{"ref":"L_GeneralOptions"},"supportedOn":{"ref":"windows:SUPPORTED_Windows7"},"enabledValue":{"string":"1"},"disabledValue":{"string":"0"},"name":"L_OpeneachShapeSheetinthesamewindow","displayName":"Alle ShapeSheets in einem Fenster öffnen","explainText":"Öffnet mehrere ShapeSheets in einem Fenster, anstatt jedes ShapeSheet in einem separaten Fenster anzuzeigen.","tags":["L_GeneralOptions","L_Advanced","L_VisioOptions","L_MicrosoftVisio"],"application":"visio16","key":"software\\microsoft\\office\\16.0\\visio\\document","valueName":"recycleshapesheetwindow"},{"parentCategory":{"ref":"L_GeneralOptions"},"supportedOn":{"ref":"windows:SUPPORTED_Windows7"},"enabledValue":{"string":"1"},"disabledValue":{"string":"0"},"name":"L_PutallsettingsinWindowsregistry","displayName":"Alle Einstellungen in Windows-Registrierung verzeichnen","explainText":"Fügt der Windows-Registrierung alle möglichen Anwendungseinstellungen hinzu. Standardmäßig werden nur bestimmte Einstellungen hinzugefügt (nicht standardmäßige Einstellungen und ein paar wenige andere, wie z. B. Dateipfade, Import- und Exportfilter und letzte Dateien), damit die Registrierungseinstellungen überschaubar bleiben.","tags":["L_GeneralOptions","L_Advanced","L_VisioOptions","L_MicrosoftVisio"],"application":"visio16","key":"software\\microsoft\\office\\16.0\\visio\\application","valueName":"putallinregistry"},{"parentCategory":{"ref":"L_GeneralOptions"},"supportedOn":{"ref":"windows:SUPPORTED_Windows7"},"enabledValue":{"string":"1"},"disabledValue":{"string":"0"},"name":"L_EnableAutomationevents","displayName":"Automatisierungsereignisse aktivieren","explainText":"Aktiviert das Senden von Visio-Ereignissen an Visio-Add-Ons und VBA-Makros. Wenn diese Option deaktiviert ist, werden alle Visio-Ereignisse deaktiviert. Wenn Sie diese Option deaktivieren, weisen möglicherweise manche Zeichnungstypen in Visio, die Automatisierungsereignisse benötigen, nicht die gesamte Funktionalität auf.","tags":["L_GeneralOptions","L_Advanced","L_VisioOptions","L_MicrosoftVisio"],"application":"visio16","key":"software\\microsoft\\office\\16.0\\visio\\application","valueName":"eventsenabled"},{"parentCategory":{"ref":"L_FileLocations"},"supportedOn":{"ref":"windows:SUPPORTED_Windows7"},"elements":{"items":[{"valueName":"drawingspath","requiredSpecified":false,"expandableSpecified":false,"maxLength":2147483647,"maxLengthSpecified":false,"inputType":"textBox","caption":"Zeichnungen:","id":"L_Drawingscolon"}]},"name":"L_Drawings","displayName":"Zeichnungen","explainText":"Zeigt den zusätzlichen Speicherort von Zeichnungen an. Wenn Sie hier einen Speicherort hinzufügen, wird er zum Standardspeicherort.","tags":["L_FileLocations","L_Advanced","L_VisioOptions","L_MicrosoftVisio"],"application":"visio16","key":"software\\microsoft\\office\\16.0\\visio\\application"},{"parentCategory":{"ref":"L_FileLocations"},"supportedOn":{"ref":"windows:SUPPORTED_Windows7"},"elements":{"items":[{"valueName":"templatepath","requiredSpecified":false,"expandableSpecified":false,"maxLength":2147483647,"maxLengthSpecified":false,"inputType":"textBox","caption":"Vorlagen:","id":"L_Templatescolon"}]},"name":"L_Templates","displayName":"Vorlagen","explainText":"Diese Richtlinieneinstellung ermöglicht Ihnen die Angabe des zusätzlichen Speicherorts für Vorlagen.\n\nWenn Sie diese Richtlinieneinstellung aktivieren, können Sie den zusätzlichen Speicherort für Vorlagen angeben. Diese Speicherorte werden auf der Registerkarte \"Datei\" im Bildschirm \"Neu\" aufgelistet.\n\nWenn Sie diese Richtlinieneinstellung deaktivieren oder nicht konfigurieren, wird kein zusätzlicher Speicherort für Vorlagen angezeigt.","tags":["L_FileLocations","L_Advanced","L_VisioOptions","L_MicrosoftVisio"],"application":"visio16","key":"software\\microsoft\\office\\16.0\\visio\\application"},{"parentCategory":{"ref":"L_FileLocations"},"supportedOn":{"ref":"windows:SUPPORTED_Windows7"},"elements":{"items":[{"valueName":"stencilpath","requiredSpecified":false,"expandableSpecified":false,"maxLength":2147483647,"maxLengthSpecified":false,"inputType":"textBox","caption":"Schablonen:","id":"L_Stencilscolon"}]},"name":"L_Stencils","displayName":"Schablonen","explainText":"Zeigt den zusätzlichen Speicherort von Schablonen an. Wenn ein Speicherort hier hinzugefügt wird, werden Schablonen in diesem Speicherort im Untermenü 'Shapes' des Menüs 'Datei' aufgelistet.","tags":["L_FileLocations","L_Advanced","L_VisioOptions","L_MicrosoftVisio"],"application":"visio16","key":"software\\microsoft\\office\\16.0\\visio\\application"},{"parentCategory":{"ref":"L_FileLocations"},"supportedOn":{"ref":"windows:SUPPORTED_Windows7"},"elements":{"items":[{"valueName":"helppath","requiredSpecified":false,"expandableSpecified":false,"maxLength":2147483647,"maxLengthSpecified":false,"inputType":"textBox","caption":"Hilfe:","id":"L_Helpcolon"}]},"name":"L_Help","displayName":"Hilfe","explainText":"Zeigt den zusätzlichen Speicherort von Hilfedateien an.","tags":["L_FileLocations","L_Advanced","L_VisioOptions","L_MicrosoftVisio"],"application":"visio16","key":"software\\microsoft\\office\\16.0\\visio\\application"},{"parentCategory":{"ref":"L_FileLocations"},"supportedOn":{"ref":"windows:SUPPORTED_Windows7"},"elements":{"items":[{"valueName":"addonspath","requiredSpecified":false,"expandableSpecified":false,"maxLength":2147483647,"maxLengthSpecified":false,"inputType":"textBox","caption":"Add-Ons:","id":"L_Addonscolon"}]},"name":"L_Addons","displayName":"Add-Ons","explainText":"Zeigt den zusätzlichen Speicherort von Makros und Add-Ons an.","tags":["L_FileLocations","L_Advanced","L_VisioOptions","L_MicrosoftVisio"],"application":"visio16","key":"software\\microsoft\\office\\16.0\\visio\\application"},{"parentCategory":{"ref":"L_FileLocations"},"supportedOn":{"ref":"windows:SUPPORTED_Windows7"},"elements":{"items":[{"valueName":"startuppath","requiredSpecified":false,"expandableSpecified":false,"maxLength":2147483647,"maxLengthSpecified":false,"inputType":"textBox","caption":"Start:","id":"L_Startupcolon"}]},"name":"L_Startup","displayName":"Start","explainText":"Zeigt den zusätzlichen Speicherort für Makros und Add-Ons an, die beim Starten von Visio gestartet werden.","tags":["L_FileLocations","L_Advanced","L_VisioOptions","L_MicrosoftVisio"],"application":"visio16","key":"software\\microsoft\\office\\16.0\\visio\\application"},{"parentCategory":{"ref":"L_FileLocations"},"supportedOn":{"ref":"windows:SUPPORTED_Windows7"},"elements":{"items":[{"valueName":"myshapespath","requiredSpecified":false,"expandableSpecified":false,"maxLength":2147483647,"maxLengthSpecified":false,"inputType":"textBox","caption":"Meine Shapes:","id":"L_MyShapescolon"}]},"name":"L_MyShapes","displayName":"Meine Shapes","explainText":"Zeigt den Pfad des Ordners 'Meine Shapes' an.","tags":["L_FileLocations","L_Advanced","L_VisioOptions","L_MicrosoftVisio"],"application":"visio16","key":"software\\microsoft\\office\\16.0\\visio\\application"},{"parentCategory":{"ref":"L_FileLocations"},"supportedOn":{"ref":"windows:SUPPORTED_Windows7"},"elements":{"items":[{"valueName":"favoritesstencilname","requiredSpecified":false,"expandableSpecified":false,"maxLength":2147483647,"maxLengthSpecified":false,"inputType":"textBox","caption":"Name der bevorzugten Schablone:","id":"L_FavoritesStencilNamecolon"}]},"name":"L_FavoritesStencilName","displayName":"Name der bevorzugten Schablone","explainText":"Zeigt den Namen der Schablone an, die im Ordner 'Meine Shapes' erstellt wurde, der die bevorzugten Shapes eines Benutzers enthält.","tags":["L_FileLocations","L_Advanced","L_VisioOptions","L_MicrosoftVisio"],"application":"visio16","key":"software\\microsoft\\office\\16.0\\visio\\application"},{"parentCategory":{"ref":"L_AutoCorrectOptions"},"supportedOn":{"ref":"windows:SUPPORTED_Windows7"},"enabledValue":{"decimal":{"value":1}},"disabledValue":{"decimal":{"value":0}},"name":"L_Straightquoteswithsmartquotes","displayName":"Gerade Anführungszeichen durch typografische Anführungszeichen","explainText":"Aktiviert/deaktiviert die entsprechende Benutzeroberflächenoption.","tags":["L_AutoCorrectOptions","L_Proofing","L_VisioOptions","L_MicrosoftVisio"],"application":"visio16","key":"software\\microsoft\\office\\16.0\\visio\\autoformat as you type","valueName":"smartquotes"},{"parentCategory":{"ref":"L_AutoCorrectOptions"},"supportedOn":{"ref":"windows:SUPPORTED_Windows7"},"enabledValue":{"decimal":{"value":1}},"disabledValue":{"decimal":{"value":0}},"name":"L_Fractionswithfractioncharacter","displayName":"Bruchzahlen durch Sonderzeichen","explainText":"Aktiviert/deaktiviert die entsprechende Benutzeroberflächenoption.","tags":["L_AutoCorrectOptions","L_Proofing","L_VisioOptions","L_MicrosoftVisio"],"application":"visio16","key":"software\\microsoft\\office\\16.0\\visio\\autoformat as you type","valueName":"fractions"},{"parentCategory":{"ref":"L_AutoCorrectOptions"},"supportedOn":{"ref":"windows:SUPPORTED_Windows7"},"enabledValue":{"decimal":{"value":1}},"disabledValue":{"decimal":{"value":0}},"name":"L_Ordinalswithsuperscript","displayName":"Ordinalzahlen hochstellen","explainText":"Aktiviert/deaktiviert die entsprechende Benutzeroberflächenoption.","tags":["L_AutoCorrectOptions","L_Proofing","L_VisioOptions","L_MicrosoftVisio"],"application":"visio16","key":"software\\microsoft\\office\\16.0\\visio\\autoformat as you type","valueName":"ordinals"},{"parentCategory":{"ref":"L_AutoCorrectOptions"},"supportedOn":{"ref":"windows:SUPPORTED_Windows7"},"enabledValue":{"decimal":{"value":1}},"disabledValue":{"decimal":{"value":0}},"name":"L_Hyphenswithdash","displayName":"Bindestriche durch Gedankenstrich","explainText":"Aktiviert/deaktiviert die entsprechende Benutzeroberflächenoption.","tags":["L_AutoCorrectOptions","L_Proofing","L_VisioOptions","L_MicrosoftVisio"],"application":"visio16","key":"software\\microsoft\\office\\16.0\\visio\\autoformat as you type","valueName":"dashes"},{"parentCategory":{"ref":"L_AutoCorrectOptions"},"supportedOn":{"ref":"windows:SUPPORTED_Windows7"},"enabledValue":{"decimal":{"value":1}},"disabledValue":{"decimal":{"value":0}},"name":"L_Smileyfacesandarrowswithspecialsymbols","displayName":"Smilies und Pfeile mit Sonderzeichen","explainText":"Aktiviert/deaktiviert die entsprechende Benutzeroberflächenoption.","tags":["L_AutoCorrectOptions","L_Proofing","L_VisioOptions","L_MicrosoftVisio"],"application":"visio16","key":"software\\microsoft\\office\\16.0\\visio\\autoformat as you type","valueName":"smileys"},{"parentCategory":{"ref":"L_Miscellaneous"},"supportedOn":{"ref":"windows:SUPPORTED_Windows7"},"elements":{"items":[{"valueName":"sendtoemailmsgstring","requiredSpecified":false,"expandableSpecified":false,"maxLength":2147483647,"maxLengthSpecified":false,"inputType":"textBox","caption":"E-Mail-Nachricht für Befehle 'Senden an'","id":"L_emailmessageforsendtocommands101"}]},"name":"L_EmailmessageforSendtocommands","displayName":"E-Mail-Nachricht für Befehle 'Senden an'","explainText":"Befehl im Untermenü 'Senden an' des Menüs 'Datei'.","tags":["L_Miscellaneous","L_MicrosoftVisio"],"application":"visio16","key":"software\\microsoft\\office\\16.0\\visio\\application"},{"parentCategory":{"ref":"L_Display"},"supportedOn":{"ref":"windows:SUPPORTED_Windows7"},"elements":{"items":[{"valueName":"max display","minValue":0,"minValueSpecified":true,"maxValue":50,"maxValueSpecified":true,"inputType":"decimalTextBox","caption":"Anzahl der Einträge: ","id":"L_Numberofentries"}]},"name":"L_Recentlyusedfilelist","displayName":"Anzahl der Einträge in der Liste \"Zuletzt verwendete Zeichnungen\"","explainText":"Diese Richtlinieneinstellung gibt die Anzahl der Einträge in der Liste \"Zuletzt verwendete Zeichnungen\" an, die in der Backstage-Ansicht angezeigt wird, wenn Benutzer auf der Registerkarte \"Datei\" auf \"Öffnen\" klicken.  \n\nWenn Sie diese Richtlinieneinstellung aktivieren, können Sie die Anzahl der Einträge auf einen Wert zwischen 0 und 50 festlegen. Wenn Sie die Anzahl auf 0 festlegen, werden alle angehefteten und nicht angehefteten Einträge ausgeblendet.\n\nWenn Sie diese Richtlinieneinstellung deaktivieren oder nicht konfigurieren, werden in der Liste \"Zuletzt verwendete Zeichnungen\" maximal 25 Einträge angezeigt.\n\nHinweis: Wenn Sie das Hinzufügen von Einträgen zur Liste \"Zuletzt verwendete Zeichnungen\" grundsätzlich verhindern möchten, können Sie die Windows-Richtlinieneinstellung \"Liste der zuletzt geöffneten Dokumente nicht beibehalten\" aktivieren.","tags":["L_Display","L_Advanced","L_VisioOptions","L_MicrosoftVisio"],"application":"visio16","key":"software\\microsoft\\office\\16.0\\visio\\file mru"},{"parentCategory":{"ref":"L_Display"},"supportedOn":{"ref":"windows:SUPPORTED_Windows7"},"elements":{"items":[{"valueName":"max display","minValue":0,"minValueSpecified":true,"maxValue":20,"maxValueSpecified":true,"inputType":"decimalTextBox","caption":"Anzahl der Ordner: ","id":"L_SetNumberOfPlacesInTheRecentPlacesListSpinID"}]},"name":"L_SetNumberOfPlacesInTheRecentPlacesList","displayName":"Anzahl der Ordner in der Liste \"Zuletzt verwendete Ordner\"","explainText":"Diese Richtlinieneinstellung gibt die Anzahl der nicht angehefteten Einträge an, die in der Liste \"Zuletzt verwendete Ordner\" in der Backstage-Ansicht angezeigt werden, wenn Benutzer auf der Registerkarte \"Datei\" auf \"Öffnen\" oder auf \"Speichern unter\" klicken.\n\nWenn Sie diese Richtlinieneinstellung aktivieren, können Sie die Anzahl der nicht angehefteten Einträge auf einen Wert zwischen 0 und 20 festlegen. Wenn Sie diese Zahl auf 0 festlegen, werden alle angehefteten und nicht angehefteten Einträge ausgeblendet.\n\nWenn Sie diese Richtlinieneinstellung deaktivieren oder nicht konfigurieren, werden maximal 5 nicht angeheftete Einträge in der Liste \"Zuletzt verwendete Ordner\" angezeigt.\n\nHinweis: Wenn Sie das Hinzufügen von Einträgen zur Liste \"Zuletzt verwendete Ordner\" grundsätzlich verhindern möchten, können Sie die Windows-Richtlinieneinstellung \"Liste der zuletzt geöffneten Dokumente nicht beibehalten\" aktivieren.","tags":["L_Display","L_Advanced","L_VisioOptions","L_MicrosoftVisio"],"application":"visio16","key":"software\\microsoft\\office\\16.0\\visio\\place mru"},{"parentCategory":{"ref":"L_Miscellaneous"},"supportedOn":{"ref":"windows:SUPPORTED_Windows7"},"enabledValue":{"decimal":{"value":1}},"disabledValue":{"decimal":{"value":0}},"name":"L_DisableOfficeStartVisio","displayName":"Den Office Startbildschirm für Visio deaktivieren","explainText":"Diese Richtlinieneinstellung steuert, ob der Office-Startbildschirm für Visio beim Starten angezeigt wird.\n\nWenn Sie diese Richtlinieneinstellung aktivieren, sehen Benutzer den Office-Startbildschirm beim Starten von Visio nicht.\n\nWenn Sie diese Richtlinieneinstellung deaktivieren oder nicht konfigurieren, wird Benutzern der Office-Startbildschirm beim Starten von Visio angezeigt.\n\nHinweis: Diese Richtlinieneinstellung wird durch die Richtlinieneinstellung \"Microsoft Office 2016 > Verschiedenes > Den Office-Startbildschirm für alle Office-Anwendungen deaktivieren\" außer Kraft gesetzt, wenn diese Richtlinieneinstellung festgelegt ist.","tags":["L_Miscellaneous","L_MicrosoftVisio"],"application":"visio16","key":"software\\microsoft\\office\\16.0\\visio\\application","valueName":"disableboottoofficestart"},{"parentCategory":{"ref":"L_Miscellaneous"},"supportedOn":{"ref":"windows:SUPPORTED_Windows7"},"elements":{"items":[{"valueName":"personaltemplates","requiredSpecified":false,"expandable":true,"expandableSpecified":true,"maxLength":2147483647,"maxLengthSpecified":false,"inputType":"textBox","caption":"Pfad zu \"Persönliche Vorlagen\"","id":"L_PersonalTemplatesPath"}]},"name":"L_PersonalTemplatesPath","displayName":"Pfad zu Persönliche Vorlagen für Visio","explainText":"Diese Richtlinieneinstellung gibt den Speicherort der persönlichen Vorlagen eines Benutzers an. \n\nWenn Sie diese Richtlinieneinstellung aktivieren, sehen Benutzer alle Vorlagen, die sie am angegebenen Speicherort gespeichert haben, auf der Registerkarte \"Benutzerdefinierte Vorlagen\" auf dem Office-Startbildschirm und im Bereich \"Datei\" | \"Neu\", und beim Speichern einer Vorlage wird zum angegebenen Speicherort als Standardordner gewechselt. \n\nWenn Sie diese Richtlinieneinstellung deaktivieren oder nicht konfigurieren, werden Benutzern die Vorlagen, die sie am angegebenen Speicherort gespeichert haben, auf der Registerkarte \"Benutzerdefinierte Vorlagen\" auf dem Office-Startbildschirm und im Bereich \"Datei\" | \"Neu\" nicht angezeigt, und beim Speichern einer Vorlage wird der Speicherort zum Speichern von Dokumenten als Standardordner verwendet.","tags":["L_Miscellaneous","L_MicrosoftVisio"],"application":"visio16","key":"software\\microsoft\\office\\16.0\\visio\\application"},{"parentCategory":{"ref":"L_Miscellaneous"},"supportedOn":{"ref":"windows:SUPPORTED_Windows7"},"elements":{"items":[{"item":[{"value":{"decimal":{"value":0}},"displayName":"Empfohlen"},{"value":{"decimal":{"value":2}},"displayName":"Integriert"},{"value":{"decimal":{"value":1}},"displayName":"Benutzerdefiniert"}],"valueName":"officestartdefaulttab","inputType":"dropdownList","caption":"Standard-Registerkarte","id":"L_DefaultBuiltInTab"}]},"name":"L_DefaultBuiltInTab","displayName":"Standardregisterkarte zur Anzeige in Visio auf dem Office-Startbildschirm und im Bereich \"Datei\" | \"Neu\"","explainText":"Diese Richtlinieneinstellung steuert, was in Visio auf dem Office-Startbildschirm und im Bereich \"Datei\"| \"Neu\" als Standardregisterkarte angezeigt wird. \n\nWenn Sie diese Richtlinieneinstellung aktivieren, können Sie eine von zwei Optionen für die Standardregisterkarte auf dem Office-Startbildschirm und im Bereich \"Datei\" | \"Neu\" auswählen:\n\n* Integriert – Benutzern wird in Visio die Registerkarte mit integrierten Vorlagen als Standardregisterkarte auf dem Office-Startbildschirm und im Bereich \"Datei\" | \"Neu\" angezeigt.\n\n* Benutzerdefiniert – Benutzern wird in Visio die Registerkarte mit benutzerdefinierten Vorlagen als Standardregisterkarte auf dem Office-Startbildschirm und im Bereich \"Datei\" | \"Neu\" angezeigt, falls Vorlagen vorhanden sind (dies kann benutzerdefinierte programmierte XML-Vorlagen, Vorlagen im Vorlagenpfad der Arbeitsgruppe, Vorlagen im Pfad für persönliche Vorlagen oder SharePoint-Vorlagen umfassen).\n\nWenn Sie diese Richtlinieneinstellung deaktivieren oder nicht konfigurieren, wird Benutzern in Visio die Registerkarte \"Empfohlene Vorlagen\" als Standardregisterkarte auf dem Office-Startbildschirm und im Bereich \"Datei\" | \"Neu\" angezeigt","tags":["L_Miscellaneous","L_MicrosoftVisio"],"application":"visio16","key":"software\\microsoft\\office\\16.0\\visio\\application"},{"parentCategory":{"ref":"L_Advanced"},"supportedOn":{"ref":"windows:SUPPORTED_Windows7"},"enabledList":[{"value":{"string":"true"},"valueName":"Microsoft.Office.UXPlatform.FluentSVRefresh"},{"value":{"string":"true"},"valueName":"Microsoft.Office.UXPlatform.RibbonTouchOptimization"},{"value":{"string":"true"},"valueName":"Microsoft.Office.UXPlatform.FluentSVRibbonOptionsMenu"}],"disabledList":[{"value":{"string":"false"},"valueName":"Microsoft.Office.UXPlatform.FluentSVRefresh"},{"value":{"string":"false"},"valueName":"Microsoft.Office.UXPlatform.RibbonTouchOptimization"},{"value":{"string":"false"},"valueName":"Microsoft.Office.UXPlatform.FluentSVRibbonOptionsMenu"}],"name":"L_visioVisualRefresh","displayName":"Einstellungen für die visuelle Aktualisierung","explainText":"Aktivieren oder Deaktivieren der visuellen Aktualisierung. Funktioniert möglicherweise nicht bei allen Office-Versionen.\n\nDaten werden von Office Tool Plus bereitgestellt.","tags":["L_Advanced"],"application":"visio16","key":"Software\\Microsoft\\Office\\16.0\\Common\\ExperimentConfigs\\ExternalFeatureOverrides\\visio"}]}