{"categories":[{"name":"L_MicrosoftVisio","displayName":"Microsoft Visio 2016"},{"parentCategory":{"ref":"L_MicrosoftVisio"},"name":"L_VisioOptions","displayName":"Visio 選項"},{"parentCategory":{"ref":"L_VisioOptions"},"name":"L_General","displayName":"一般"},{"parentCategory":{"ref":"L_General"},"name":"L_UserInterfaceOptions","displayName":"使用者介面選項"},{"parentCategory":{"ref":"L_VisioOptions"},"name":"L_Save","displayName":"儲存"},{"parentCategory":{"ref":"L_Save"},"name":"L_OfflineEditing","displayName":"離線編輯"},{"parentCategory":{"ref":"L_Save"},"name":"L_SaveDocuments","displayName":"儲存文件"},{"parentCategory":{"ref":"L_VisioOptions"},"name":"L_Proofing","displayName":"校訂"},{"parentCategory":{"ref":"L_Proofing"},"name":"L_AutoCorrectOptions","displayName":"自動校正選項"},{"parentCategory":{"ref":"L_VisioOptions"},"name":"L_OptionsCustomizeRibbon","displayName":"自訂功能區"},{"parentCategory":{"ref":"L_VisioOptions"},"name":"L_Security","displayName":"安全性"},{"parentCategory":{"ref":"L_Security"},"name":"L_TrustCenter","displayName":"信任中心"},{"parentCategory":{"ref":"L_TrustCenter"},"name":"L_FileBlockSettings","displayName":"檔案封鎖設定"},{"parentCategory":{"ref":"L_Security"},"name":"L_MacroSecurity","displayName":"巨集安全性"},{"parentCategory":{"ref":"L_VisioOptions"},"name":"L_Advanced","displayName":"進階"},{"parentCategory":{"ref":"L_Advanced"},"name":"L_FileLocations","displayName":"檔案位置"},{"parentCategory":{"ref":"L_Advanced"},"name":"L_Display","displayName":"顯示"},{"parentCategory":{"ref":"L_Advanced"},"name":"L_EditingOptions","displayName":"編輯選項"},{"parentCategory":{"ref":"L_Advanced"},"name":"L_SaveOpen","displayName":"儲存/開啟"},{"parentCategory":{"ref":"L_Advanced"},"name":"L_ShapeSearch","displayName":"圖形搜尋"},{"parentCategory":{"ref":"L_Advanced"},"name":"L_GeneralOptions","displayName":"一般選項"},{"parentCategory":{"ref":"L_MicrosoftVisio"},"name":"L_Customizableerrormessages","displayName":"可自訂的錯誤訊息"},{"parentCategory":{"ref":"L_MicrosoftVisio"},"name":"L_Disableitemsinuserinterface","displayName":"停用使用者介面中的項目"},{"parentCategory":{"ref":"L_Disableitemsinuserinterface"},"name":"L_Custom","displayName":"自訂"},{"parentCategory":{"ref":"L_MicrosoftVisio"},"name":"L_Miscellaneous","displayName":"其他"}],"policies":[{"parentCategory":{"ref":"L_Display"},"supportedOn":{"ref":"windows:SUPPORTED_Windows7"},"enabledValue":{"string":"0"},"disabledValue":{"string":"1"},"name":"L_PreventShowingNewScreenOnLaunch","displayName":"啟動時不顯示 [新增] 畫面","explainText":"此原則設定可讓您避免在啟動 Visio 時，顯示 [新增] 畫面。\n\n如果啟用此原則設定，啟動時將不會顯示 [新增] 畫面。\n\n如果停用或未設定此原則設定，開啟 Visio 時會顯示 [新增] 畫面，包括範本的類別目錄。","tags":["L_Display","L_Advanced","L_VisioOptions","L_MicrosoftVisio"],"application":"visio16","key":"software\\microsoft\\office\\16.0\\visio\\application","valueName":"showtemplatepanebydefault"},{"parentCategory":{"ref":"L_Display"},"supportedOn":{"ref":"windows:SUPPORTED_Windows7"},"enabledValue":{"string":"1"},"disabledValue":{"string":"0"},"name":"L_SmartTags","displayName":"標籤","explainText":"如果您停留在繪圖的標籤上，則顯示標籤。","tags":["L_Display","L_Advanced","L_VisioOptions","L_MicrosoftVisio"],"application":"visio16","key":"software\\microsoft\\office\\16.0\\visio\\application","valueName":"showsmarttags"},{"parentCategory":{"ref":"L_Display"},"supportedOn":{"ref":"windows:SUPPORTED_Windows7"},"enabledValue":{"string":"1"},"disabledValue":{"string":"0"},"name":"L_StencilwindowScreenTips","displayName":"樣板視窗工具提示","explainText":"指定是否要在 Visio 中顯示工具提示 (工具提示: 當您將指標暫停在 Visio 程式中的某些元素，如樣板的主圖形、工具列按鈕及尺規時顯示的秘訣)，以協助您識別樣板視窗中的圖形。","tags":["L_Display","L_Advanced","L_VisioOptions","L_MicrosoftVisio"],"application":"visio16","key":"software\\microsoft\\office\\16.0\\visio\\application","valueName":"tipsstencil"},{"parentCategory":{"ref":"L_Display"},"supportedOn":{"ref":"windows:SUPPORTED_Windows7"},"elements":{"items":[{"item":[{"value":{"string":"51"},"displayName":"Picas"},{"value":{"string":"50"},"displayName":"點"},{"value":{"string":"54"},"displayName":"Ciceros"},{"value":{"string":"53"},"displayName":"Didots"}],"valueName":"measurementsystem_text","inputType":"dropdownList","caption":"文字","id":"L_text7"}]},"name":"L_Text","displayName":"文字","explainText":"指定縮排、行距及其他文字測量的測量單位。預設的類型大小單位為點 (1 點 = 1/72 英吋)。您可以使用其他測量單位 (例如 1 英呎或 12 英吋) 輸入類型大小，但無法變更預設值。","tags":["L_Display","L_Advanced","L_VisioOptions","L_MicrosoftVisio"],"application":"visio16","key":"software\\microsoft\\office\\16.0\\visio\\document"},{"parentCategory":{"ref":"L_Display"},"supportedOn":{"ref":"windows:SUPPORTED_Windows7"},"elements":{"items":[{"item":[{"value":{"string":"81"},"displayName":"度"},{"value":{"string":"82"},"displayName":"度-分-秒"},{"value":{"string":"84"},"displayName":"分-秒"},{"value":{"string":"85"},"displayName":"秒"},{"value":{"string":"83"},"displayName":"弧度"}],"valueName":"measurementsystem_angle","inputType":"dropdownList","caption":"角度","id":"L_angle8"}]},"name":"L_Angle","displayName":"角度","explainText":"指定旋轉角度的測量單位。","tags":["L_Display","L_Advanced","L_VisioOptions","L_MicrosoftVisio"],"application":"visio16","key":"software\\microsoft\\office\\16.0\\visio\\document"},{"parentCategory":{"ref":"L_Display"},"supportedOn":{"ref":"windows:SUPPORTED_Windows7"},"elements":{"items":[{"item":[{"value":{"string":"43"},"displayName":"週"},{"value":{"string":"44"},"displayName":"天"},{"value":{"string":"45"},"displayName":"小時"},{"value":{"string":"46"},"displayName":"分"},{"value":{"string":"47"},"displayName":"秒"}],"valueName":"measurementsystem_duration","inputType":"dropdownList","caption":"期間","id":"L_duration9"}]},"name":"L_Duration","displayName":"期間","explainText":"指定期間的測量單位，這是指相較於特定日期或指定小時的持續時間。","tags":["L_Display","L_Advanced","L_VisioOptions","L_MicrosoftVisio"],"application":"visio16","key":"software\\microsoft\\office\\16.0\\visio\\document"},{"parentCategory":{"ref":"L_Display"},"supportedOn":{"ref":"windows:SUPPORTED_Windows7"},"enabledValue":{"string":"1"},"disabledValue":{"string":"0"},"name":"L_AlwaysofferMetricandUSunitsfornewblankdrawings","displayName":"替新的空白繪圖與樣板提供 [公制] 與 [英制] 選項","explainText":"此原則設定可在建立新的空白繪圖或樣板時，同時顯示公制和美制兩種單位。\n\n如果啟用此原則設定，則在建立新的空白繪圖或樣板之前，會同時顯示公制和美制以供選擇。這些繪圖開啟之後會顯示適當的尺規和頁面設定，並為繪圖工具使用適當的單位。這並不會同時以兩種單位類型安裝範本和樣板。只要開啟 [開發人員] 索引標籤，就會啟用此原則設定。\n\n如果停用或未設定此原則設定，而且只安裝一種單位類型的範本和樣版，則在建立空白繪圖或樣板時，就不會顯示兩種單位供您選擇。","tags":["L_Display","L_Advanced","L_VisioOptions","L_MicrosoftVisio"],"application":"visio16","key":"software\\microsoft\\office\\16.0\\visio\\application","valueName":"offermetricandus"},{"parentCategory":{"ref":"L_UserInterfaceOptions"},"supportedOn":{"ref":"windows:SUPPORTED_Windows7"},"enabledValue":{"string":"0"},"disabledValue":{"string":"1"},"name":"L_DoNotShowMiniToolbarOnSelectionOfText","displayName":"選取文字時不顯示迷你工具列","explainText":"此原則設定可讓您設定選取文字時是否顯示迷你工具列。\n\n如果啟用此原則設定，選取時不會顯示迷你工具列。\n\n如果停用或未設定此原則設定，選取時會顯示迷你工具列。","tags":["L_UserInterfaceOptions","L_General","L_VisioOptions","L_MicrosoftVisio"],"application":"visio16","key":"software\\microsoft\\office\\16.0\\visio\\application","valueName":"showminitoolbar"},{"parentCategory":{"ref":"L_UserInterfaceOptions"},"supportedOn":{"ref":"windows:SUPPORTED_Windows7"},"enabledValue":{"string":"0"},"disabledValue":{"string":"1"},"name":"L_TurnOffLivePreview","displayName":"關閉即時預覽","explainText":"此原則設定可讓您設定即時預覽。即時預覽可在您將游標停留於不同的選擇上時，讓您預覽一項功能對文件的影響。\n\n如果啟用此原則設定，就會關閉即時預覽。\n\n如果停用或未設定此原則設定，則會開啟即時預覽。","tags":["L_UserInterfaceOptions","L_General","L_VisioOptions","L_MicrosoftVisio"],"application":"visio16","key":"software\\microsoft\\office\\16.0\\visio\\application","valueName":"livepreview"},{"parentCategory":{"ref":"L_UserInterfaceOptions"},"supportedOn":{"ref":"windows:SUPPORTED_Windows7"},"enabledValue":{"string":"0"},"disabledValue":{"string":"1"},"name":"L_TurnOffLivePreviewInTheShapesWindow","displayName":"關閉圖形視窗內的即時預覽","explainText":"此原則設定可關閉 [圖形] 視窗內的即時預覽功能，此預覽功能會在圖形視窗內顯示圖形將在繪圖中呈現的細節與色彩深度，其中包括佈景主題色彩與效果。\n\n如果啟用此原則設定，就會關閉 [圖形] 視窗內的即時預覽。\n\n如果停用或未設定此原則設定，則會開啟 [圖形] 視窗內的即時預覽。","tags":["L_UserInterfaceOptions","L_General","L_VisioOptions","L_MicrosoftVisio"],"application":"visio16","key":"software\\microsoft\\office\\16.0\\visio\\application","valueName":"livepreviewmasters"},{"parentCategory":{"ref":"L_EditingOptions"},"supportedOn":{"ref":"windows:SUPPORTED_Windows7"},"enabledValue":{"string":"1"},"disabledValue":{"string":"0"},"name":"L_ZoomonrollwithIntelliMouse","displayName":"捲動 IntelliMouse 來調整縮放比例","explainText":"如果選取，您就可以透過滾動 Microsoft Intellimouse 的滾輪來拉遠或拉近繪圖","tags":["L_EditingOptions","L_Advanced","L_VisioOptions","L_MicrosoftVisio"],"application":"visio16","key":"software\\microsoft\\office\\16.0\\visio\\application","valueName":"zoomonroll"},{"parentCategory":{"ref":"L_EditingOptions"},"supportedOn":{"ref":"windows:SUPPORTED_Windows7"},"enabledValue":{"string":"1"},"disabledValue":{"string":"0"},"name":"L_Centerselectiononzoom","displayName":"縮放時將選取範圍置中","explainText":"指定當您拉近時，選取的圖形都會顯示在視窗中央。","tags":["L_EditingOptions","L_Advanced","L_VisioOptions","L_MicrosoftVisio"],"application":"visio16","key":"software\\microsoft\\office\\16.0\\visio\\application","valueName":"zoommode"},{"parentCategory":{"ref":"L_EditingOptions"},"supportedOn":{"ref":"windows:SUPPORTED_Windows7"},"enabledValue":{"string":"1"},"disabledValue":{"string":"0"},"name":"L_Selectshapespartiallywithinarea","displayName":"在區域內選取部分圖形","explainText":"如果您透過網狀選取方式 (在繪圖頁面中拖曳圖形周圍的方塊) 選取圖形，那麼您可以將選取設定變更為同時包含部分在網狀選取範圍內的圖形。","tags":["L_EditingOptions","L_Advanced","L_VisioOptions","L_MicrosoftVisio"],"application":"visio16","key":"software\\microsoft\\office\\16.0\\visio\\application","valueName":"areaselection"},{"parentCategory":{"ref":"L_EditingOptions"},"supportedOn":{"ref":"windows:SUPPORTED_Windows7"},"enabledValue":{"string":"1"},"disabledValue":{"string":"0"},"name":"L_Enablelivedynamics","displayName":"啟用即時動態","explainText":"當您調整圖形大小或旋轉圖形時，您會見到轉換中的圖形，而不只是見到周圍方塊，直到動作完成為止。","tags":["L_EditingOptions","L_Advanced","L_VisioOptions","L_MicrosoftVisio"],"application":"visio16","key":"software\\microsoft\\office\\16.0\\visio\\application","valueName":"livemousedynamics"},{"parentCategory":{"ref":"L_EditingOptions"},"supportedOn":{"ref":"windows:SUPPORTED_Windows7"},"enabledValue":{"string":"1"},"disabledValue":{"string":"0"},"name":"L_Enalbeconnectorsplitting","displayName":"啟用連接器分割","explainText":"當您將圖形放置於連接器的線上時，該線會分割開來，且每一段會成為各自緊臨圖形的連接器。不是所有繪圖類型都支援連接器分割。","tags":["L_EditingOptions","L_Advanced","L_VisioOptions","L_MicrosoftVisio"],"application":"visio16","key":"software\\microsoft\\office\\16.0\\visio\\application","valueName":"allowshapesplitting"},{"parentCategory":{"ref":"L_EditingOptions"},"supportedOn":{"ref":"windows:SUPPORTED_Windows7"},"enabledValue":{"string":"1"},"disabledValue":{"string":"0"},"name":"L_EnableAutoConnect","displayName":"啟用自動連接","explainText":"設定對應的 UI 選項中的值。","tags":["L_EditingOptions","L_Advanced","L_VisioOptions","L_MicrosoftVisio"],"application":"visio16","key":"software\\microsoft\\office\\16.0\\visio\\application","valueName":"enableautoconnect"},{"parentCategory":{"ref":"L_EditingOptions"},"supportedOn":{"ref":"windows:SUPPORTED_Windows7"},"enabledValue":{"string":"0"},"disabledValue":{"string":"1"},"name":"L_ShowMoreHandles","displayName":"停留時顯示其他控點","explainText":"此原則設定允許您在游標移過選取的圖形時顯示其他圖形控點。\n\n如果啟用此原則設定，其他圖形控點會在短暫的延遲後顯示。\n\n如果停用或未設定此原則設定，則不會顯示其他圖形控點。\n","tags":["L_EditingOptions","L_Advanced","L_VisioOptions","L_MicrosoftVisio"],"application":"visio16","key":"software\\microsoft\\office\\16.0\\visio\\application","valueName":"handlebehavior"},{"parentCategory":{"ref":"L_SaveDocuments"},"supportedOn":{"ref":"windows:SUPPORTED_Windows7"},"enabledValue":{"string":"1"},"disabledValue":{"string":"0"},"name":"L_Promptfordocumentpropertiesonfirstsave","displayName":"第一次儲存時提示文件摘要資訊","explainText":"表示當檔案第一次儲存時，是否開啟摘要資訊對話方塊。檔案摘要資訊包含作者姓名及資訊 (例如檔案狀態)、預覽設定及其他內容。","tags":["L_SaveDocuments","L_Save","L_VisioOptions","L_MicrosoftVisio"],"application":"visio16","key":"software\\microsoft\\office\\16.0\\visio\\application","valueName":"promptforsummaryinfo"},{"parentCategory":{"ref":"L_SaveOpen"},"supportedOn":{"ref":"windows:SUPPORTED_Windows7"},"elements":{"items":[{"item":[{"value":{"string":"0"},"displayName":"由 Visio 決定語言"},{"value":{"string":"1"},"displayName":"提示語言"},{"value":{"string":"2"},"displayName":"使用下列語言"}],"valueName":"fileconversionmode","inputType":"dropdownList","caption":"檔案轉換的語言","id":"L_languageforfileconversion5"},{"valueName":"fileconversionlanguage","requiredSpecified":false,"expandableSpecified":false,"maxLength":2147483647,"maxLengthSpecified":false,"inputType":"textBox","caption":"使用語言:","id":"L_Uselanguage"}]},"name":"L_languageforfileconversion4","displayName":"檔案轉換的語言","explainText":"此原則設定用於指定 Visio 與舊版 Visio 之間進行轉換時，如何決定要使用的語言。\n\n如果啟用此原則設定，您可選擇下列選項之一:\n\n- 由 Visio 決定語言\n- 提示語言\n- 使用下列語言: 您必須指定該語言的 Microsoft 地區設定識別碼 (LCID) 編號。\n\n如果停用或未設定此原則設定，會由 Visio 決定使用的語言。","tags":["L_SaveOpen","L_Advanced","L_VisioOptions","L_MicrosoftVisio"],"application":"visio16","key":"software\\microsoft\\office\\16.0\\visio\\application"},{"parentCategory":{"ref":"L_SaveOpen"},"supportedOn":{"ref":"windows:SUPPORTED_Windows7"},"enabledValue":{"string":"1"},"disabledValue":{"string":"0"},"name":"L_Showfilesavewarnings","displayName":"顯示檔案儲存警告","explainText":"指示當您儲存含有錯誤 (例如，無效的 XML 程式碼) 的檔案時，是否會顯示警告訊息。","tags":["L_SaveOpen","L_Advanced","L_VisioOptions","L_MicrosoftVisio"],"application":"visio16","key":"software\\microsoft\\office\\16.0\\visio\\application","valueName":"showxmlsavewarnings"},{"parentCategory":{"ref":"L_SaveOpen"},"supportedOn":{"ref":"windows:SUPPORTED_Windows7"},"enabledValue":{"string":"1"},"disabledValue":{"string":"0"},"name":"L_Showfileopenwarnings","displayName":"顯示檔案開啟警告","explainText":"指示當您開啟含有錯誤 (例如，無效的 XML 程式碼) 的檔案時，是否會顯示警告訊息。","tags":["L_SaveOpen","L_Advanced","L_VisioOptions","L_MicrosoftVisio"],"application":"visio16","key":"software\\microsoft\\office\\16.0\\visio\\application","valueName":"showxmlopenwarnings"},{"parentCategory":{"ref":"L_OptionsCustomizeRibbon"},"supportedOn":{"ref":"windows:SUPPORTED_Windows7"},"enabledValue":{"decimal":{"value":1}},"disabledValue":{"decimal":{"value":0}},"name":"L_DisplayDeveloperTab","displayName":"在功能區顯示 [開發人員] 索引標籤","explainText":"此原則設定可控制是否在功能區顯示 [開發人員] 索引標籤。\n\n如果啟用此原則設定，將會在功能區顯示 [開發人員] 索引標籤。\n\n如果停用此原則設定，將不會在功能區顯示 [開發人員] 索引標籤。\n\n若未設定此原則設定，則功能區不會顯示 [開發人員] 索引標籤，但是您可以透過應用程式 [選項] 對話方塊中的設定變更其可見性。","tags":["L_OptionsCustomizeRibbon","L_VisioOptions","L_MicrosoftVisio"],"application":"visio16","key":"software\\microsoft\\office\\16.0\\visio\\application","valueName":"developertools"},{"parentCategory":{"ref":"L_Save"},"supportedOn":{"ref":"windows:SUPPORTED_Windows7"},"enabledValue":{"decimal":{"value":1}},"disabledValue":{"decimal":{"value":0}},"name":"L_TurnOffCADDWGFunctionality","displayName":"關閉 CAD/DWG 功能","explainText":"此原則設定可讓您關閉與 CAD/DWG 檔案相關的所有進入點。\n\n如果啟用此原則設定，就會關閉 CAD/DWG 功能。\n\n如果停用或不設定此原則設定，就會開啟 CAD/DWG 功能。","tags":["L_Save","L_VisioOptions","L_MicrosoftVisio"],"application":"visio16","key":"software\\microsoft\\office\\16.0\\visio\\application","valueName":"disabledwg"},{"parentCategory":{"ref":"L_OfflineEditing"},"supportedOn":{"ref":"windows:SUPPORTED_Windows7"},"elements":{"items":[{"item":[{"value":{"string":"1"},"displayName":"伺服器草稿位置"},{"value":{"string":"0"},"displayName":"網頁伺服器"}],"valueName":"uselocaldrafts","inputType":"dropdownList","id":"L_SaveCheckedOutFilesToDropID"}]},"name":"L_SaveCheckedOutFilesTo","displayName":"將取出的檔案儲存至","explainText":"此原則設定可讓您選擇要將取出的檔案儲存至伺服器草稿位置，或是儲存至網頁伺服器。\n\n如果啟用此原則設定，您可以選擇儲存取出檔案的位置:\n- 伺服器草稿位置: 本電腦上的伺服器草稿位置\n- 網頁伺服器: 網頁伺服器\n\n如果停用或未設定此原則設定，取出的檔案會儲存在伺服器草稿位置。","tags":["L_OfflineEditing","L_Save","L_VisioOptions","L_MicrosoftVisio"],"application":"visio16","key":"software\\microsoft\\office\\16.0\\visio\\application"},{"parentCategory":{"ref":"L_SaveDocuments"},"supportedOn":{"ref":"windows:SUPPORTED_Windows7"},"elements":{"items":[{"item":[{"value":{"string":"0"},"displayName":"Visio 文件"},{"value":{"string":"3"},"displayName":"Visio 啟用巨集的文件"},{"value":{"string":"1"},"displayName":"Visio 2003-2016 文件"}],"valueName":"savefileformat","inputType":"dropdownList","caption":"另存 Visio 檔案為","id":"L_savevisiofilesas6"}]},"name":"L_SaveVisiofilesas","displayName":"另存 Visio 檔案為","explainText":"識別儲存 Visio 檔案的預設檔案格式。","tags":["L_SaveDocuments","L_Save","L_VisioOptions","L_MicrosoftVisio"],"application":"visio16","key":"software\\microsoft\\office\\16.0\\visio\\application"},{"parentCategory":{"ref":"L_ShapeSearch"},"supportedOn":{"ref":"windows:SUPPORTED_Windows7"},"enabledValue":{"string":"1"},"disabledValue":{"string":"0"},"name":"L_Showshapesearchpane","displayName":"顯示圖形搜尋窗格","explainText":"顯示樣板視窗的圖形搜尋使用者介面項目。","tags":["L_ShapeSearch","L_Advanced","L_VisioOptions","L_MicrosoftVisio"],"application":"visio16","key":"software\\microsoft\\office\\16.0\\visio\\application","valueName":"showshapesearchpane"},{"parentCategory":{"ref":"L_ShapeSearch"},"supportedOn":{"ref":"windows:SUPPORTED_Windows7"},"elements":{"items":[{"item":[{"value":{"string":"1"},"displayName":"所有文字 (AND)"},{"value":{"string":"0"},"displayName":"任何文字 (OR)"}],"valueName":"findshapesallwords","inputType":"dropdownList","caption":"搜尋:","id":"L_searchfor10"}]},"name":"L_Searchfor","displayName":"搜尋:","explainText":"設定對應的 UI 選項中的值。","tags":["L_ShapeSearch","L_Advanced","L_VisioOptions","L_MicrosoftVisio"],"application":"visio16","key":"software\\microsoft\\office\\16.0\\visio\\application"},{"parentCategory":{"ref":"L_ShapeSearch"},"supportedOn":{"ref":"windows:SUPPORTED_Windows7"},"elements":{"items":[{"item":[{"value":{"string":"0"},"displayName":"依字母順序"},{"value":{"string":"1"},"displayName":"依群組"}],"valueName":"msoridcuvisiobfsgroup","inputType":"dropdownList","caption":"搜尋結果","id":"L_searchresults11"}]},"name":"L_Searchresults","displayName":"搜尋結果","explainText":"指定是否依圖形名稱或樣板名稱 (群組) 的字母順序傳回結果。按一下 [依群組] 可協助區分名稱相同但出現在不同樣板的圖形。如果您想要找出含有某圖形的樣板，選取此選項也會很有用。","tags":["L_ShapeSearch","L_Advanced","L_VisioOptions","L_MicrosoftVisio"],"application":"visio16","key":"software\\microsoft\\office\\16.0\\visio\\application"},{"parentCategory":{"ref":"L_ShapeSearch"},"supportedOn":{"ref":"windows:SUPPORTED_Windows7"},"enabledValue":{"string":"0"},"disabledValue":{"string":"1"},"name":"L_Openresultsnewwindow","displayName":"在新視窗開啟結果","explainText":"表示每次搜尋時是否會建立新的搜尋結果樣板。如果清除，則搜尋結果會取代所有先前的搜尋結果。","tags":["L_ShapeSearch","L_Advanced","L_VisioOptions","L_MicrosoftVisio"],"application":"visio16","key":"software\\microsoft\\office\\16.0\\visio\\application","valueName":"msoridcuvisiobfsrecycle"},{"parentCategory":{"ref":"L_TrustCenter"},"supportedOn":{"ref":"windows:SUPPORTED_Windows7"},"enabledValue":{"decimal":{"value":1}},"disabledValue":{"decimal":{"value":0}},"name":"L_Disableallapplicationextensions","displayName":"停用所有應用程式增益集","explainText":"此原則設定可停用所指定 Office 2016 應用程式的所有增益集。\n      \n如果您啟用此原則設定，會停用所指定 Office 2016 應用程式的所有增益集。\n\n如果您停用或未設定此原則設定，則允許執行所指定 Office 2016 應用程式的所有增益集，而且不會通知使用者，除非要求應用程式增益集應經過受信任的發行者簽署。","tags":["L_TrustCenter","L_Security","L_VisioOptions","L_MicrosoftVisio"],"application":"visio16","key":"software\\microsoft\\office\\16.0\\visio\\security","valueName":"disablealladdins"},{"parentCategory":{"ref":"L_TrustCenter"},"supportedOn":{"ref":"windows:SUPPORTED_Windows7"},"enabledValue":{"decimal":{"value":1}},"disabledValue":{"decimal":{"value":0}},"name":"L_BlockMacroExecutionFromInternet","displayName":"封鎖來自網際網路之 Office 檔案中的巨集，使其無法執行","explainText":"\n        此原則設定可讓您封鎖來自網際網路之 Office 檔案中的巨集，使其無法執行。\n\n        如果您啟用這個原則設定，即使已選取 [信任中心] 之 [巨集設定] 區段中的 [啟用所有巨集]，仍將封鎖執行巨集。此外，使用者會收到已封鎖執行巨集的通知，而無法 [啟用內容]。如果 Office 檔案已儲存至信任的位置，或是使用者先前已選擇信任，將允許執行巨集。\n\n        若您停用或不設定此原則設定，將使用 [信任中心] 之 [巨集設定] 區段中的設定決定是否在 Office 檔案中執行來自網際網路的巨集。\n      ","tags":["L_TrustCenter","L_Security","L_VisioOptions","L_MicrosoftVisio"],"application":"visio16","key":"software\\microsoft\\office\\16.0\\visio\\security","valueName":"blockcontentexecutionfrominternet"},{"parentCategory":{"ref":"L_TrustCenter"},"supportedOn":{"ref":"windows:SUPPORTED_Windows7"},"enabledValue":{"decimal":{"value":1}},"disabledValue":{"decimal":{"value":0}},"name":"L_TurnOffTrustedDocumentsOnTheNetwork","displayName":"關閉網路上信任的文件","explainText":"此原則設定可讓您針對網路所開啟的文件，關閉其信任的文件功能。\n\n如果啟用此原則設定，使用者必定會看見網路開啟的文件之主動式內容 (例如巨集、ActiveX 控制項、資料連線等) 的安全性通知。\n\n如果停用或未設定此原則設定，則使用者可利用信任的文件功能，一律允許文件中的主動式內容 (例如巨集、ActiveX 控制項、資料連線等) ，如此一來，使用者在下一次開啟文件時就不會看見提示。信任的文件也不會收到安全性通知。","tags":["L_TrustCenter","L_Security","L_VisioOptions","L_MicrosoftVisio"],"application":"visio16","key":"software\\microsoft\\office\\16.0\\visio\\security\\trusted documents","valueName":"disablenetworktrusteddocuments"},{"parentCategory":{"ref":"L_TrustCenter"},"supportedOn":{"ref":"windows:SUPPORTED_Windows7"},"enabledValue":{"decimal":{"value":1}},"disabledValue":{"decimal":{"value":0}},"name":"L_TurnOffTrustedDocuments","displayName":"關閉信任的文件","explainText":"此原則設定可讓您關閉信任的文件功能。使用者可利用信任的文件功能，在文件中永遠啟用主動式內容 (例如巨集、ActiveX 控制項、資料連線等)，如此當使用者下一次開啟文件時，畫面就不會出現提示。信任的文件不會收到安全性通知。\n\n如果啟用此原則設定，您將關閉信任的文件功能。每當使用者開啟內含主動式內容的文件時，就會收到安全性提示。\n\n如果停用或未設定此原則設定，則當使用者啟用文件的內容時，系統將信任該文件，使用者也不會收到安全性提示。","tags":["L_TrustCenter","L_Security","L_VisioOptions","L_MicrosoftVisio"],"application":"visio16","key":"software\\microsoft\\office\\16.0\\visio\\security\\trusted documents","valueName":"disabletrusteddocuments"},{"parentCategory":{"ref":"L_TrustCenter"},"supportedOn":{"ref":"windows:SUPPORTED_Windows7"},"elements":{"items":[{"valueName":"maxtrusteddocuments","minValue":0,"minValueSpecified":true,"maxValue":20000,"maxValueSpecified":true,"inputType":"decimalTextBox","caption":"數目上限:","id":"L_SetMaximumNumberOfTrustedDocumentsSpinID"}]},"name":"L_SetMaximumNumberOfTrustedDocuments","displayName":"設定信任的文件數目上限","explainText":"此原則設定可讓您指定在執行清除工作之前，登錄中所能儲存之信任文件的信任記錄數目上限。清除工作會將儲存在登錄中的信任文件數目減少為「設定要保留的信任記錄數目上限」原則設定所設定的值。\n\n如果啟用此原則設定，您可以指定在執行清除工作之前要儲存在登錄中的信任文件數目上限，最多 20000 份文件。然而基於效能因素，我們不建議將此原則設定設為最高上限。\n\n如果停用或未設定此原則設定，在執行清除工作之前，登錄中所能儲存的信任文件數目上限是預設值 500。","tags":["L_TrustCenter","L_Security","L_VisioOptions","L_MicrosoftVisio"],"application":"visio16","key":"software\\microsoft\\office\\16.0\\visio\\security\\trusted documents"},{"parentCategory":{"ref":"L_TrustCenter"},"supportedOn":{"ref":"windows:SUPPORTED_Windows7"},"elements":{"items":[{"valueName":"maxpreservetrusteddocuments","minValue":0,"minValueSpecified":true,"maxValue":20000,"maxValueSpecified":true,"inputType":"decimalTextBox","caption":"保留的數目上限:","id":"L_SetMaximumNumberOfTrustRecordsToPreserveSpinID"}]},"name":"L_SetMaximumNumberOfTrustRecordsToPreserve","displayName":"設定要保留的信任記錄數目上限","explainText":"此原則設定允許您指定當清除工作偵測發現，此應用程式所信任的信任文件數目超過 [設定信任的文件數目上限] 原則設定所設定的數目時，應保留的信任記錄數目上限。\n\n如果啟用此原則設定，您可以指定要保留的信任記錄數目上限，最高可為 20000。但基於效能因素，不建議設定此數目做為上限。\n\n如果停用或未設定此原則設定，則會使用預設值 400。","tags":["L_TrustCenter","L_Security","L_VisioOptions","L_MicrosoftVisio"],"application":"visio16","key":"software\\microsoft\\office\\16.0\\visio\\security\\trusted documents"},{"parentCategory":{"ref":"L_TrustCenter"},"supportedOn":{"ref":"windows:SUPPORTED_Windows7"},"elements":{"items":[{"item":[{"value":{"decimal":{"value":2}},"displayName":"全部停用 (事先通知)"},{"value":{"decimal":{"value":3}},"displayName":"除了經數位簽章的巨集外，停用所有巨集"},{"value":{"decimal":{"value":4}},"displayName":"全部停用 (不事先通知)"},{"value":{"decimal":{"value":1}},"displayName":"啟用所有巨集 (不建議使用)"}],"valueName":"vbawarnings","inputType":"dropdownList","id":"L_Empty"},{"trueValue":{"decimal":{"value":1}},"falseValue":{"decimal":{"value":0}},"valueName":"vbadigsigtrustedpublishers","key":"software\\microsoft\\office\\16.0\\visio\\security","inputType":"checkBox","caption":"要求巨集必須由受信任的發行者簽署","id":"L_VBADigSigTrustedPublishersStr"},{"trueValue":{"decimal":{"value":1}},"falseValue":{"decimal":{"value":0}},"valueName":"vbarequirelmtrustedpublisher","key":"software\\microsoft\\office\\16.0\\visio\\security","inputType":"checkBox","caption":"封鎖來自僅安裝於目前使用者憑證存放區中的受信任發行者憑證","id":"L_VBAOnlyAllowLMTrustedPublisherStr"},{"trueValue":{"decimal":{"value":1}},"falseValue":{"decimal":{"value":0}},"valueName":"vbarequiredigsigwithcodesigningeku","key":"software\\microsoft\\office\\16.0\\visio\\security","inputType":"checkBox","caption":"需要擴充金鑰使用方法 (EKU) 取得之來自受信任發行者的憑證","id":"L_VBAOnlyAllowDigSigWithCodeSigningEKUStr"}]},"name":"L_VBAWarningsPolicy","displayName":"VBA 巨集通知設定","explainText":"此原則設定可控制指定的應用程式在顯示 Visual Basic for Applications (VBA) 巨集存在時警告使用者的方式。\n\n如果啟用此原則設定，有四個選項可以選擇，以判斷指定的應用程式如何向使用者發出巨集相關警告：\n \n- [全部停用 (事前通知)]：無論巨集是否已經過簽署，應用程式都會針對所有巨集顯示 [信任列]。此選項會強制套用 Office 中的預設設定。\n \n- [除了經數位簽署的巨集外，停用所有巨集]：應用程式會針對經過數位簽署的巨集顯示信任列，允許使用者啟用巨集或保持停用。任何未經簽署的巨集都將一律停用，而且使用者不會收到通知。\n \n- [全部停用 (不事先通知)]：無論巨集是否經過簽署，應用程式一律停用所有巨集，且不會通知使用者。\n \n- [啟用所有巨集] (不建議使用)：巨集無論是否經過簽署，一律啟用。此選項可能會允許危險程式未受偵測執行，從而大大降低安全性。\n \n如果停用此原則設定，預設設定將為 [全部停用 (事先通知)] 將會是預設的設定。\n \n如果未設定此原則設定，則使用者在指定的應用程式中開啟內含 VBA 巨集的檔案時，應用程式會開啟檔案並停用巨集，然後顯示 [信任列]，警告您有巨集且已遭停用。使用者可以視需要檢查及編輯檔案，但不能使用任何已停用的功能，直到使用者按一下 [信任列] 上的 [啟用內容] 來啟用內容為止。如果使用者按一下 [啟用內容]，則文件就會新增為信任的文件。\n \n如果選取 [除了經數位簽署的巨集外，停用所有巨集] 核取方塊，建議您同時選取 [需由受信任的發行者簽署巨集] 核取方塊，以協助提升安全性。\n\n如果選取 [需由受信任的發行者簽署巨集] 核取方塊，使用者開啟含有數位簽署之巨集但未經受信任發行者簽署的檔案，將會收到禁止執行巨集的通知。另外還有兩個建議您選取的核取方塊，以協助提升安全性。\n\n -[封鎖來自安裝於目前使用者憑證存放區中的受信任發行者憑證]\n\n- [需要擴充金鑰使用方法 (EKU) 取得之來自受信任發行者的憑證]\n\n注意：只有已選取 [需由受信任的發行者簽署巨集] 核取方塊，才會套用這兩個核取方塊。\n\n如果選取 [封鎖來自安裝於本機電腦存放區中的受信任發行者憑證] 核取方塊，則當有來自安裝於目前使用者憑證存放區中的受信任發行者憑證時，便不會執行巨集。若要執行巨集，憑證必須是儲存在本機電腦憑證存放區中。只有具備該電腦系統管理員存取權的帳戶才能在本機電腦憑證存放區中安裝憑證。\n\n如果選取 [需要擴充金鑰使用方法 (EKU) 取得之來自受信任發行者的憑證] 核取方塊，EKU 必須包含 [程式碼簽署] 作為其中一種憑證使用。\n\n重要事項: 如果選取 [除了經數位簽章的巨集外，停用所有巨集]，使用者將無法開啟未簽署的 Access 資料庫。\n \n另請注意，Microsoft Office 會將受信任發行者的憑證儲存在 Internet Explorer 信任的發行者存放區。舊版 Microsoft Office 則是將受信任發行者的憑證資訊 (尤其是憑證指紋) 儲存在特別的 Office 信任的發行者存放區。Microsoft Office 仍可讀取 Office 信任的發行者存放區中的受信任發行者憑證資訊，但不會將資訊寫入此存放區。\n \n因此，如果您在舊版 Microsoft Office 中建立受信任發行者的清單，然後升級到 Office，系統仍可辨識該受信任發行者的清單。但是，您之後新增至該清單的任何受信任發行者憑證，都將儲存到 Internet Explorer 信任的發行者存放區。","tags":["L_TrustCenter","L_Security","L_VisioOptions","L_MicrosoftVisio"],"application":"visio16","key":"software\\microsoft\\office\\16.0\\visio\\security"},{"parentCategory":{"ref":"L_TrustCenter"},"supportedOn":{"ref":"windows:SUPPORTED_Windows7"},"enabledValue":{"decimal":{"value":1}},"disabledValue":{"decimal":{"value":0}},"name":"L_RequirethatApplicationExtensionsaresigned","displayName":"應用程式增益集必須經過信任的發行者簽署","explainText":"此原則設定可控制此應用程式的增益集是否必須經由信任的發行者數位簽署。\n\n如果您啟用此原則設定，則該應用程式在載入每個增益集前，會先檢查其數位簽章。如果增益集沒有數位簽章，或簽章並非來自信任的發行者，則該應用程式會停用增益集並通知使用者。如果您要求所有的增益集都必須經過信任的發行者簽署，即必須將這些憑證新增至 [受信任的發行者] 清單。如需取得及分配憑證的詳細資料，請參閱 http://go.microsoft.com/fwlink/?LinkId=294922。Office 2016 將信任發行者的憑證儲存在 Internet Explorer 信任發行者存放區中。在舊版 Microsoft Office 中，信任發行者的憑證資訊 (尤其是憑證指紋) 是儲存在一個特別的 Office 信任發行者存放區。Office 2016 仍可從 Office 信任發行者存放區讀取信任的發行者憑證資訊，但不會將資訊寫入這個存放區。因此，如果您在舊版 Office 上建立了信任發行者清單，然後升級到 Office 2016，系統仍可辨識您的信任發行者清單。不過您新增至清單的任何信任發行者憑證，都將儲存在 Internet Explorer 信任發行者存放區中。有關信任發行者的詳細資訊，請參閱 Office Resource Kit。\n\n如果您停用或未設定此原則設定，該應用程式就不會在開啟應用程式增益集前檢查其數位簽章。若載入危險的增益集，就可能會危害使用者的電腦或資料安全性。","tags":["L_TrustCenter","L_Security","L_VisioOptions","L_MicrosoftVisio"],"application":"visio16","key":"software\\microsoft\\office\\16.0\\visio\\security","valueName":"requireaddinsig"},{"parentCategory":{"ref":"L_TrustCenter"},"supportedOn":{"ref":"windows:SUPPORTED_Windows7"},"enabledValue":{"decimal":{"value":1}},"disabledValue":{"decimal":{"value":0}},"name":"L_DisableTrustBarNotificationforunsigned","displayName":"停用未簽署應用程式增益集的信任列通知，並封鎖它們","explainText":"此原則設定可控制當載入未簽署的應用程式增益集時，是否讓指定的 Office 應用程式通知使用者，還是無訊息停用此類增益集而不通知。只有在啟用 [應用程式增益集必須經過信任的發行者簽署] 原則設定 (以防止使用者變更此原則設定) 的情況下，才能套用此原則設定。\n\n如果啟用此原則設定，應用程式將自動停用未簽署的增益集，並且不會通知使用者。\n \n如果停用此原則設定，則當應用程式的設定要求所有增益集必須經過信任的發行者簽署時，將會停用應用程式載入的任何未簽署的增益集，且應用程式將在使用中視窗頂端顯示信任列。信任列包含一則訊息，通知使用者關於未簽署的增益集。\n\n如果不設定此原則設定，就會套用停用行為，另外使用者可在 [信任中心] 的 [增益集] 類別中，針對應用程式自行設定此需求。","tags":["L_TrustCenter","L_Security","L_VisioOptions","L_MicrosoftVisio"],"application":"visio16","key":"software\\microsoft\\office\\16.0\\visio\\security","valueName":"notbpromptunsignedaddin"},{"parentCategory":{"ref":"L_TrustCenter"},"supportedOn":{"ref":"windows:SUPPORTED_Windows7"},"enabledValue":{"decimal":{"value":1}},"disabledValue":{"decimal":{"value":0}},"name":"L_AllowTrustedLocationsOnTheNetwork","displayName":"允許網路上的信任位置","explainText":"此原則設定可控制是否可使用網路上的信任位置。\n\n如果啟用此原則設定，使用者就可以在 [信任中心] 的 [信任位置] 區段中按下 [新增位置] 按鈕，以便在網路共用上指定信任位置，或在其未直接控制的其他遠端位置中指定信任位置。允許內容、程式碼和增益集以最低限度的安全性由信任位置載入，且不會提示使用者以取得同意。\n\n如果停用此原則設定，則選取的應用程式將忽略 [信任中心] 的 [信任位置] 區段所列出的任何網路位置。\n\n如果同時經由群組原則部署信任位置，則應該確認其中是否有任何遠端位置。如果有任何遠端位置，而且您不允許經由此原則設定的遠端位置，則會在用戶端電腦上忽略那些指向遠端位置的原則機碼。\n\n停用此原則設定時，並不會從 [信任位置] 清單刪除任何網路位置，但將對那些將網路位置新增至 [信任位置] 清單的使用者造成運作中斷。使用者也將無法新增網路位置至 [信任中心] 的 [信任位置] 清單。正如同 [允許我的網路上之信任位置 (不建議使用)] 核取方塊所述，我們並不建議您啟用此原則設定。因此，實際上在多數情況下還是可以停用此原則設定，而不會對多數使用者造成重大的使用性問題。\n\n如果未啟用此原則設定，使用者將可以視需要選取 [允許我的網路上之信任位置 (不建議使用)] 核取方塊，然後按一下 [新增位置] 按鈕來指定信任位置。","tags":["L_TrustCenter","L_Security","L_VisioOptions","L_MicrosoftVisio"],"application":"visio16","key":"software\\microsoft\\office\\16.0\\visio\\security\\trusted locations","valueName":"allownetworklocations"},{"parentCategory":{"ref":"L_TrustCenter"},"supportedOn":{"ref":"windows:SUPPORTED_Windows7"},"enabledValue":{"decimal":{"value":1}},"disabledValue":{"decimal":{"value":0}},"name":"L_DisableTrustedLoc","displayName":"停用所有信任位置","explainText":"此原則設定可讓系統管理員停用 2016 版指定應用程式中所有的信任位置。[信任中心] 所指定的信任位置，是用來定義假設為安全的檔案位置。它允許內容、程式碼和增益集以最低限度的安全性由信任位置載入，而不會要求使用者具備權限。如果從信任位置開啟危險的檔案，該檔案將不受一般安全性措施的規範，因而可能會傷害使用者的電腦或資料。\n \n如果啟用此原則設定，則會略過 2016 版指定應用程式中所有的信任位置 ([信任中心] 所指定的位置)，包括 Office 在安裝期間所建立的任何信任位置、使用群組原則為使用者部署的信任位置，或使用者本身所新增的信任位置在內。使用者從信任位置開啟檔案時，會再次收到提示。\n\n如果停用或未設定此原則設定，系統會假設 2016 版指定應用程式中所有的信任位置 ([信任中心] 所指定的位置) 都是安全的。","tags":["L_TrustCenter","L_Security","L_VisioOptions","L_MicrosoftVisio"],"application":"visio16","key":"software\\microsoft\\office\\16.0\\visio\\security\\trusted locations","valueName":"alllocationsdisabled"},{"parentCategory":{"ref":"L_FileBlockSettings"},"supportedOn":{"ref":"windows:SUPPORTED_Windows7"},"elements":{"items":[{"item":[{"value":{"decimal":{"value":0}},"displayName":"不要封鎖"},{"value":{"decimal":{"value":1}},"displayName":"封鎖儲存"},{"value":{"decimal":{"value":2}},"displayName":"封鎖開啟/儲存"}],"valueName":"visio2003files","inputType":"dropdownList","caption":"檔案封鎖設定:","id":"L_Visio2003FilesDropID"}]},"name":"L_Visio2003Files","displayName":"Visio 2003-2010 二進位繪圖、範本和樣板","explainText":"此原則設定可讓您決定使用者是否能以此原則設定標題所指定的格式來開啟或儲存 Visio 檔案。\n\n如果啟用此原則設定，可以指定使用者是否能開啟或儲存檔案。\n\n可以選擇的選項如下。注意: 此原則設定未必能使用所有選項。\n\n- 不要封鎖: 將不會封鎖該檔案類型。\n\n- 封鎖儲存: 將會封鎖該檔案類型的儲存。\n\n- 封鎖開啟/儲存: 將同時封鎖該檔案類型的開啟及儲存。\n\n如果停用或未設定此原則設定，檔案類型就不會遭到封鎖。","tags":["L_FileBlockSettings","L_TrustCenter","L_Security","L_VisioOptions","L_MicrosoftVisio"],"application":"visio16","key":"software\\microsoft\\office\\16.0\\visio\\security\\fileblock"},{"parentCategory":{"ref":"L_FileBlockSettings"},"supportedOn":{"ref":"windows:SUPPORTED_Windows7"},"elements":{"items":[{"item":[{"value":{"decimal":{"value":0}},"displayName":"不要封鎖"},{"value":{"decimal":{"value":2}},"displayName":"封鎖開啟/儲存"}],"valueName":"visio2000files","inputType":"dropdownList","caption":"檔案封鎖設定:","id":"L_Visio2000FilesDropID"}]},"name":"L_Visio2000Files","displayName":"Visio 2000-2002 二進位繪圖、範本和樣板","explainText":"此原則設定可讓您決定使用者是否能以此原則設定標題所指定的格式來開啟或儲存 Visio 檔案。\n\n如果啟用此原則設定，可以指定使用者是否能開啟或儲存檔案。\n\n可以選擇的選項如下。注意: 此原則設定未必能使用所有選項。\n\n- 不要封鎖: 將不會封鎖該檔案類型。\n\n- 封鎖儲存: 將會封鎖該檔案類型的儲存。\n\n- 封鎖開啟/儲存: 將同時封鎖該檔案類型的開啟及儲存。\n\n如果停用或未設定此原則設定，檔案類型就不會遭到封鎖。","tags":["L_FileBlockSettings","L_TrustCenter","L_Security","L_VisioOptions","L_MicrosoftVisio"],"application":"visio16","key":"software\\microsoft\\office\\16.0\\visio\\security\\fileblock"},{"parentCategory":{"ref":"L_FileBlockSettings"},"supportedOn":{"ref":"windows:SUPPORTED_Windows7"},"elements":{"items":[{"item":[{"value":{"decimal":{"value":0}},"displayName":"不要封鎖"},{"value":{"decimal":{"value":2}},"displayName":"封鎖開啟/儲存"}],"valueName":"visio50andearlierfiles","inputType":"dropdownList","caption":"檔案封鎖設定:","id":"L_Visio50AndEarlierFilesDropID"}]},"name":"L_Visio50AndEarlierFiles","displayName":"Visio 5.0 或較舊版本二進位繪圖、範本和樣板","explainText":"此原則設定可讓您決定使用者是否能以此原則設定標題所指定的格式來開啟或儲存 Visio 檔案。\n\n如果啟用此原則設定，可以指定使用者是否能開啟或儲存檔案。\n\n可以選擇的選項如下。注意: 此原則設定未必能使用所有選項。\n\n- 不要封鎖: 將不會封鎖該檔案類型。\n\n- 封鎖儲存: 將會封鎖該檔案類型的儲存。\n\n- 封鎖開啟/儲存: 將同時封鎖該檔案類型的開啟及儲存。\n\n如果停用或未設定此原則設定，檔案類型就不會遭到封鎖。","tags":["L_FileBlockSettings","L_TrustCenter","L_Security","L_VisioOptions","L_MicrosoftVisio"],"application":"visio16","key":"software\\microsoft\\office\\16.0\\visio\\security\\fileblock"},{"parentCategory":{"ref":"L_MacroSecurity"},"supportedOn":{"ref":"windows:SUPPORTED_Windows7"},"enabledValue":{"string":"1"},"disabledValue":{"string":"0"},"name":"L_LoadMicrosoftVisualBasicforApplicationsprojectsf","displayName":"從文字載入 Microsoft Visual Basic for Applications 專案","explainText":"如果要讓您的 VBA 專案能夠在以其他版本的 Visio 建立之繪圖中運作，請選取此選項，如此在檔案載入時，就會編譯您的 VBA 專案，但不會儲存編譯的專案。","tags":["L_MacroSecurity","L_Security","L_VisioOptions","L_MicrosoftVisio"],"application":"visio16","key":"software\\microsoft\\office\\16.0\\visio\\application","valueName":"loadvbaprojectsfromtext"},{"parentCategory":{"ref":"L_MacroSecurity"},"supportedOn":{"ref":"windows:SUPPORTED_Windows7"},"enabledValue":{"string":"1"},"disabledValue":{"string":"0"},"name":"L_EnableMicrosoftVisualBasicforApplicationsproject","displayName":"啟用 Microsoft Visual Basic for Applications 專案建立","explainText":"允許當您開啟 (或建立) 尚未包含專案的文件時可以建立 VBA 專案。如果您清除這個核取方塊，您將無法在尚未包含專案的文件中建立巨集。","tags":["L_MacroSecurity","L_Security","L_VisioOptions","L_MicrosoftVisio"],"application":"visio16","key":"software\\microsoft\\office\\16.0\\visio\\application","valueName":"createvbaprojects"},{"parentCategory":{"ref":"L_EditingOptions"},"supportedOn":{"ref":"windows:SUPPORTED_Windows7"},"enabledValue":{"string":"0"},"disabledValue":{"string":"1"},"name":"L_TurnOffTransitions","displayName":"關閉轉換","explainText":"此原則設定可讓您設定轉換，轉換就是順暢的動畫效果。\n\n如果啟用此原則設定，就會關閉轉換。\n\n如果停用或未設定此原則設定，就會開啟轉換。","tags":["L_EditingOptions","L_Advanced","L_VisioOptions","L_MicrosoftVisio"],"application":"visio16","key":"software\\microsoft\\office\\16.0\\visio\\application","valueName":"transitionsenabled"},{"parentCategory":{"ref":"L_EditingOptions"},"supportedOn":{"ref":"windows:SUPPORTED_Windows7"},"enabledValue":{"string":"0"},"disabledValue":{"string":"1"},"name":"L_TurnOffSmartDeleteBehaviorOfConnectorsWhenDeletingShapes","displayName":"關閉刪除圖形時的連接器智慧刪除行為","explainText":"此原則設定可關閉刪除圖形時的連接器智慧刪除行為。\n\n如果啟用此原則設定，刪除圖形時不會一併刪除連接器。\n\n如果停用或未設定此原則設定，則刪除圖形時會一併刪除連接器。","tags":["L_EditingOptions","L_Advanced","L_VisioOptions","L_MicrosoftVisio"],"application":"visio16","key":"software\\microsoft\\office\\16.0\\visio\\application","valueName":"deleteconnectorsenabled"},{"parentCategory":{"ref":"L_EditingOptions"},"supportedOn":{"ref":"windows:SUPPORTED_Windows7"},"enabledValue":{"string":"0"},"disabledValue":{"string":"1"},"name":"L_TurnOffShapeSheetFormulaAutoComplete","displayName":"關閉 ShapeSheet 公式自動完成","explainText":"此原則設定可讓您設定 ShapeSheet 公式自動完成。\n\n如果啟用此原則設定，就會關閉 ShapeSheet 公式自動完成。\n\n如果停用或未設定此原則設定，則會開啟 ShapeSheet 公式自動完成。","tags":["L_EditingOptions","L_Advanced","L_VisioOptions","L_MicrosoftVisio"],"application":"visio16","key":"software\\microsoft\\office\\16.0\\visio\\application","valueName":"formulaautocomplete"},{"parentCategory":{"ref":"L_GeneralOptions"},"supportedOn":{"ref":"windows:SUPPORTED_Windows7"},"enabledValue":{"string":"1"},"disabledValue":{"string":"0"},"name":"L_OpeneachShapeSheetinthesamewindow","displayName":"在同一個視窗開啟每一個 ShapeSheet","explainText":"在同一個視窗開啟多個 ShapeSheet，而不在原有視窗顯示每個 ShapeSheet。","tags":["L_GeneralOptions","L_Advanced","L_VisioOptions","L_MicrosoftVisio"],"application":"visio16","key":"software\\microsoft\\office\\16.0\\visio\\document","valueName":"recycleshapesheetwindow"},{"parentCategory":{"ref":"L_GeneralOptions"},"supportedOn":{"ref":"windows:SUPPORTED_Windows7"},"enabledValue":{"string":"1"},"disabledValue":{"string":"0"},"name":"L_PutallsettingsinWindowsregistry","displayName":"將所有設定放到 Windows 登錄","explainText":"新增所有可能的應用程式設定至 Windows 登錄中。根據預設，只新增部分設定 (非預設設定和極少數的其他設定，例如檔案路徑、匯入及匯出篩選以及最後一次使用的檔案) 以簡化登錄設定。","tags":["L_GeneralOptions","L_Advanced","L_VisioOptions","L_MicrosoftVisio"],"application":"visio16","key":"software\\microsoft\\office\\16.0\\visio\\application","valueName":"putallinregistry"},{"parentCategory":{"ref":"L_GeneralOptions"},"supportedOn":{"ref":"windows:SUPPORTED_Windows7"},"enabledValue":{"string":"1"},"disabledValue":{"string":"0"},"name":"L_EnableAutomationevents","displayName":"啟用自動化事件","explainText":"讓 Visio 事件可以傳送到 Visio 附加元件和 VBA 巨集。如果清除，會停用所有 Visio 事件。如果您清除此選項，Visio 中依賴自動化事件的部分繪圖類型可能無法完全運作。","tags":["L_GeneralOptions","L_Advanced","L_VisioOptions","L_MicrosoftVisio"],"application":"visio16","key":"software\\microsoft\\office\\16.0\\visio\\application","valueName":"eventsenabled"},{"parentCategory":{"ref":"L_FileLocations"},"supportedOn":{"ref":"windows:SUPPORTED_Windows7"},"elements":{"items":[{"valueName":"drawingspath","requiredSpecified":false,"expandableSpecified":false,"maxLength":2147483647,"maxLengthSpecified":false,"inputType":"textBox","caption":"繪圖:","id":"L_Drawingscolon"}]},"name":"L_Drawings","displayName":"繪圖","explainText":"顯示繪圖的其他位置。當您在此新增位置時，它會變成預設的儲存位置。","tags":["L_FileLocations","L_Advanced","L_VisioOptions","L_MicrosoftVisio"],"application":"visio16","key":"software\\microsoft\\office\\16.0\\visio\\application"},{"parentCategory":{"ref":"L_FileLocations"},"supportedOn":{"ref":"windows:SUPPORTED_Windows7"},"elements":{"items":[{"valueName":"templatepath","requiredSpecified":false,"expandableSpecified":false,"maxLength":2147483647,"maxLengthSpecified":false,"inputType":"textBox","caption":"範本:","id":"L_Templatescolon"}]},"name":"L_Templates","displayName":"範本","explainText":"此原則設定可讓您指定範本的其他位置。\n\n如果啟用此原則設定，您就可以指定範本的其他位置。這些位置會列在 [檔案] 標籤的 [新增] 畫面上。\n\n如果停用或未設定此原則設定，就不會顯示範本的其他位置。","tags":["L_FileLocations","L_Advanced","L_VisioOptions","L_MicrosoftVisio"],"application":"visio16","key":"software\\microsoft\\office\\16.0\\visio\\application"},{"parentCategory":{"ref":"L_FileLocations"},"supportedOn":{"ref":"windows:SUPPORTED_Windows7"},"elements":{"items":[{"valueName":"stencilpath","requiredSpecified":false,"expandableSpecified":false,"maxLength":2147483647,"maxLengthSpecified":false,"inputType":"textBox","caption":"樣板:","id":"L_Stencilscolon"}]},"name":"L_Stencils","displayName":"樣板","explainText":"顯示樣板的其他位置。當您在此新增位置時，此位置中的樣板會列在檔案功能表的 [圖形] 子功能表中。","tags":["L_FileLocations","L_Advanced","L_VisioOptions","L_MicrosoftVisio"],"application":"visio16","key":"software\\microsoft\\office\\16.0\\visio\\application"},{"parentCategory":{"ref":"L_FileLocations"},"supportedOn":{"ref":"windows:SUPPORTED_Windows7"},"elements":{"items":[{"valueName":"helppath","requiredSpecified":false,"expandableSpecified":false,"maxLength":2147483647,"maxLengthSpecified":false,"inputType":"textBox","caption":"說明:","id":"L_Helpcolon"}]},"name":"L_Help","displayName":"說明","explainText":"顯示說明檔案的其他位置。","tags":["L_FileLocations","L_Advanced","L_VisioOptions","L_MicrosoftVisio"],"application":"visio16","key":"software\\microsoft\\office\\16.0\\visio\\application"},{"parentCategory":{"ref":"L_FileLocations"},"supportedOn":{"ref":"windows:SUPPORTED_Windows7"},"elements":{"items":[{"valueName":"addonspath","requiredSpecified":false,"expandableSpecified":false,"maxLength":2147483647,"maxLengthSpecified":false,"inputType":"textBox","caption":"附加元件:","id":"L_Addonscolon"}]},"name":"L_Addons","displayName":"附加元件","explainText":"顯示巨集及附加元件的其他位置。","tags":["L_FileLocations","L_Advanced","L_VisioOptions","L_MicrosoftVisio"],"application":"visio16","key":"software\\microsoft\\office\\16.0\\visio\\application"},{"parentCategory":{"ref":"L_FileLocations"},"supportedOn":{"ref":"windows:SUPPORTED_Windows7"},"elements":{"items":[{"valueName":"startuppath","requiredSpecified":false,"expandableSpecified":false,"maxLength":2147483647,"maxLengthSpecified":false,"inputType":"textBox","caption":"啟動:","id":"L_Startupcolon"}]},"name":"L_Startup","displayName":"啟動","explainText":"顯示啟動 Visio 時，開啟的巨集及附加元件的其他位置。","tags":["L_FileLocations","L_Advanced","L_VisioOptions","L_MicrosoftVisio"],"application":"visio16","key":"software\\microsoft\\office\\16.0\\visio\\application"},{"parentCategory":{"ref":"L_FileLocations"},"supportedOn":{"ref":"windows:SUPPORTED_Windows7"},"elements":{"items":[{"valueName":"myshapespath","requiredSpecified":false,"expandableSpecified":false,"maxLength":2147483647,"maxLengthSpecified":false,"inputType":"textBox","caption":"我的圖形:","id":"L_MyShapescolon"}]},"name":"L_MyShapes","displayName":"我的圖形","explainText":"顯示 [我的圖形] 資料夾的路徑。","tags":["L_FileLocations","L_Advanced","L_VisioOptions","L_MicrosoftVisio"],"application":"visio16","key":"software\\microsoft\\office\\16.0\\visio\\application"},{"parentCategory":{"ref":"L_FileLocations"},"supportedOn":{"ref":"windows:SUPPORTED_Windows7"},"elements":{"items":[{"valueName":"favoritesstencilname","requiredSpecified":false,"expandableSpecified":false,"maxLength":2147483647,"maxLengthSpecified":false,"inputType":"textBox","caption":"我的最愛樣板名稱:","id":"L_FavoritesStencilNamecolon"}]},"name":"L_FavoritesStencilName","displayName":"我的最愛樣板名稱","explainText":"顯示在「我的圖形」資料夾中建立的樣板名稱，該資料夾中包含使用者的我的最愛圖形。","tags":["L_FileLocations","L_Advanced","L_VisioOptions","L_MicrosoftVisio"],"application":"visio16","key":"software\\microsoft\\office\\16.0\\visio\\application"},{"parentCategory":{"ref":"L_AutoCorrectOptions"},"supportedOn":{"ref":"windows:SUPPORTED_Windows7"},"enabledValue":{"decimal":{"value":1}},"disabledValue":{"decimal":{"value":0}},"name":"L_Straightquoteswithsmartquotes","displayName":"將一般引號取代為智慧引號","explainText":"核取/取消核取相對應的 UI 選項。","tags":["L_AutoCorrectOptions","L_Proofing","L_VisioOptions","L_MicrosoftVisio"],"application":"visio16","key":"software\\microsoft\\office\\16.0\\visio\\autoformat as you type","valueName":"smartquotes"},{"parentCategory":{"ref":"L_AutoCorrectOptions"},"supportedOn":{"ref":"windows:SUPPORTED_Windows7"},"enabledValue":{"decimal":{"value":1}},"disabledValue":{"decimal":{"value":0}},"name":"L_Fractionswithfractioncharacter","displayName":"將分數文字取代為分數符號","explainText":"核取/取消核取相對應的 UI 選項。","tags":["L_AutoCorrectOptions","L_Proofing","L_VisioOptions","L_MicrosoftVisio"],"application":"visio16","key":"software\\microsoft\\office\\16.0\\visio\\autoformat as you type","valueName":"fractions"},{"parentCategory":{"ref":"L_AutoCorrectOptions"},"supportedOn":{"ref":"windows:SUPPORTED_Windows7"},"enabledValue":{"decimal":{"value":1}},"disabledValue":{"decimal":{"value":0}},"name":"L_Ordinalswithsuperscript","displayName":"將序數文字取代為序數符號","explainText":"核取/取消核取相對應的 UI 選項。","tags":["L_AutoCorrectOptions","L_Proofing","L_VisioOptions","L_MicrosoftVisio"],"application":"visio16","key":"software\\microsoft\\office\\16.0\\visio\\autoformat as you type","valueName":"ordinals"},{"parentCategory":{"ref":"L_AutoCorrectOptions"},"supportedOn":{"ref":"windows:SUPPORTED_Windows7"},"enabledValue":{"decimal":{"value":1}},"disabledValue":{"decimal":{"value":0}},"name":"L_Hyphenswithdash","displayName":"將連字號取代為破折號","explainText":"核取/取消核取相對應的 UI 選項。","tags":["L_AutoCorrectOptions","L_Proofing","L_VisioOptions","L_MicrosoftVisio"],"application":"visio16","key":"software\\microsoft\\office\\16.0\\visio\\autoformat as you type","valueName":"dashes"},{"parentCategory":{"ref":"L_AutoCorrectOptions"},"supportedOn":{"ref":"windows:SUPPORTED_Windows7"},"enabledValue":{"decimal":{"value":1}},"disabledValue":{"decimal":{"value":0}},"name":"L_Smileyfacesandarrowswithspecialsymbols","displayName":"將笑臉與箭頭取代為特殊符號","explainText":"核取/取消核取相對應的 UI 選項。","tags":["L_AutoCorrectOptions","L_Proofing","L_VisioOptions","L_MicrosoftVisio"],"application":"visio16","key":"software\\microsoft\\office\\16.0\\visio\\autoformat as you type","valueName":"smileys"},{"parentCategory":{"ref":"L_Miscellaneous"},"supportedOn":{"ref":"windows:SUPPORTED_Windows7"},"elements":{"items":[{"valueName":"sendtoemailmsgstring","requiredSpecified":false,"expandableSpecified":false,"maxLength":2147483647,"maxLengthSpecified":false,"inputType":"textBox","caption":"[傳送到] 命令的電子郵件訊息","id":"L_emailmessageforsendtocommands101"}]},"name":"L_EmailmessageforSendtocommands","displayName":"[傳送到] 命令的電子郵件訊息","explainText":"[檔案] 功能表的 [傳送到] 子功能表中的命令。","tags":["L_Miscellaneous","L_MicrosoftVisio"],"application":"visio16","key":"software\\microsoft\\office\\16.0\\visio\\application"},{"parentCategory":{"ref":"L_Display"},"supportedOn":{"ref":"windows:SUPPORTED_Windows7"},"elements":{"items":[{"valueName":"max display","minValue":0,"minValueSpecified":true,"maxValue":50,"maxValueSpecified":true,"inputType":"decimalTextBox","caption":"項目數: ","id":"L_Numberofentries"}]},"name":"L_Recentlyusedfilelist","displayName":"[最近使用的繪圖] 清單中的項目數","explainText":"此原則設定可指定當使用者在 Backstage 檢視中按一下 [檔案] 索引標籤的 [開啟舊檔] 時，[最近使用的繪圖] 清單中顯示的項目數。  \n\n如果啟用此原則設定，您可以將項目數指定為介於 0 和 50 之間的數字。如果將數字設定為 0，則所有已固定和取消固定的項目都會隱藏顯示。\n\n如果停用或未設定此原則設定，則 [最近使用的繪圖] 清單中最多將顯示 25 個項目。\n\n注意: 若要避免將項目全部新增到 [最近使用的繪圖] 清單中，您可以啟用 Windows 的 [不保留最近開啟文件的記錄] 原則設定。","tags":["L_Display","L_Advanced","L_VisioOptions","L_MicrosoftVisio"],"application":"visio16","key":"software\\microsoft\\office\\16.0\\visio\\file mru"},{"parentCategory":{"ref":"L_Display"},"supportedOn":{"ref":"windows:SUPPORTED_Windows7"},"elements":{"items":[{"valueName":"max display","minValue":0,"minValueSpecified":true,"maxValue":20,"maxValueSpecified":true,"inputType":"decimalTextBox","caption":"資料夾數: ","id":"L_SetNumberOfPlacesInTheRecentPlacesListSpinID"}]},"name":"L_SetNumberOfPlacesInTheRecentPlacesList","displayName":"[最近使用的資料夾] 清單中的資料夾數","explainText":"此原則設定可指定當使用者在 Backstage 檢視中按一下 [檔案] 索引標籤的 [開啟舊檔] 或 [另存新檔] 時，[最近使用的資料夾] 清單中顯示的取消固定項目數。\n\n如果啟用此原則設定，您可以將取消固定項目數指定為介於 0 和 20 之間的數字。如果將數字設定為 0，則所有已固定和取消固定的項目都會隱藏顯示。\n\n如果停用或未設定此原則設定，則 [最近使用的資料夾] 清單中最多將顯示 5 個取消固定的項目。\n\n注意: 若要避免將項目全部新增到 [最近使用的資料夾] 清單中，您可以啟用 Windows 的 [不保留最近開啟文件的記錄] 原則設定。","tags":["L_Display","L_Advanced","L_VisioOptions","L_MicrosoftVisio"],"application":"visio16","key":"software\\microsoft\\office\\16.0\\visio\\place mru"},{"parentCategory":{"ref":"L_Miscellaneous"},"supportedOn":{"ref":"windows:SUPPORTED_Windows7"},"enabledValue":{"decimal":{"value":1}},"disabledValue":{"decimal":{"value":0}},"name":"L_DisableOfficeStartVisio","displayName":"停用 Visio 的 Office 開始畫面","explainText":"此原則設定可控制在 Visio 啟動時，是否會出現 Office 開始畫面。\n\n如果啟用此原則設定，使用者在啟動 Visio 時，不會看到 Office 開始畫面。\n\n如果停用或未設定此原則設定，使用者在啟動 Visio 時，就會看到 Office 開始畫面。\n\n注意: 如果您已設定「[Microsoft Office 2016] > [其他] > [停用所有 Office 應用程式的 Office 開始畫面]」原則設定，該原則設定就會覆寫此原則設定。","tags":["L_Miscellaneous","L_MicrosoftVisio"],"application":"visio16","key":"software\\microsoft\\office\\16.0\\visio\\application","valueName":"disableboottoofficestart"},{"parentCategory":{"ref":"L_Miscellaneous"},"supportedOn":{"ref":"windows:SUPPORTED_Windows7"},"elements":{"items":[{"valueName":"personaltemplates","requiredSpecified":false,"expandable":true,"expandableSpecified":true,"maxLength":2147483647,"maxLengthSpecified":false,"inputType":"textBox","caption":"個人範本路徑","id":"L_PersonalTemplatesPath"}]},"name":"L_PersonalTemplatesPath","displayName":"Visio 的個人範本路徑","explainText":"此原則設定可指定使用者個人範本的位置。\n\n如果您啟用此原則設定，使用者在 Office 開始畫面及 [檔案] | [新增] 的自訂範本索引標籤中，會看到其已儲存在指定位置內的所有範本，而且在儲存範本時，其預設資料夾會變更為指定的位置。\n\n如果您停用或未設定此原則設定，使用者在 Office 開始畫面及 [檔案] | [新增] 的自訂範本索引標籤中，便不會看到其已儲存的範本，而且在儲存範本時，其預設資料夾就會是其文件儲存位置。","tags":["L_Miscellaneous","L_MicrosoftVisio"],"application":"visio16","key":"software\\microsoft\\office\\16.0\\visio\\application"},{"parentCategory":{"ref":"L_Miscellaneous"},"supportedOn":{"ref":"windows:SUPPORTED_Windows7"},"elements":{"items":[{"item":[{"value":{"decimal":{"value":0}},"displayName":"特色"},{"value":{"decimal":{"value":2}},"displayName":"內建"},{"value":{"decimal":{"value":1}},"displayName":"自訂"}],"valueName":"officestartdefaulttab","inputType":"dropdownList","caption":"預設索引標籤","id":"L_DefaultBuiltInTab"}]},"name":"L_DefaultBuiltInTab","displayName":"在 Visio 的 Office 開始畫面及 [檔案] | [新增] 中顯示預設索引標籤\n","explainText":"此原則設定會控制在 Visio 的 Office 開始畫面及 [檔案] | [開新檔案] 所顯示的預設索引標籤為何。\n\n如果啟用此原則設定，您可以從兩個選項擇其一，作為 Office 開始畫面及 [檔案] | [開新檔案] 的預設索引標籤:\n\n* 內建 – 使用者在 Visio 的 Office 開始畫面和 [檔案] | [開新檔案] 上看到的預設索引標籤，是內建範本索引標籤。\n\n* 自訂 – 如果有範本 (包括自訂 XML 程式化的範本、工作群組範本路徑中的範本、個人範本路徑中的範本，或 SharePoint 範本)，使用者在 Visio 的 Office 開始畫面和 [檔案] | [開新檔案] 上看到的預設索引標籤，是自訂範本索引標籤。\n\n如果停用或未設定此原則設定，使用者在 Visio 的 Office 開始畫面和 [檔案] | [開新檔案] 上看到的預設索引標籤，是 [精選範本] 索引標籤","tags":["L_Miscellaneous","L_MicrosoftVisio"],"application":"visio16","key":"software\\microsoft\\office\\16.0\\visio\\application"},{"parentCategory":{"ref":"L_Advanced"},"supportedOn":{"ref":"windows:SUPPORTED_Windows7"},"enabledList":[{"value":{"string":"true"},"valueName":"Microsoft.Office.UXPlatform.FluentSVRefresh"},{"value":{"string":"true"},"valueName":"Microsoft.Office.UXPlatform.RibbonTouchOptimization"},{"value":{"string":"true"},"valueName":"Microsoft.Office.UXPlatform.FluentSVRibbonOptionsMenu"}],"disabledList":[{"value":{"string":"false"},"valueName":"Microsoft.Office.UXPlatform.FluentSVRefresh"},{"value":{"string":"false"},"valueName":"Microsoft.Office.UXPlatform.RibbonTouchOptimization"},{"value":{"string":"false"},"valueName":"Microsoft.Office.UXPlatform.FluentSVRibbonOptionsMenu"}],"name":"L_visioVisualRefresh","displayName":"Visual Refresh 設定","explainText":"設定是否開啟 Visual Refresh。可能對某些版本的 Office 無效。\n\n資料由 Office Tool Plus 提供。","tags":["L_Advanced"],"application":"visio16","key":"Software\\Microsoft\\Office\\16.0\\Common\\ExperimentConfigs\\ExternalFeatureOverrides\\visio"}]}