{"categories":[{"name":"L_MicrosoftOfficeOneNote","displayName":"Microsoft OneNote 2016"},{"parentCategory":{"ref":"L_MicrosoftOfficeOneNote"},"name":"L_OneNoteOptions","displayName":"OneNote 選項"},{"parentCategory":{"ref":"L_OneNoteOptions"},"name":"L_Display","displayName":"顯示"},{"parentCategory":{"ref":"L_OneNoteOptions"},"name":"L_Editing","displayName":"編輯"},{"parentCategory":{"ref":"L_OneNoteOptions"},"name":"L_Pen","displayName":"畫筆"},{"parentCategory":{"ref":"L_OneNoteOptions"},"name":"L_Email","displayName":"電子郵件"},{"parentCategory":{"ref":"L_OneNoteOptions"},"name":"L_Security","displayName":"安全性"},{"parentCategory":{"ref":"L_Security"},"name":"L_Cryptography","displayName":"密碼編譯"},{"parentCategory":{"ref":"L_OneNoteOptions"},"name":"L_NoteFlags","displayName":"筆記標幟"},{"parentCategory":{"ref":"L_OneNoteOptions"},"name":"L_AudioandVideo","displayName":"音訊及視訊"},{"parentCategory":{"ref":"L_OneNoteOptions"},"name":"L_Save","displayName":"儲存"},{"parentCategory":{"ref":"L_OneNoteOptions"},"name":"L_Password","displayName":"密碼"},{"parentCategory":{"ref":"L_OneNoteOptions"},"name":"L_Backup","displayName":"備份"},{"parentCategory":{"ref":"L_OneNoteOptions"},"name":"L_SendToOneNote","displayName":"傳送至 OneNote"},{"parentCategory":{"ref":"L_OneNoteOptions"},"name":"L_Addins","displayName":"增益集"},{"parentCategory":{"ref":"L_OneNoteOptions"},"name":"L_Spelling","displayName":"拼字檢查"},{"parentCategory":{"ref":"L_OneNoteOptions"},"name":"L_VersionsAndRecyleBin","displayName":"版本和資源回收筒"},{"parentCategory":{"ref":"L_OneNoteOptions"},"name":"L_Other","displayName":"其他"}],"policies":[{"parentCategory":{"ref":"L_Display"},"supportedOn":{"ref":"windows:SUPPORTED_Windows7"},"elements":{"items":[{"item":[{"value":{"decimal":{"value":0}},"displayName":"右"},{"value":{"decimal":{"value":1}},"displayName":"左"}],"valueName":"pagetabsonleft","inputType":"dropdownList","caption":"指定頁面索引標籤控制項的位置:","id":"L_Specifylocationofthepagetabcontrol"}]},"name":"L_Pagetabsappearontheleft","displayName":"頁面索引標籤顯示在左邊","explainText":"右: 取消核取 [頁面索引標籤出現在左邊] 選項。| 左: 核取 [頁面索引標籤出現在左邊] 選項。","tags":["L_Display","L_OneNoteOptions","L_MicrosoftOfficeOneNote"],"application":"onent16","key":"software\\microsoft\\office\\16.0\\onenote\\options\\other"},{"parentCategory":{"ref":"L_Display"},"supportedOn":{"ref":"windows:SUPPORTED_Windows7"},"enabledValue":{"decimal":{"value":1}},"disabledValue":{"decimal":{"value":0}},"name":"L_Verticalscrollbarappearsonleft","displayName":"垂直捲軸出現在左邊","explainText":"核取/取消核取相對應的 UI 選項。","tags":["L_Display","L_OneNoteOptions","L_MicrosoftOfficeOneNote"],"application":"onent16","key":"software\\microsoft\\office\\16.0\\onenote\\options\\other","valueName":"vertscrollbaronleft"},{"parentCategory":{"ref":"L_Display"},"supportedOn":{"ref":"windows:SUPPORTED_Windows7"},"enabledValue":{"decimal":{"value":1}},"disabledValue":{"decimal":{"value":0}},"name":"L_ShowNoteContainers","displayName":"顯示 [筆記容器]","explainText":"核取/取消核取相對應的 UI 選項。","tags":["L_Display","L_OneNoteOptions","L_MicrosoftOfficeOneNote"],"application":"onent16","key":"software\\microsoft\\office\\16.0\\onenote\\options\\other","valueName":"shownotecontainers"},{"parentCategory":{"ref":"L_Display"},"supportedOn":{"ref":"windows:SUPPORTED_Windows7"},"enabledValue":{"decimal":{"value":0}},"disabledValue":{"decimal":{"value":1}},"name":"L_Navigationbarappearsontheright","displayName":"導覽列顯示於右邊","explainText":"此選項可指定導覽列顯示位置。","tags":["L_Display","L_OneNoteOptions","L_MicrosoftOfficeOneNote"],"application":"onent16","key":"software\\microsoft\\office\\16.0\\onenote\\options\\other","valueName":"navbaronleft"},{"parentCategory":{"ref":"L_Editing"},"supportedOn":{"ref":"windows:SUPPORTED_Windows7"},"enabledValue":{"decimal":{"value":0}},"disabledValue":{"decimal":{"value":1}},"name":"L_TurnOffLinkCreationWith","displayName":"關閉以 [[ ]] 建立連結","explainText":"此原則設定可讓您關閉以 [[ ]] 建立連結的功能。在 OneNote 中，使用者可在字詞前後加上 [[ ]] 來自動建立連結。此時 OneNote 就會在該節自動建立新頁面，並在該段文字上建立連結。\n\n如果啟用此原則設定，使用者就無法以 [[ ]] 建立連結和新頁面。\n\n如果停用或未設定此原則設定，使用者使用 [[ ]] 時，OneNote 會自動建立連結。","tags":["L_Editing","L_OneNoteOptions","L_MicrosoftOfficeOneNote"],"application":"onent16","key":"software\\microsoft\\office\\16.0\\onenote\\options\\editing","valueName":"wikilink"},{"parentCategory":{"ref":"L_Editing"},"supportedOn":{"ref":"windows:SUPPORTED_Windows7"},"enabledValue":{"decimal":{"value":0}},"disabledValue":{"decimal":{"value":1}},"name":"L_Turnoffautocalculator","displayName":"關閉自動計算機","explainText":"此選項可開啟/關閉自動計算機功能。","tags":["L_Editing","L_OneNoteOptions","L_MicrosoftOfficeOneNote"],"application":"onent16","key":"software\\microsoft\\office\\16.0\\onenote\\options\\editing","valueName":"autocalculate"},{"parentCategory":{"ref":"L_Editing"},"supportedOn":{"ref":"windows:SUPPORTED_Windows7"},"enabledValue":{"decimal":{"value":1}},"disabledValue":{"decimal":{"value":0}},"name":"L_ShowPasteOptionsbuttons","displayName":"顯示 [貼上選項] 按鈕","explainText":"核取/取消核取相對應的 UI 選項。","tags":["L_Editing","L_OneNoteOptions","L_MicrosoftOfficeOneNote"],"application":"onent16","key":"software\\microsoft\\office\\16.0\\onenote\\options\\other","valueName":"pasteooui"},{"parentCategory":{"ref":"L_Editing"},"supportedOn":{"ref":"windows:SUPPORTED_Windows7"},"enabledValue":{"decimal":{"value":1}},"disabledValue":{"decimal":{"value":0}},"name":"L_AutoNumberingRecognition","displayName":"自動編號辨識","explainText":"核取/取消核取 [自動套用編號到清單] 選項。","tags":["L_Editing","L_OneNoteOptions","L_MicrosoftOfficeOneNote"],"application":"onent16","key":"software\\microsoft\\office\\16.0\\onenote\\options\\editing","valueName":"numbering auto reco"},{"parentCategory":{"ref":"L_Editing"},"supportedOn":{"ref":"windows:SUPPORTED_Windows7"},"enabledValue":{"decimal":{"value":1}},"disabledValue":{"decimal":{"value":0}},"name":"L_AutoBulletRecognition","displayName":"自動項目符號辨識","explainText":"核取/取消核取 [自動套用項目符號到清單] 選項。","tags":["L_Editing","L_OneNoteOptions","L_MicrosoftOfficeOneNote"],"application":"onent16","key":"software\\microsoft\\office\\16.0\\onenote\\options\\editing","valueName":"bullet auto reco"},{"parentCategory":{"ref":"L_Editing"},"supportedOn":{"ref":"windows:SUPPORTED_Windows7"},"elements":{"items":[{"valueName":"defaultfontface","requiredSpecified":false,"expandableSpecified":false,"maxLength":2147483647,"maxLengthSpecified":false,"inputType":"textBox","caption":"字型:","id":"L_Font"}]},"name":"L_DefaultFontName","displayName":"預設字型名稱","explainText":"指定 [字型] 選項中的值。","tags":["L_Editing","L_OneNoteOptions","L_MicrosoftOfficeOneNote"],"application":"onent16","key":"software\\microsoft\\office\\16.0\\onenote\\options\\editing"},{"parentCategory":{"ref":"L_Editing"},"supportedOn":{"ref":"windows:SUPPORTED_Windows7"},"elements":{"items":[{"valueName":"defaultfontsize","requiredSpecified":false,"expandableSpecified":false,"maxLength":2147483647,"maxLengthSpecified":false,"inputType":"textBox","caption":"字型大小:","id":"L_FontSize"}]},"name":"L_DefaultFontSize","displayName":"預設字型大小","explainText":"指定 [大小] 選項中的值。","tags":["L_Editing","L_OneNoteOptions","L_MicrosoftOfficeOneNote"],"application":"onent16","key":"software\\microsoft\\office\\16.0\\onenote\\options\\editing"},{"parentCategory":{"ref":"L_Editing"},"supportedOn":{"ref":"windows:SUPPORTED_Windows7"},"enabledValue":{"decimal":{"value":1}},"disabledValue":{"decimal":{"value":0}},"name":"L_AutoKeyboardSwitching","displayName":"自動鍵盤切換","explainText":"核取/取消核取 [自動鍵盤切換] 選項","tags":["L_Editing","L_OneNoteOptions","L_MicrosoftOfficeOneNote"],"application":"onent16","key":"software\\microsoft\\office\\16.0\\onenote\\options\\language","valueName":"autokeyboard"},{"parentCategory":{"ref":"L_Editing"},"supportedOn":{"ref":"windows:SUPPORTED_Windows7"},"enabledValue":{"decimal":{"value":1}},"disabledValue":{"decimal":{"value":0}},"name":"L_IncludelinktosourcewhenpastingfromtheInternet","displayName":"從網際網路貼上時包含來源的連結","explainText":"核取/取消核取相對應的 UI 選項。","tags":["L_Editing","L_OneNoteOptions","L_MicrosoftOfficeOneNote"],"application":"onent16","key":"software\\microsoft\\office\\16.0\\onenote\\options\\editing","valueName":"pasteincludeurl"},{"parentCategory":{"ref":"L_Pen"},"supportedOn":{"ref":"windows:SUPPORTED_Windows7"},"enabledValue":{"decimal":{"value":1}},"disabledValue":{"decimal":{"value":0}},"name":"L_DisableScratchout","displayName":"停用平滑","explainText":"使用筆跡時停用三筆塗銷。","tags":["L_Pen","L_OneNoteOptions","L_MicrosoftOfficeOneNote"],"application":"onent16","key":"software\\microsoft\\office\\16.0\\onenote\\options\\pen","valueName":"disablescratchout"},{"parentCategory":{"ref":"L_Pen"},"supportedOn":{"ref":"windows:SUPPORTED_Windows7"},"enabledValue":{"decimal":{"value":1}},"disabledValue":{"decimal":{"value":0}},"name":"L_Createallnewpageswithrulelines","displayName":"使用對齊線建立所有新頁面","explainText":"核取/取消核取相對應的 UI 選項。","tags":["L_Pen","L_OneNoteOptions","L_MicrosoftOfficeOneNote"],"application":"onent16","key":"software\\microsoft\\office\\16.0\\onenote\\options\\pen","valueName":"userulelines"},{"parentCategory":{"ref":"L_Pen"},"supportedOn":{"ref":"windows:SUPPORTED_Windows7"},"enabledValue":{"decimal":{"value":1}},"disabledValue":{"decimal":{"value":0}},"name":"L_Usepenpressuresensitivity","displayName":"使用筆壓感應","explainText":"核取/取消核取相對應的 UI 選項。","tags":["L_Pen","L_OneNoteOptions","L_MicrosoftOfficeOneNote"],"application":"onent16","key":"software\\microsoft\\office\\16.0\\onenote\\options\\pen","valueName":"inkpressure"},{"parentCategory":{"ref":"L_Pen"},"supportedOn":{"ref":"windows:SUPPORTED_Windows7"},"enabledValue":{"decimal":{"value":1}},"disabledValue":{"decimal":{"value":0}},"name":"L_AutomaticallyswitchbetweenPenandSelectionTool","displayName":"自動於畫筆和選取工具間切換","explainText":"核取/取消核取相對應的 UI 選項。","tags":["L_Pen","L_OneNoteOptions","L_MicrosoftOfficeOneNote"],"application":"onent16","key":"software\\microsoft\\office\\16.0\\onenote\\options\\pen","valueName":"automodeswitch"},{"parentCategory":{"ref":"L_Pen"},"supportedOn":{"ref":"windows:SUPPORTED_Windows7"},"enabledValue":{"decimal":{"value":1}},"disabledValue":{"decimal":{"value":0}},"name":"L_ShowTabletPCInputPanelonOneNotepages","displayName":"在 OneNote 頁面顯示平板電腦輸入面板","explainText":"啟用此原則以在 OneNote 頁面顯示平板電腦輸入面板。","tags":["L_Pen","L_OneNoteOptions","L_MicrosoftOfficeOneNote"],"application":"onent16","key":"software\\microsoft\\office\\16.0\\onenote\\options\\pen","valueName":"showtabletpcinputpanel"},{"parentCategory":{"ref":"L_Email"},"supportedOn":{"ref":"windows:SUPPORTED_Windows7"},"enabledValue":{"decimal":{"value":1}},"disabledValue":{"decimal":{"value":0}},"name":"L_AttachEmbeddedFilesToTheEmail","displayName":"以不同的檔案附加內嵌檔案至電子郵件訊息","explainText":"此原則設定可讓您設定 [檔案] 索引標籤 | [選項] | [進階] | [從 OneNote 傳送的電子郵件] 之下的 [以不同的檔案附加內嵌檔案至電子郵件訊息] 選項。\n\n如果啟用或未設定此原則設定，會以不同的檔案附加內嵌檔案至電子郵件訊息。\n\n如果停用此原則設定，便不會以不同的檔案附加內嵌檔案至電子郵件訊息。","tags":["L_Email","L_OneNoteOptions","L_MicrosoftOfficeOneNote"],"application":"onent16","key":"software\\microsoft\\office\\16.0\\onenote\\options","valueName":"email embedded files"},{"parentCategory":{"ref":"L_Email"},"supportedOn":{"ref":"windows:SUPPORTED_Windows7"},"enabledValue":{"decimal":{"value":1}},"disabledValue":{"decimal":{"value":0}},"name":"L_AllowOneNoteemailattachments","displayName":"允許 OneNote 電子郵件附件","explainText":"核取/取消核取 [附加原始筆記複本做為 OneNote 檔案] 選項。","tags":["L_Email","L_OneNoteOptions","L_MicrosoftOfficeOneNote"],"application":"onent16","key":"software\\microsoft\\office\\16.0\\onenote\\options","valueName":"email attachment"},{"parentCategory":{"ref":"L_Email"},"supportedOn":{"ref":"windows:SUPPORTED_Windows7"},"enabledValue":{"decimal":{"value":1}},"disabledValue":{"decimal":{"value":0}},"name":"L_AddsignaturetoOneNoteemailmessages","displayName":"新增簽章至 OneNote 電子郵件訊息","explainText":"核取/取消核取 [新增下列簽名至 OneNote 產生的電子郵件訊息與網頁] 選項。","tags":["L_Email","L_OneNoteOptions","L_MicrosoftOfficeOneNote"],"application":"onent16","key":"software\\microsoft\\office\\16.0\\onenote\\options\\other","valueName":"emailsignature"},{"parentCategory":{"ref":"L_Email"},"supportedOn":{"ref":"windows:SUPPORTED_Windows7"},"elements":{"items":[{"valueName":"signature","requiredSpecified":false,"expandableSpecified":false,"maxLength":2147483647,"maxLengthSpecified":false,"inputType":"textBox","caption":"輸入 OneNote 電子郵件使用的簽章","id":"L_EntersignaturetouseforOneNoteemail"}]},"name":"L_UsethissignatureforOneNoteemail","displayName":"使用此 OneNote 電子郵件簽章","explainText":"設定 [新增下列簽名至 OneNote 產生的電子郵件訊息與網頁] 選項中的值。","tags":["L_Email","L_OneNoteOptions","L_MicrosoftOfficeOneNote"],"application":"onent16","key":"software\\microsoft\\office\\16.0\\onenote\\options\\other"},{"parentCategory":{"ref":"L_NoteFlags"},"supportedOn":{"ref":"windows:SUPPORTED_Windows7"},"enabledValue":{"decimal":{"value":1}},"disabledValue":{"decimal":{"value":0}},"name":"L_Copyitemswhenmovingthem","displayName":"移動時複製項目","explainText":"此原則設定可讓您設定加有標籤的筆記。\n\n如果啟用或未設定此原則設定，會核取 [正常顯示原有筆記標籤]。\n\n如果停用此原則設定，則會核取 [灰暗顯示原有筆記標籤]。","tags":["L_NoteFlags","L_OneNoteOptions","L_MicrosoftOfficeOneNote"],"application":"onent16","key":"software\\microsoft\\office\\16.0\\onenote\\options\\other","valueName":"duplicatenoteflag"},{"parentCategory":{"ref":"L_NoteFlags"},"supportedOn":{"ref":"windows:SUPPORTED_Windows7"},"enabledValue":{"decimal":{"value":1}},"disabledValue":{"decimal":{"value":0}},"name":"L_ShowDimmedTaggedNotesInTheTagsSummaryTaskPane","displayName":"在 [標籤摘要] 工作窗格顯示灰暗的筆記標籤","explainText":"勾選/取消勾選 [在 [標籤摘要] 工作窗格顯示灰暗的筆記標籤] 選項。","tags":["L_NoteFlags","L_OneNoteOptions","L_MicrosoftOfficeOneNote"],"application":"onent16","key":"software\\microsoft\\office\\16.0\\onenote\\options\\other","valueName":"showinactivenoteflag"},{"parentCategory":{"ref":"L_AudioandVideo"},"supportedOn":{"ref":"windows:SUPPORTED_Windows7"},"enabledValue":{"decimal":{"value":0}},"disabledValue":{"decimal":{"value":1}},"name":"L_Disableaudosearch","displayName":"停用音訊搜尋","explainText":"停用 OneNote 音訊搜尋功能。","tags":["L_AudioandVideo","L_OneNoteOptions","L_MicrosoftOfficeOneNote"],"application":"onent16","key":"software\\microsoft\\office\\16.0\\onenote\\options\\other","valueName":"enableaudiosearch"},{"parentCategory":{"ref":"L_AudioandVideo"},"supportedOn":{"ref":"windows:SUPPORTED_Windows7"},"enabledValue":{"decimal":{"value":1}},"disabledValue":{"decimal":{"value":0}},"name":"L_DisableLinkedAudiofeature","displayName":"停用連結的音訊功能","explainText":"此原則設定可讓您設定 [插入] 索引標籤中的 [錄製音訊] 和 [錄製視訊] 命令。\n\n如果啟用此原則設定，這些命令將無法使用。\n\n如果停用或未設定此原則，這些命令可以使用。","tags":["L_AudioandVideo","L_OneNoteOptions","L_MicrosoftOfficeOneNote"],"application":"onent16","key":"software\\microsoft\\office\\16.0\\onenote\\options\\audio","valueName":"disablerecording"},{"parentCategory":{"ref":"L_AudioandVideo"},"supportedOn":{"ref":"windows:SUPPORTED_Windows7"},"elements":{"items":[{"valueName":"defaultbitdepth","minValue":8,"minValueSpecified":true,"maxValue":48,"maxValueSpecified":true,"inputType":"decimalTextBox","caption":"位元:","id":"L_Bits"}]},"name":"L_Specifynumberofbitstosamplewhenrecording","displayName":"指定錄製取樣時的位元數","explainText":"指定錄製音訊時，每個取樣使用的預設位元數 (值以 kbps 為單位)。如果找到適當的轉碼器，則此為 [檔案] 索引標籤 | [選項] | [音訊及視訊] 之下的 [格式] 設定中，[連結的音訊] 使用的預設位元深度。","tags":["L_AudioandVideo","L_OneNoteOptions","L_MicrosoftOfficeOneNote"],"application":"onent16","key":"software\\microsoft\\office\\16.0\\onenote\\options\\audio"},{"parentCategory":{"ref":"L_AudioandVideo"},"supportedOn":{"ref":"windows:SUPPORTED_Windows7"},"elements":{"items":[{"valueName":"defaultsamplerate","minValue":8,"minValueSpecified":true,"maxValue":192,"maxValueSpecified":true,"inputType":"decimalTextBox","caption":"位元/秒:","id":"L_BitsSecond"}]},"name":"L_Specifyratetosampleaudiobitssecond","displayName":"指定音訊取樣的頻率 (位元/秒)","explainText":"指定錄製音訊時使用的預設取樣率 (值以 kHz 為單位)。如果找到適當的轉碼器，則此為 [檔案] 索引標籤 | [選項] | [音訊及視訊] 之下的 [格式] 設定中，[連結的音訊] 使用的預設取樣率。","tags":["L_AudioandVideo","L_OneNoteOptions","L_MicrosoftOfficeOneNote"],"application":"onent16","key":"software\\microsoft\\office\\16.0\\onenote\\options\\audio"},{"parentCategory":{"ref":"L_AudioandVideo"},"supportedOn":{"ref":"windows:SUPPORTED_Windows7"},"elements":{"items":[{"valueName":"defaultchannels","minValue":1,"minValueSpecified":true,"maxValue":2,"maxValueSpecified":true,"inputType":"decimalTextBox","caption":"頻道 (1-2):","id":"L_Channels12"}]},"name":"L_Specifynumberofchannelstorecord","displayName":"指定要錄製的頻道數","explainText":"指定錄製音訊時使用 1 或 2 個聲道。如果找到適當的轉碼器，則此為 [檔案] 索引標籤 | [選項] | [音訊及視訊] 之下的 [格式] 設定中，[連結的音訊] 使用的預設聲道數。","tags":["L_AudioandVideo","L_OneNoteOptions","L_MicrosoftOfficeOneNote"],"application":"onent16","key":"software\\microsoft\\office\\16.0\\onenote\\options\\audio"},{"parentCategory":{"ref":"L_AudioandVideo"},"supportedOn":{"ref":"windows:SUPPORTED_Windows7"},"elements":{"items":[{"valueName":"rewind","minValue":0,"minValueSpecified":true,"maxValue":999,"maxValueSpecified":true,"inputType":"decimalTextBox","caption":"倒帶至段落開始處 (秒)","id":"L_Rewindfromstartofparagraphbysec"}]},"name":"L_Rewindfromstartofparagraphbythefollowingnumberofseconds","displayName":"從段落開始處倒帶下列秒數","explainText":"設定對應的 UI 選項中的值。","tags":["L_AudioandVideo","L_OneNoteOptions","L_MicrosoftOfficeOneNote"],"application":"onent16","key":"software\\microsoft\\office\\16.0\\onenote\\options\\audio"},{"parentCategory":{"ref":"L_AudioandVideo"},"supportedOn":{"ref":"windows:SUPPORTED_Windows7"},"elements":{"items":[{"item":[{"value":{"string":"Windows Media Video 8 for Color Pocket PCs (150 Kbps)"},"displayName":"彩色 Pocket PC (150 Kbps)"},{"value":{"string":"Windows Media Video 8 for Dial-up Modems or Single-channel ISDN (28.8 to 56 Kbps)"},"displayName":"撥接數據機或單通道 ISDN (28.8 至 56 Kbps)"},{"value":{"string":"Windows Media Video 8 for LAN, Cable Modem, or xDSL (100 to 768 Kbps)"},"displayName":"區域網路、纜線數據機或 xDSL (100 至 768 Kbps)"},{"value":{"string":"Windows Media Video 8 for Dial-up Modems or LAN (28.8 to 100 Kbps)"},"displayName":"撥接數據機或區域網路 (28.8 至 100 Kbps)"},{"value":{"string":"Windows Media Video 8 for Dial-up Modems (28.8 Kbps)"},"displayName":"撥接數據機 (28.8 Kbps)"},{"value":{"string":"Windows Media Video 8 for Dial-up Modems (56 Kbps)"},"displayName":"撥接數據機 (56 Kbps)"},{"value":{"string":"Windows Media Video 8 for Local Area Network (100 Kbps)"},"displayName":"區域網路 (100 Kbps)"},{"value":{"string":"Windows Media Video 8 for Local Area Network (256 Kbps)"},"displayName":"區域網路 (256 Kbps)"},{"value":{"string":"Windows Media Video 8 for Local Area Network (384 Kbps)"},"displayName":"區域網路 (384 Kbps)"},{"value":{"string":"Windows Media Video 8 for Broadband (NTSC, 700 Kbps)"},"displayName":"寬頻 (NTSC, 700 Kbps)"},{"value":{"string":"Windows Media Video 8 for Broadband (NTSC, 1400 Kbps)"},"displayName":"寬頻 (NTSC, 1400 Kbps)"},{"value":{"string":"Windows Media Video 8 for Broadband (PAL, 384 Kbps)"},"displayName":"寬頻 (PAL, 384 Kbps)"},{"value":{"string":"Windows Media Video 8 for Broadband (PAL, 700 Kbps)"},"displayName":"寬頻 (PAL, 700 Kbps)"}],"valueName":"videocaptureprofile","inputType":"dropdownList","caption":"選擇 Windows Media Video 8 轉碼器:","id":"L_ChoosetheWindowsMediaVideo8codec"}]},"name":"L_ChoosedefaultcodectobeusedforVideonotebook","displayName":"選擇視訊筆記本使用的預設轉碼器","explainText":"此選項將設定 OneNote 對於在 OneNote 中建立的視訊錄製使用的預設轉碼器。","tags":["L_AudioandVideo","L_OneNoteOptions","L_MicrosoftOfficeOneNote"],"application":"onent16","key":"software\\microsoft\\office\\16.0\\onenote\\options\\audio"},{"parentCategory":{"ref":"L_Cryptography"},"supportedOn":{"ref":"windows:SUPPORTED_Windows7"},"elements":{"items":[{"valueName":"cipheralgorithm","required":true,"requiredSpecified":true,"expandableSpecified":false,"maxLength":2147483647,"maxLengthSpecified":false,"inputType":"textBox","caption":"CNG 加密演算法:","id":"L_SetCNGCipherAlgorithmID"}]},"name":"L_SetCNGCipherAlgorithm","displayName":"設定 CNG 加密演算法","explainText":"此原則設定允許您設定所使用的 CNG 加密演算法。\n\n如果啟用此原則設定，當提供的加密屬於受支援的演算法時，即會採用。\n\n如果停用或未設定此原則設定，則會使用 AES。","tags":["L_Cryptography","L_Security","L_OneNoteOptions","L_MicrosoftOfficeOneNote"],"application":"onent16","key":"software\\microsoft\\office\\16.0\\onenote\\security\\crypto"},{"parentCategory":{"ref":"L_Cryptography"},"supportedOn":{"ref":"windows:SUPPORTED_Windows7"},"elements":{"items":[{"item":[{"value":{"string":"ChainingModeCBC"},"displayName":"加密區塊鏈結 (CBC)"},{"value":{"string":"ChainingModeCFB"},"displayName":"加密回饋 (CFB)"}],"valueName":"cipherchaining","inputType":"dropdownList","id":"L_ConfigureCNGCipherChainingModeDropID"}]},"name":"L_ConfigureCNGCipherChainingMode","displayName":"設定 CNG 加密鏈結模式","explainText":"此原則設定允許您設定所使用的加密鏈結模式。\n\n如果啟用此原則設定，則會套用指定的加密鏈結模式。\n\n如果停用或未設定此原則設定，則會以加密區塊鏈結 (CBC) 做為預設的 CNG 加密鏈結模式來使用。","tags":["L_Cryptography","L_Security","L_OneNoteOptions","L_MicrosoftOfficeOneNote"],"application":"onent16","key":"software\\microsoft\\office\\16.0\\onenote\\security\\crypto"},{"parentCategory":{"ref":"L_Cryptography"},"supportedOn":{"ref":"windows:SUPPORTED_Windows7"},"elements":{"items":[{"valueName":"cipherkeybits","minValue":0,"minValueSpecified":true,"maxValue":1000000,"maxValueSpecified":true,"inputType":"decimalTextBox","caption":"加密金鑰長度","id":"L_SetCNGCipherKeyLengthSpinID"}]},"name":"L_SetCNGCipherKeyLength","displayName":"設定 CNG 加密金鑰長度","explainText":"此原則設定允許您設定建立加密金鑰時所使用的位元數目。此數目會四捨五入至 8 的倍數。\n\n如果啟用此原則設定，則會使用指定的金鑰位元數目。\n\n如果停用或未設定此原則設定，則會使用預設值。","tags":["L_Cryptography","L_Security","L_OneNoteOptions","L_MicrosoftOfficeOneNote"],"application":"onent16","key":"software\\microsoft\\office\\16.0\\onenote\\security\\crypto"},{"parentCategory":{"ref":"L_Cryptography"},"supportedOn":{"ref":"windows:SUPPORTED_Windows7"},"elements":{"items":[{"item":[{"value":{"decimal":{"value":0}},"displayName":"使用舊版格式"},{"value":{"decimal":{"value":1}},"displayName":"使用新一代格式"},{"value":{"decimal":{"value":2}},"displayName":"所有檔案以新一代格式儲存"}],"valueName":"compatmode","inputType":"dropdownList","id":"L_SpecifyEncryptionCompatibilityDropID"}]},"name":"L_SpecifyEncryptionCompatibility","displayName":"指定加密相容性","explainText":"此原則設定允許您指定加密資料庫的相容性。\n\n如果啟用此原則設定，當為新檔案加密時，會套用指定的相容性格式。\n- 使用舊版格式\n- 使用新一代格式\n- 所有檔案以新一代格式儲存\n\n如果停用或未設定此原則設定，則會套用預設設定 [使用新一代格式]。","tags":["L_Cryptography","L_Security","L_OneNoteOptions","L_MicrosoftOfficeOneNote"],"application":"onent16","key":"software\\microsoft\\office\\16.0\\onenote\\security\\crypto"},{"parentCategory":{"ref":"L_Cryptography"},"supportedOn":{"ref":"windows:SUPPORTED_Windows7"},"elements":{"items":[{"valueName":"context","required":true,"requiredSpecified":true,"expandableSpecified":false,"maxLength":2147483647,"maxLengthSpecified":false,"inputType":"textBox","caption":"參數","id":"L_SetParametersForCNGContextID"}]},"name":"L_SetParametersForCNGContext","displayName":"為 CNG 內容指定參數","explainText":"此原則設定允許您指定要用於 CNG 內容的加密參數。\n\n如果啟用此原則設定，則會將指定的參數傳遞到 CNG 內容。\n\n如果停用或未設定此原則設定，則會使用預設的 CNG 值。","tags":["L_Cryptography","L_Security","L_OneNoteOptions","L_MicrosoftOfficeOneNote"],"application":"onent16","key":"software\\microsoft\\office\\16.0\\onenote\\security\\crypto"},{"parentCategory":{"ref":"L_Cryptography"},"supportedOn":{"ref":"windows:SUPPORTED_Windows7"},"elements":{"items":[{"item":[{"value":{"string":"SHA1"},"displayName":"SHA1"},{"value":{"string":"SHA256"},"displayName":"SHA256"},{"value":{"string":"SHA384"},"displayName":"SHA384"},{"value":{"string":"SHA512"},"displayName":"SHA512"}],"valueName":"hashalgorithm","inputType":"dropdownList","id":"L_SpecifyCNGHashAlgorithmDropID"}]},"name":"L_SpecifyCNGHashAlgorithm","displayName":"指定 CNG 雜湊演算法","explainText":"此原則設定允許您指定所使用的雜湊演算法。\n\n如果啟用此原則設定，CNG 會使用選定的雜湊演算法。\n\n如果停用或未設定此原則設定，則會使用預設的 CNG 雜湊演算法。","tags":["L_Cryptography","L_Security","L_OneNoteOptions","L_MicrosoftOfficeOneNote"],"application":"onent16","key":"software\\microsoft\\office\\16.0\\onenote\\security\\crypto"},{"parentCategory":{"ref":"L_Cryptography"},"supportedOn":{"ref":"windows:SUPPORTED_Windows7"},"elements":{"items":[{"valueName":"passwordspincount","minValue":0,"minValueSpecified":true,"maxValue":10000000,"maxValueSpecified":true,"inputType":"decimalTextBox","id":"L_SetCNGPasswordSpinCountSpinID"}]},"name":"L_SetCNGPasswordSpinCount","displayName":"設定 CNG 密碼微調計數","explainText":"此原則設定允許您指定微調 (重新雜湊) 密碼檢查器的次數。\n\n如果啟用此原則設定，會以指定數字做為重新雜湊密碼的次數。\n\n如果停用或未設定此原則設定，則會使用預設值 (100000)。","tags":["L_Cryptography","L_Security","L_OneNoteOptions","L_MicrosoftOfficeOneNote"],"application":"onent16","key":"software\\microsoft\\office\\16.0\\onenote\\security\\crypto"},{"parentCategory":{"ref":"L_Cryptography"},"supportedOn":{"ref":"windows:SUPPORTED_Windows7"},"elements":{"items":[{"valueName":"rngalgorithm","required":true,"requiredSpecified":true,"expandableSpecified":false,"maxLength":2147483647,"maxLengthSpecified":false,"inputType":"textBox","caption":"亂數產生器:","id":"L_SpecifyCNGRandomNumberGeneratorAlgorithmID"}]},"name":"L_SpecifyCNGRandomNumberGeneratorAlgorithm","displayName":"指定 CNG 亂數產生器演算法","explainText":"此原則設定允許您設定所使用的 CNG 亂數產生器。\n\n如果啟用此原則設定，則會使用指定的亂數產生器。\n\n如果停用或未設定此原則設定，則會使用預設的亂數產生器。","tags":["L_Cryptography","L_Security","L_OneNoteOptions","L_MicrosoftOfficeOneNote"],"application":"onent16","key":"software\\microsoft\\office\\16.0\\onenote\\security\\crypto"},{"parentCategory":{"ref":"L_Cryptography"},"supportedOn":{"ref":"windows:SUPPORTED_Windows7"},"elements":{"items":[{"valueName":"saltbytes","minValue":0,"minValueSpecified":true,"maxValue":5000,"maxValueSpecified":true,"inputType":"decimalTextBox","caption":"位元組數目","id":"L_SpecifyCNGSaltLengthSpinID"}]},"name":"L_SpecifyCNGSaltLength","displayName":"指定 CNG Salt 長度","explainText":"此原則設定允許您設定所使用的 Salt 位元組數目。\n\n如果啟用此原則設定，則會使用指定的位元組數目。\n\n如果停用或未設定此原則設定，則會使用預設的長度或 16。","tags":["L_Cryptography","L_Security","L_OneNoteOptions","L_MicrosoftOfficeOneNote"],"application":"onent16","key":"software\\microsoft\\office\\16.0\\onenote\\security\\crypto"},{"parentCategory":{"ref":"L_Save"},"supportedOn":{"ref":"windows:SUPPORTED_Windows7"},"elements":{"items":[{"valueName":"notebook root","requiredSpecified":false,"expandableSpecified":false,"maxLength":2147483647,"maxLengthSpecified":false,"inputType":"textBox","caption":"","id":"L_empty1"}]},"name":"L_NotebookRoot","displayName":"筆記本根目錄","explainText":"若要變更新筆記本預設的位置，請根據您的文件位置輸入資料夾的相對路徑。","tags":["L_Save","L_OneNoteOptions","L_MicrosoftOfficeOneNote"],"application":"onent16","key":"software\\microsoft\\office\\16.0\\onenote\\options\\save"},{"parentCategory":{"ref":"L_Save"},"supportedOn":{"ref":"windows:SUPPORTED_Windows7"},"elements":{"items":[{"valueName":"unfilednotessection","requiredSpecified":false,"expandableSpecified":false,"maxLength":2147483647,"maxLengthSpecified":false,"inputType":"textBox","caption":"在此節開啟快速筆記:","id":"L_OpenSideNotesinthissection"}]},"name":"L_Locationofunfilednotessection","displayName":"未歸檔筆記節的位置","explainText":"OneNote 儲存未歸檔筆記節的位置。","tags":["L_Save","L_OneNoteOptions","L_MicrosoftOfficeOneNote"],"application":"onent16","key":"software\\microsoft\\office\\16.0\\onenote\\options\\paths"},{"parentCategory":{"ref":"L_Save"},"supportedOn":{"ref":"windows:SUPPORTED_Windows7"},"elements":{"items":[{"valueName":"backupfolderpath","requiredSpecified":false,"expandableSpecified":false,"maxLength":2147483647,"maxLengthSpecified":false,"inputType":"textBox","caption":"備份資料夾:","id":"L_BackupFolder"}]},"name":"L_LocationofBackupFolder","displayName":"備份資料夾位置","explainText":"設定對應的 UI 選項中的值。","tags":["L_Save","L_OneNoteOptions","L_MicrosoftOfficeOneNote"],"application":"onent16","key":"software\\microsoft\\office\\16.0\\onenote\\options\\paths"},{"parentCategory":{"ref":"L_Save"},"supportedOn":{"ref":"windows:SUPPORTED_Windows7"},"elements":{"items":[{"valueName":"percentfreespacebeforeoptimize","minValue":0,"minValueSpecified":true,"maxValue":100,"maxValueSpecified":true,"inputType":"decimalTextBox","caption":"輸入百分比:","id":"L_EnterPercentage"}]},"name":"L_Percentageofunuseddiskspacetoallowinsections","displayName":"允許節中未使用的磁碟空間百分比","explainText":"設定 [允許節存在的未使用空間百分比 (不需要最佳化)] 選項中的值。","tags":["L_Save","L_OneNoteOptions","L_MicrosoftOfficeOneNote"],"application":"onent16","key":"software\\microsoft\\office\\16.0\\onenote\\options\\save"},{"parentCategory":{"ref":"L_Password"},"supportedOn":{"ref":"windows:SUPPORTED_Windows7"},"enabledValue":{"decimal":{"value":0}},"disabledValue":{"decimal":{"value":1}},"name":"L_Disallowsaddonsaccesstopass","displayName":"禁止附加元件存取密碼保護節","explainText":"此選項禁止擴充性附加元件在受密碼保護的節已解除鎖定時，存取這些節。","tags":["L_Password","L_OneNoteOptions","L_MicrosoftOfficeOneNote"],"application":"onent16","key":"software\\microsoft\\office\\16.0\\onenote\\security","valueName":"allowaddinaccesstoencryptedfiles"},{"parentCategory":{"ref":"L_Password"},"supportedOn":{"ref":"windows:SUPPORTED_Windows7"},"enabledValue":{"decimal":{"value":1}},"disabledValue":{"decimal":{"value":0}},"name":"L_Disablepasswordprotectedsections","displayName":"停用密碼保護節","explainText":"停用建立新密碼保護節的功能。不過您仍可以解除鎖定，並編輯現在已擁有密碼設定的節。","tags":["L_Password","L_OneNoteOptions","L_MicrosoftOfficeOneNote"],"application":"onent16","key":"software\\microsoft\\office\\16.0\\onenote\\general","valueName":"passwordprotectiondisabled"},{"parentCategory":{"ref":"L_Password"},"supportedOn":{"ref":"windows:SUPPORTED_Windows7"},"enabledValue":{"decimal":{"value":1}},"disabledValue":{"decimal":{"value":0}},"name":"L_LockpasswordprotectedsectionsassoonasInavigateawayfromthem","displayName":"一旦我離開受到密碼保護的節，請鎖定該節","explainText":"OneNote 支援受密碼保護節的功能，一旦使用者鍵入密碼後，即可解除節的鎖定，並且可以在逾時時間後或離開此節時，再次鎖定節。一旦使用者離開受密碼保護的節時，此選項將鎖定節。","tags":["L_Password","L_OneNoteOptions","L_MicrosoftOfficeOneNote"],"application":"onent16","key":"software\\microsoft\\office\\16.0\\onenote\\security","valueName":"locksectionsimmediately"},{"parentCategory":{"ref":"L_Backup"},"supportedOn":{"ref":"windows:SUPPORTED_Windows7"},"elements":{"items":[{"valueName":"backupnumberofbackupstokeep","minValue":0,"minValueSpecified":true,"maxValue":1000,"maxValueSpecified":true,"inputType":"decimalTextBox","caption":"保留的備份數目","id":"L_numberofbackupcopiestokeep2"}]},"name":"L_Numberofbackupcopiestokeep","displayName":"保留的備份數目","explainText":"設定對應的 UI 選項中的值。","tags":["L_Backup","L_OneNoteOptions","L_MicrosoftOfficeOneNote"],"application":"onent16","key":"software\\microsoft\\office\\16.0\\onenote\\options\\save"},{"parentCategory":{"ref":"L_SendToOneNote"},"supportedOn":{"ref":"windows:SUPPORTED_Windows7"},"enabledValue":{"decimal":{"value":1}},"disabledValue":{"decimal":{"value":0}},"name":"L_DisableOutlooksendemailtoOneNoteoption","displayName":"停用 Outlook 傳送電子郵件至 OneNote 選項","explainText":"此原則停用 Microsoft Outlook 的 OneNote「傳送至 OneNote」增益集。OneNote 預設會在 Outlook 工具列安裝一個增益集，讓使用者可傳送電子郵件到 OneNote。檢視電子郵件訊息時，在 Outlook 的主要郵件模組中也會同時顯示 [傳送至 OneNote] 按鈕。您可以利用此原則來停用此功能。","tags":["L_SendToOneNote","L_OneNoteOptions","L_MicrosoftOfficeOneNote"],"application":"onent16","key":"software\\microsoft\\office\\16.0\\onenote\\options\\outlookandweb","valueName":"disablesendemailtoonenote"},{"parentCategory":{"ref":"L_Addins"},"supportedOn":{"ref":"windows:SUPPORTED_Windows7"},"enabledValue":{"decimal":{"value":1}},"disabledValue":{"decimal":{"value":0}},"name":"L_DisableOneNoteCOMAPI","displayName":"停用 OneNote COM API","explainText":"停用 OneNote COM API - 會停用附加元件使用的 COM API。請注意，也會中斷使用此 API 的其他功能，例如從 Outlook 傳送資訊到 OneNote。","tags":["L_Addins","L_OneNoteOptions","L_MicrosoftOfficeOneNote"],"application":"onent16","key":"software\\microsoft\\office\\16.0\\onenote\\security","valueName":"disablecomapi"},{"parentCategory":{"ref":"L_Addins"},"supportedOn":{"ref":"windows:SUPPORTED_Windows7"},"enabledValue":{"decimal":{"value":1}},"disabledValue":{"decimal":{"value":0}},"name":"L_DisableinstalledOneNoteaddins","displayName":"停用已安裝的 OneNote 增益集","explainText":"關閉所有已安裝的 OneNote 增益集。","tags":["L_Addins","L_OneNoteOptions","L_MicrosoftOfficeOneNote"],"application":"onent16","key":"software\\microsoft\\office\\16.0\\onenote\\security","valueName":"disablealladdins"},{"parentCategory":{"ref":"L_Spelling"},"supportedOn":{"ref":"windows:SUPPORTED_Windows7"},"elements":{"items":[{"item":[{"value":{"decimal":{"value":0}},"displayName":"不使用拼字檢查"},{"value":{"decimal":{"value":1}},"displayName":"自動拼字檢查"},{"value":{"decimal":{"value":2}},"displayName":"隱藏拼字錯誤"},{"value":{"decimal":{"value":3}},"displayName":"拼字檢查，但隱藏錯誤"}],"valueName":"onenotespellingoptions","inputType":"dropdownList","id":"L_empty11"}]},"name":"L_OneNoteSpellingOptions","displayName":"OneNote 拼字檢查選項","explainText":"這些選項可變更位於 [檔案] 索引標籤 | [選項] | [校訂] 對話方塊中的 [在 OneNote 中修正拼字錯誤時] 選項。","tags":["L_Spelling","L_OneNoteOptions","L_MicrosoftOfficeOneNote"],"application":"onent16","key":"software\\microsoft\\shared tools\\proofing tools\\1.0\\office"},{"parentCategory":{"ref":"L_VersionsAndRecyleBin"},"supportedOn":{"ref":"windows:SUPPORTED_Windows7"},"enabledValue":{"decimal":{"value":0}},"disabledValue":{"decimal":{"value":1}},"name":"L_TurnOffVersionsAndNotebookRecycleBinInSharedNotebooks","displayName":"關閉共用筆記本中的版本和筆記本資源回收筒","explainText":"此原則設定可讓您關閉包含版本和筆記本資源回收筒的版本歷程記錄。如為 2016 版格式的筆記本，OneNote 會自動儲存筆記本中的舊版頁面，也會將所有已刪除的頁面和節儲存在資源回收筒中。\n\n如果啟用此原則設定，則會關閉版本歷程記錄。\n\n如果停用或未設定此原則設定，則 OneNote 預設會儲存舊版。","tags":["L_VersionsAndRecyleBin","L_OneNoteOptions","L_MicrosoftOfficeOneNote"],"application":"onent16","key":"software\\microsoft\\office\\16.0\\onenote\\options\\versions","valueName":"enablehistory"},{"parentCategory":{"ref":"L_VersionsAndRecyleBin"},"supportedOn":{"ref":"windows:SUPPORTED_Windows7"},"enabledValue":{"decimal":{"value":0}},"disabledValue":{"decimal":{"value":1}},"name":"L_DoNotPruneVersionsOverTime","displayName":"不要隨時間剪除版本","explainText":"此原則設定可讓您關閉 OneNote 的自動剪除。如為 2016 版格式的筆記本，OneNote 會自動儲存筆記本中的舊版頁面，也會將所有已刪除的頁面和節儲存在資源回收筒中。\n\n如果啟用此原則設定，則 OneNote 不會剪除舊版。\n\n如果停用或未設定此原則設定，則 OneNote 會剪除舊版。預設值為隨時間剪除版本。只有在 OneNote 不應剪除舊版的情況下，才能啟用此原則設定。","tags":["L_VersionsAndRecyleBin","L_OneNoteOptions","L_MicrosoftOfficeOneNote"],"application":"onent16","key":"software\\microsoft\\office\\16.0\\onenote\\options\\versions","valueName":"pruneversionsovertime"},{"parentCategory":{"ref":"L_VersionsAndRecyleBin"},"supportedOn":{"ref":"windows:SUPPORTED_Windows7"},"elements":{"items":[{"valueName":"daysofallversions","minValue":0,"minValueSpecified":true,"maxValue":365,"maxValueSpecified":true,"inputType":"decimalTextBox","caption":"過去天數","id":"L_DaysOfAllVersionsSpinID"}]},"name":"L_DaysOfAllVersions","displayName":"所有版本歷程記錄項目「免於」清除的日數","explainText":"此原則設定可讓您指定 OneNote 保留完整版本歷程記錄頁面的時間範圍。待指定時間到期後，OneNote 就會保留較基本的版本歷程記錄頁面，減少佔用的存放空間。\n\n如果啟用此原則設定，OneNote 會在指定的時間長度範圍內保留完整的版本歷程記錄頁面，然後在到期後僅保留基本的版本歷程記錄頁面。\n\n如果停用或未設定此原則設定，則 OneNote 會保留完整的版本歷程記錄頁面 2 天，然後在到期後僅保留基本的版本歷程記錄頁面。\n      ","tags":["L_VersionsAndRecyleBin","L_OneNoteOptions","L_MicrosoftOfficeOneNote"],"application":"onent16","key":"software\\microsoft\\office\\16.0\\onenote\\options\\versions"},{"parentCategory":{"ref":"L_VersionsAndRecyleBin"},"supportedOn":{"ref":"windows:SUPPORTED_Windows7"},"elements":{"items":[{"valueName":"daysofhourlyversions","minValue":0,"minValueSpecified":true,"maxValue":365,"maxValueSpecified":true,"inputType":"decimalTextBox","caption":"過去天數","id":"L_DaysOfHourlyVersionsNotToPruneAfterDaysBackSpinID"}]},"name":"L_DaysOfHourlyVersionsNotToPruneAfterDaysBack","displayName":"[過去天數] 後不剪除的每小時版本天數","explainText":"此原則設定可讓您設定在過了指定的 [過去天數] 之後，不剪除的每小時版本數量。如為 2016 版格式的筆記本，OneNote 會自動儲存筆記本中的舊版頁面，也會將所有已刪除的頁面和節儲存在資源回收筒中。\n\n如果啟用此原則設定，您可以指定在過了設定的 [過去天數] 之後，還要繼續保留幾天份的每小時版本。此值指定的是要在 \"DaysOfAllVersions\" 後繼續保留每小時版本歷程資訊的天數。過了 \"DaysOfAllVersions\" 之後，使用者會在這個天數內，每小時保留一個版本。\n\n如果停用或未設定此原則設定，則 OneNote 會保留過去 5 天的每小時版本。","tags":["L_VersionsAndRecyleBin","L_OneNoteOptions","L_MicrosoftOfficeOneNote"],"application":"onent16","key":"software\\microsoft\\office\\16.0\\onenote\\options\\versions"},{"parentCategory":{"ref":"L_VersionsAndRecyleBin"},"supportedOn":{"ref":"windows:SUPPORTED_Windows7"},"elements":{"items":[{"valueName":"maxuniquedayversions","minValue":0,"minValueSpecified":true,"maxValue":365,"maxValueSpecified":true,"inputType":"decimalTextBox","caption":"版本數上限","id":"L_MaximumNumberOfOncePerDayVersionHistoryItemsKeptSpinID"}]},"name":"L_MaximumNumberOfOncePerDayVersionHistoryItemsKept","displayName":"保留的每天一次版本歷程記錄項目數量上限","explainText":"此原則設定可讓您設定要替每一個頁面保留的每日一次歷程記錄項目數。如為 2016 版格式的筆記本，OneNote 會自動儲存筆記本中的舊版頁面，也會將所有已刪除的頁面和節儲存在資源回收筒中。\n\n如果啟用此原則設定，您可以設定每天要保留的版本數目。如果設定為 -1 值，則會指示 OneNote 全數保留過去的每天一次版本歷程記錄項目。\n\n如果停用或未設定此原則設定，則 OneNote 會保留過去 10 天 (每天 1 頁)。","tags":["L_VersionsAndRecyleBin","L_OneNoteOptions","L_MicrosoftOfficeOneNote"],"application":"onent16","key":"software\\microsoft\\office\\16.0\\onenote\\options\\versions"},{"parentCategory":{"ref":"L_VersionsAndRecyleBin"},"supportedOn":{"ref":"windows:SUPPORTED_Windows7"},"elements":{"items":[{"valueName":"deleteallversionsafter","minValue":0,"minValueSpecified":true,"maxValue":365,"maxValueSpecified":true,"inputType":"decimalTextBox","caption":"保留版本天數","id":"L_DaysBackToKeepInVersionHistorySpinID"}]},"name":"L_DaysBackToKeepInVersionHistory","displayName":"版本歷程記錄保留的天數","explainText":"此原則設定可讓您設定一個天數，在此值之前建立的所有版本歷程記錄項目都會全數刪除。如為 2016 版格式的筆記本，OneNote 會自動儲存筆記本中的舊版頁面，也會將所有已刪除的頁面和節儲存在資源回收筒中。\n\n如果啟用此原則設定，您可以設定刪除版本歷程記錄的過去天數。\n\n如果停用或未設定此原則設定，則 OneNote 預設會保留過去所有天數的舊版。此為預設值 -1。","tags":["L_VersionsAndRecyleBin","L_OneNoteOptions","L_MicrosoftOfficeOneNote"],"application":"onent16","key":"software\\microsoft\\office\\16.0\\onenote\\options\\versions"},{"parentCategory":{"ref":"L_VersionsAndRecyleBin"},"supportedOn":{"ref":"windows:SUPPORTED_Windows7"},"elements":{"items":[{"valueName":"daystokeeprecycleditems","minValue":0,"minValueSpecified":true,"maxValue":365,"maxValueSpecified":true,"inputType":"decimalTextBox","caption":"資源回收筒保留項目的天數","id":"L_DaysBackToKeepItemsInRecycleBinSpinID"}]},"name":"L_DaysBackToKeepItemsInRecycleBin","displayName":"資源回收筒保留項目的天數","explainText":"此原則設定可讓您設定一個天數，在這個天數之前加入資源回收筒中的所有項目，會在剪除版本歷程記錄時刪除。如為 2016 版格式的筆記本，OneNote 會自動儲存筆記本中的舊版頁面，也會將所有已刪除的頁面和節儲存在資源回收筒中。\n\n如果啟用此原則設定，您可以設定保留資源回收筒中項目的過去天數。\n\n如果未設定此原則設定，OneNote 會使用過去 60 天這個預設值。","tags":["L_VersionsAndRecyleBin","L_OneNoteOptions","L_MicrosoftOfficeOneNote"],"application":"onent16","key":"software\\microsoft\\office\\16.0\\onenote\\options\\versions"},{"parentCategory":{"ref":"L_Other"},"supportedOn":{"ref":"windows:SUPPORTED_Windows7"},"elements":{"items":[{"valueName":"folderpollinterval","minValue":1,"minValueSpecified":true,"maxValue":3600,"maxValueSpecified":true,"inputType":"decimalTextBox","caption":"輪詢伺服器間隔 (秒)","id":"L_SetUNCIntervalToPollForChangesOnFileServersSpinID"}]},"name":"L_SetUNCIntervalToPollForChangesOnFileServers","displayName":"設定輪詢檔案伺服器上變更的 UNC 間隔","explainText":"此原則設定可讓您變更 OneNote 輪詢伺服器中所發生變更的同步處理間隔。OneNote 同步處理 UNC (也稱為 SMB 或 Windows 檔案共用) 中的筆記本時，OneNote 會接收檔案伺服器的通知，並且輪詢伺服器，尋找伺服器上的更新。\n\n藉由縮短間隔，能使 OneNote 加快同步處理，但也可能對伺服器造成效能問題。\n\n如果啟用此原則設定，您可以指定 OneNote 輪詢的秒數。\n\n如果停用或未設定此原則設定，OneNote 會每 30 秒自動輪詢一次。","tags":["L_Other","L_OneNoteOptions","L_MicrosoftOfficeOneNote"],"application":"onent16","key":"software\\microsoft\\office\\16.0\\onenote\\options\\save"},{"parentCategory":{"ref":"L_Other"},"supportedOn":{"ref":"windows:SUPPORTED_Windows7"},"enabledValue":{"decimal":{"value":0}},"disabledValue":{"decimal":{"value":1}},"name":"L_TurnOffOneNoteAutoLinkedNoteTaking","displayName":"關閉 OneNote 自動連結筆記記錄","explainText":"此原則設定能關閉 OneNote 自動筆記記錄功能，此功能可讓您就網頁、Word 文件等類型項目做筆記。當您做這類筆記時，OneNote 會自動記錄您所檢視的是哪些頁面或文件。\n\n如果啟用此原則設定，當使用者嘗試開啟此功能時，OneNote 不會自動連結筆記。\n\n如果停用或未啟用此原則，當使用者嘗試開啟此功能時，OneNote 會自動連結筆記。","tags":["L_Other","L_OneNoteOptions","L_MicrosoftOfficeOneNote"],"application":"onent16","key":"software\\microsoft\\office\\16.0\\onenote\\options\\linkednotes","valueName":"autolink"},{"parentCategory":{"ref":"L_Other"},"supportedOn":{"ref":"windows:SUPPORTED_Windows7"},"enabledValue":{"decimal":{"value":1}},"disabledValue":{"decimal":{"value":0}},"name":"L_DisableOCR","displayName":"停用 OCR","explainText":"此原則會關閉 OneNote 圖像光學字元辨識 (OCR) 功能。OCR 功能允許 OneNote 自動掃描整個圖像以尋找文字，這些文字會顯示在搜尋結果中。","tags":["L_Other","L_OneNoteOptions","L_MicrosoftOfficeOneNote"],"application":"onent16","key":"software\\microsoft\\office\\16.0\\onenote\\options\\other","valueName":"disableocr"},{"parentCategory":{"ref":"L_Other"},"supportedOn":{"ref":"windows:SUPPORTED_Windows7"},"elements":{"items":[{"valueName":"blockedextensions","requiredSpecified":false,"expandableSpecified":false,"maxLength":2147483647,"maxLengthSpecified":false,"inputType":"textBox","caption":"","id":"L_empty12"}]},"name":"L_EmbeddedFilesBlockedExtensions","displayName":"內嵌檔案封鎖的副檔名","explainText":"若不想讓組織中的使用者從 Microsoft OneNote 頁面開啟特定檔案類型的檔案附件，請使用以下格式新增您要停用的副檔名:“.ext1;.ext2;”。若要停用從 OneNote 頁面中開啟任何附件的能力，請參閱停用內嵌檔案原則。不過您無法使用此原則封鎖內嵌的音訊及視訊錄製項目 (WMA & WMV) ，請參閱停用內嵌檔案原則。","tags":["L_Other","L_OneNoteOptions","L_MicrosoftOfficeOneNote"],"application":"onent16","key":"software\\microsoft\\office\\16.0\\onenote\\options\\embeddedfileopenoptions"},{"parentCategory":{"ref":"L_Other"},"supportedOn":{"ref":"windows:SUPPORTED_Windows7"},"elements":{"items":[{"valueName":"addnotebooks","requiredSpecified":false,"expandableSpecified":false,"maxLength":2147483647,"maxLengthSpecified":false,"inputType":"textBox","caption":"","id":"L_empty13"}]},"name":"L_Loadanotebookonfirstboot","displayName":"第一次開機時載入筆記本","explainText":"指向包含第一次開機時應載入筆記本的資料夾。","tags":["L_Other","L_OneNoteOptions","L_MicrosoftOfficeOneNote"],"application":"onent16","key":"software\\microsoft\\office\\16.0\\onenote\\options\\other"},{"parentCategory":{"ref":"L_Other"},"supportedOn":{"ref":"windows:SUPPORTED_Windows7"},"enabledValue":{"decimal":{"value":1}},"disabledValue":{"decimal":{"value":0}},"name":"L_Disableembeddedfiles","displayName":"停用內嵌檔案","explainText":"停用在 OneNote 頁面上內嵌檔案的功能，讓人們無法傳送不受防毒軟體等程式抓取的檔案。注意: 此原則只限制 OneNote UI 中的內嵌檔案，如果頁面具有內嵌檔案，OneNote 仍然會在檔案系統中同步處理並複製內嵌檔案。","tags":["L_Other","L_OneNoteOptions","L_MicrosoftOfficeOneNote"],"application":"onent16","key":"software\\microsoft\\office\\16.0\\onenote\\options","valueName":"disableembeddedfiles"},{"parentCategory":{"ref":"L_Other"},"supportedOn":{"ref":"windows:SUPPORTED_Windows7"},"enabledValue":{"decimal":{"value":1}},"disabledValue":{"decimal":{"value":0}},"name":"L_DisableOneNotescreenclippingnotifications","displayName":"停用 OneNote 畫面剪輯通知","explainText":"關閉所有 OneNote 畫面剪輯通知。","tags":["L_Other","L_OneNoteOptions","L_MicrosoftOfficeOneNote"],"application":"onent16","key":"software\\microsoft\\office\\16.0\\onenote\\options\\other","valueName":"disablescreenclippingballoon"},{"parentCategory":{"ref":"L_Other"},"supportedOn":{"ref":"windows:SUPPORTED_Windows7"},"enabledValue":{"decimal":{"value":1}},"disabledValue":{"decimal":{"value":0}},"name":"L_DisableOneNoteScreenClippings","displayName":"停用 OneNote 畫面剪輯","explainText":"停用 OneNote 的畫面剪輯功能。","tags":["L_Other","L_OneNoteOptions","L_MicrosoftOfficeOneNote"],"application":"onent16","key":"software\\microsoft\\office\\16.0\\onenote\\options\\other","valueName":"disablescreenclippings"},{"parentCategory":{"ref":"L_Other"},"supportedOn":{"ref":"windows:SUPPORTED_Windows7"},"elements":{"items":[{"valueName":"inaccessibleserverdaysbeforewarn","minValue":0,"minValueSpecified":true,"maxValue":30,"maxValueSpecified":true,"inputType":"decimalTextBox","id":"L_empty14"}]},"name":"L_Numberofdaysbeforewarningthatserveris","displayName":"預先警告伺服器將無法存取的提前天數","explainText":"設定經過多少天數後 OneNote 會發出伺服器已無法存取的警告，並為受影響的檔案提示新位置。","tags":["L_Other","L_OneNoteOptions","L_MicrosoftOfficeOneNote"],"application":"onent16","key":"software\\microsoft\\office\\16.0\\onenote\\options\\synchronization"},{"parentCategory":{"ref":"L_Other"},"supportedOn":{"ref":"windows:SUPPORTED_Windows7"},"elements":{"items":[{"valueName":"sharepointsyncinterval","minValue":10,"minValueSpecified":true,"maxValue":604800,"maxValueSpecified":true,"inputType":"decimalTextBox","id":"L_empty15"}]},"name":"L_SharePointsyncinterval","displayName":"在 SharePoint 中儲存筆記的 SharePoint 同步處理間隔","explainText":"限制 OneNote 輪詢 SharePoint 網站節變更的次數。輸入同步處理間隔秒數。","tags":["L_Other","L_OneNoteOptions","L_MicrosoftOfficeOneNote"],"application":"onent16","key":"software\\microsoft\\office\\16.0\\onenote\\options\\save"},{"parentCategory":{"ref":"L_Other"},"supportedOn":{"ref":"windows:SUPPORTED_Windows7"},"elements":{"items":[{"valueName":"sharepointbackgroundsyncintervalmultiplier","minValue":1,"minValueSpecified":true,"maxValue":10,"maxValueSpecified":true,"inputType":"decimalTextBox","id":"L_empty16"}]},"name":"L_SharePointbackgroundsyncintervalmultiplier","displayName":"儲存於 SharePoint 筆記本的背景同步處理間隔時間乘數","explainText":"此原則設定可讓您增加 SharePoint 網站對筆記本變更的背景輪詢間的間隔時間。\n\n如果啟用此原則設定，OneNote 將會不常輪詢 SharePoint 到整個筆記本的變更。時間間隔會乘以輸入的值，為 1 到 10 的整數值。較大間隔會筆記本同步處理的速度，但會降低伺服器負載。\n\n如果停用或未設定此原則設定，OneNote 會以預設速率 (乘數值1) 同步處理筆記本。\n\n注意：此原則設定僅適用於使用  Windows Installer (MSI) 的 Office 2016 大量授權版本，例如 Office 專業增強版 2016 和 Office 標準版 2016。","tags":["L_Other","L_OneNoteOptions","L_MicrosoftOfficeOneNote"],"application":"onent16","key":"software\\microsoft\\office\\16.0\\onenote\\options\\save"},{"parentCategory":{"ref":"L_Other"},"supportedOn":{"ref":"windows:SUPPORTED_Windows7"},"elements":{"items":[{"valueName":"sharepointlivesyncintervalmultiplier","minValue":1,"minValueSpecified":true,"maxValue":10,"maxValueSpecified":true,"inputType":"decimalTextBox","id":"L_empty17"}]},"name":"L_SharePointlivesyncintervalmultiplier","displayName":"儲存於 SharePoint 目前已檢視區段的前景同步處理間隔時間乘數","explainText":"此原則設定可讓您增加 SharePoint 網站對目前已檢視區段變更的前景輪詢間的間隔時間。\n\n如果啟用此原則設定，OneNote 將會不常輪詢 SharePoint 到目前已檢視區段的變更。間隔時間會乘以輸入的值，為 1 到 10 的整數值。較大間隔會減緩區段同步處理的速度，但會降低伺服器負載。\n\n如果停用或未設定此原則設定，OneNote 會以預設速率 (乘數值1) 同步處理目前已檢視區段。\n\n注意：此原則設定僅適用於使用  Windows Installer (MSI) 的 Office 2016 大量授權版本，例如 Office 專業增強版 2016 和 Office 標準版 2016。","tags":["L_Other","L_OneNoteOptions","L_MicrosoftOfficeOneNote"],"application":"onent16","key":"software\\microsoft\\office\\16.0\\onenote\\options\\save"},{"parentCategory":{"ref":"L_Other"},"supportedOn":{"ref":"windows:SUPPORTED_Windows7"},"elements":{"items":[{"valueName":"sharepointpresenceintervalmultiplier","minValue":1,"minValueSpecified":true,"maxValue":10,"maxValueSpecified":true,"inputType":"decimalTextBox","id":"L_empty18"}]},"name":"L_SharePointpresenceintervalmultiplier","displayName":"儲存於 SharePoint 筆記本的目前狀態同步處理間隔時間乘數","explainText":"此原則設定可讓您增加輪詢至 SharePoint 間的間隔時間，以判斷筆記本的作用中使用者。當其他使用者與筆記本互動時，OneNote 會以更快的速率同步處理筆記本。\n\n如果啟用此原則設定，OneNote 將會不常輪詢 SharePoint，以判斷目前是否有其他使用者正在與筆記本互動。間隔時間會乘以輸入的值，為 1 到 10 的整數值。較大間隔會減緩筆記本中目前使用者偵測的速度，但會降低伺服器負載。\n\n如果停用或未設定此原則設定，OneNote 會以預設速率 (乘數值1) 輪詢筆記本的作用中使用者。\n\n注意：此原則設定僅適用於使用  Windows Installer (MSI) 的 Office 2016 大量授權版本，例如 Office 專業增強版 2016 和 Office 標準版 2016。","tags":["L_Other","L_OneNoteOptions","L_MicrosoftOfficeOneNote"],"application":"onent16","key":"software\\microsoft\\office\\16.0\\onenote\\options\\save"},{"parentCategory":{"ref":"L_Other"},"supportedOn":{"ref":"windows:SUPPORTED_Windows7"},"elements":{"items":[{"item":[{"value":{"decimal":{"value":0}},"displayName":"英吋"},{"value":{"decimal":{"value":1}},"displayName":"公分"},{"value":{"decimal":{"value":2}},"displayName":"公釐"},{"value":{"decimal":{"value":3}},"displayName":"點"},{"value":{"decimal":{"value":4}},"displayName":"Picas (pi)"}],"valueName":"measurementunit","inputType":"dropdownList","caption":"指定預設的度量單位:","id":"L_Specifydefaultunitofmeasurement"}]},"name":"L_DefaultunitofmeasurementusedinOneNote","displayName":"OneNote 預設使用的度量單位","explainText":"設定 [度量單位] 選項中的值。","tags":["L_Other","L_OneNoteOptions","L_MicrosoftOfficeOneNote"],"application":"onent16","key":"software\\microsoft\\office\\16.0\\onenote\\options\\other"},{"parentCategory":{"ref":"L_Other"},"supportedOn":{"ref":"windows:SUPPORTED_Windows7"},"enabledValue":{"decimal":{"value":1}},"disabledValue":{"decimal":{"value":0}},"name":"L_AddOneNoteicontonotificationarea","displayName":"新增 OneNote 圖示至通知區域","explainText":"核取/取消核取 [將 OneNote 圖示放置在工作列的通知區域] 選項。","tags":["L_Other","L_OneNoteOptions","L_MicrosoftOfficeOneNote"],"application":"onent16","key":"software\\microsoft\\office\\16.0\\onenote\\options\\other","valueName":"runsystemtrayapp"},{"parentCategory":{"ref":"L_Other"},"supportedOn":{"ref":"windows:SUPPORTED_Windows7"},"enabledValue":{"decimal":{"value":0}},"disabledValue":{"decimal":{"value":1}},"name":"L_NotebookPresence","displayName":"筆記本目前狀態","explainText":"此原則設定可以啟用或停用 OneNote 中的筆記本目前狀態功能，這項功能會廣播筆記本中的使用者目前狀態，並且對正在編輯同一頁面的使用者啟用即時同步處理。注意: 您對此原則所做的任何變更，必須等到 OneNote 重新啟動之後才會生效。\n\n如果啟用或未設定此原則設定，只要使用者與另一位使用者同時編輯筆記本中的同一個頁面時，就會接獲通知。當 OneNote 發現有多位使用者同時編輯同一個頁面時，也會進入即時同步處理狀態。\n\n如果停用此原則設定，則當使用者與另一位使用者在同時編輯筆記本中的同一個頁面時，並不會接獲通知。當有多位使用者在編輯同一個頁面時，OneNote 也不會進入即時同步處理狀態。","tags":["L_Other","L_OneNoteOptions","L_MicrosoftOfficeOneNote"],"application":"onent16","key":"software\\microsoft\\office\\16.0\\onenote\\options","valueName":"disablepresence"},{"parentCategory":{"ref":"L_Other"},"supportedOn":{"ref":"windows:SUPPORTED_Windows7"},"elements":{"items":[{"valueName":"insertedfilesdisallowembeddingsizethreshold","minValue":10485760,"minValueSpecified":true,"maxValue":2147483648,"maxValueSpecified":true,"inputType":"decimalTextBox","id":"L_EmbeddedFileSizeLimit"}]},"name":"L_SpecifyEmbeddedFileSizeLimit","displayName":"內嵌檔案大小限制","explainText":"此原則設定可讓您指定使用者能夠在 SharePoint 伺服器上直接插至 OneNote 筆記本的內嵌檔案大小上限。\n \n如果啟用此原則設定，則可以增加或減少預設檔案大小上限 50 MB。\n\n如果增加此值，則使用者可將大檔案直接插至筆記本中，不過這麼做會降低伺服器的效能。\n\n如果減少此值，則使用者只能將小檔案直接插至筆記本中，如果 OneNote 同步處理會產生大量流量的話，這麼做就可以提升伺服器的效能。\n\n如果停用或未設定此原則設定，則使用者將無法把大於 50MB 的檔案直接插至 OneNote 筆記本中，而必須將檔案上傳到 SharePoint 資料夾，再當作超連結插至筆記本中。","tags":["L_Other","L_OneNoteOptions","L_MicrosoftOfficeOneNote"],"application":"onent16","key":"software\\microsoft\\office\\16.0\\onenote\\general"},{"parentCategory":{"ref":"L_Advanced"},"supportedOn":{"ref":"windows:SUPPORTED_Windows7"},"enabledList":[{"value":{"string":"true"},"valueName":"Microsoft.Office.UXPlatform.FluentSVRefresh"},{"value":{"string":"true"},"valueName":"Microsoft.Office.UXPlatform.RibbonTouchOptimization"},{"value":{"string":"true"},"valueName":"Microsoft.Office.UXPlatform.FluentSVRibbonOptionsMenu"}],"disabledList":[{"value":{"string":"false"},"valueName":"Microsoft.Office.UXPlatform.FluentSVRefresh"},{"value":{"string":"false"},"valueName":"Microsoft.Office.UXPlatform.RibbonTouchOptimization"},{"value":{"string":"false"},"valueName":"Microsoft.Office.UXPlatform.FluentSVRibbonOptionsMenu"}],"name":"L_onenoteVisualRefresh","displayName":"Visual Refresh 設定","explainText":"設定是否開啟 Visual Refresh。可能對某些版本的 Office 無效。\n\n資料由 Office Tool Plus 提供。","tags":["L_Advanced"],"application":"onent16","key":"Software\\Microsoft\\Office\\16.0\\Common\\ExperimentConfigs\\ExternalFeatureOverrides\\onenote"}]}