{"categories":[{"name":"L_MicrosoftOfficeOneNote","displayName":"Microsoft OneNote 2016"},{"parentCategory":{"ref":"L_MicrosoftOfficeOneNote"},"name":"L_OneNoteOptions","displayName":"OneNote 옵션"},{"parentCategory":{"ref":"L_OneNoteOptions"},"name":"L_Display","displayName":"표시"},{"parentCategory":{"ref":"L_OneNoteOptions"},"name":"L_Editing","displayName":"편집 중"},{"parentCategory":{"ref":"L_OneNoteOptions"},"name":"L_Pen","displayName":"펜"},{"parentCategory":{"ref":"L_OneNoteOptions"},"name":"L_Email","displayName":"전자 메일"},{"parentCategory":{"ref":"L_OneNoteOptions"},"name":"L_Security","displayName":"보안"},{"parentCategory":{"ref":"L_Security"},"name":"L_Cryptography","displayName":"암호화"},{"parentCategory":{"ref":"L_OneNoteOptions"},"name":"L_NoteFlags","displayName":"노트 플래그"},{"parentCategory":{"ref":"L_OneNoteOptions"},"name":"L_AudioandVideo","displayName":"오디오 및 비디오"},{"parentCategory":{"ref":"L_OneNoteOptions"},"name":"L_Save","displayName":"저장"},{"parentCategory":{"ref":"L_OneNoteOptions"},"name":"L_Password","displayName":"암호"},{"parentCategory":{"ref":"L_OneNoteOptions"},"name":"L_Backup","displayName":"백업"},{"parentCategory":{"ref":"L_OneNoteOptions"},"name":"L_SendToOneNote","displayName":"OneNote로 보내기"},{"parentCategory":{"ref":"L_OneNoteOptions"},"name":"L_Addins","displayName":"추가 기능"},{"parentCategory":{"ref":"L_OneNoteOptions"},"name":"L_Spelling","displayName":"맞춤법 검사"},{"parentCategory":{"ref":"L_OneNoteOptions"},"name":"L_VersionsAndRecyleBin","displayName":"버전 및 휴지통"},{"parentCategory":{"ref":"L_OneNoteOptions"},"name":"L_Other","displayName":"기타"}],"policies":[{"parentCategory":{"ref":"L_Display"},"supportedOn":{"ref":"windows:SUPPORTED_Windows7"},"elements":{"items":[{"item":[{"value":{"decimal":{"value":0}},"displayName":"오른쪽"},{"value":{"decimal":{"value":1}},"displayName":"왼쪽"}],"valueName":"pagetabsonleft","inputType":"dropdownList","caption":"페이지 탭 컨트롤 위치 지정:","id":"L_Specifylocationofthepagetabcontrol"}]},"name":"L_Pagetabsappearontheleft","displayName":"왼쪽에 페이지 탭 표시","explainText":"오른쪽: \"왼쪽에 페이지 탭 표시\" 옵션을 선택 취소합니다. | 왼쪽: \"왼쪽에 페이지 탭 표시\" 옵션을 선택합니다.","tags":["L_Display","L_OneNoteOptions","L_MicrosoftOfficeOneNote"],"application":"onent16","key":"software\\microsoft\\office\\16.0\\onenote\\options\\other"},{"parentCategory":{"ref":"L_Display"},"supportedOn":{"ref":"windows:SUPPORTED_Windows7"},"enabledValue":{"decimal":{"value":1}},"disabledValue":{"decimal":{"value":0}},"name":"L_Verticalscrollbarappearsonleft","displayName":"왼쪽에 세로 스크롤 막대 표시","explainText":"해당 UI 옵션을 선택하거나 선택 취소합니다.","tags":["L_Display","L_OneNoteOptions","L_MicrosoftOfficeOneNote"],"application":"onent16","key":"software\\microsoft\\office\\16.0\\onenote\\options\\other","valueName":"vertscrollbaronleft"},{"parentCategory":{"ref":"L_Display"},"supportedOn":{"ref":"windows:SUPPORTED_Windows7"},"enabledValue":{"decimal":{"value":1}},"disabledValue":{"decimal":{"value":0}},"name":"L_ShowNoteContainers","displayName":"작성 영역 표시","explainText":"해당 UI 옵션을 선택하거나 선택 취소합니다.","tags":["L_Display","L_OneNoteOptions","L_MicrosoftOfficeOneNote"],"application":"onent16","key":"software\\microsoft\\office\\16.0\\onenote\\options\\other","valueName":"shownotecontainers"},{"parentCategory":{"ref":"L_Display"},"supportedOn":{"ref":"windows:SUPPORTED_Windows7"},"enabledValue":{"decimal":{"value":0}},"disabledValue":{"decimal":{"value":1}},"name":"L_Navigationbarappearsontheright","displayName":"오른쪽에 탐색 모음 표시","explainText":"이 옵션을 사용하면 탐색 모음이 표시되는 위치를 지정할 수 있습니다.","tags":["L_Display","L_OneNoteOptions","L_MicrosoftOfficeOneNote"],"application":"onent16","key":"software\\microsoft\\office\\16.0\\onenote\\options\\other","valueName":"navbaronleft"},{"parentCategory":{"ref":"L_Editing"},"supportedOn":{"ref":"windows:SUPPORTED_Windows7"},"enabledValue":{"decimal":{"value":0}},"disabledValue":{"decimal":{"value":1}},"name":"L_TurnOffLinkCreationWith","displayName":"[[ ]]로 링크 만들기 해제","explainText":"이 정책 설정을 통해 [[ ]]로 링크 만들기를 해제할 수 있습니다. OneNote에서는 용어를 [[ ]]로 묶어 자동으로 링크를 만들 수 있습니다. 그러면 OneNote에서는 해당 섹션에 자동으로 새 페이지를 만들고 해당 텍스트에 대한 링크를 만듭니다.\n\n이 정책 설정을 사용하면 [[ ]]를 사용하여 링크 및 새 페이지를 만들 수 없습니다.\n\n이 정책 설정을 사용하지 않거나 구성하지 않으면 OneNote에서는 사용자가 [[ ]]를 사용하면 자동으로 링크가 만들어집니다.","tags":["L_Editing","L_OneNoteOptions","L_MicrosoftOfficeOneNote"],"application":"onent16","key":"software\\microsoft\\office\\16.0\\onenote\\options\\editing","valueName":"wikilink"},{"parentCategory":{"ref":"L_Editing"},"supportedOn":{"ref":"windows:SUPPORTED_Windows7"},"enabledValue":{"decimal":{"value":0}},"disabledValue":{"decimal":{"value":1}},"name":"L_Turnoffautocalculator","displayName":"자동 계산기 해제","explainText":"이 옵션을 사용하면 자동 계산기 기능을 설정하거나 해제할 수 있습니다.","tags":["L_Editing","L_OneNoteOptions","L_MicrosoftOfficeOneNote"],"application":"onent16","key":"software\\microsoft\\office\\16.0\\onenote\\options\\editing","valueName":"autocalculate"},{"parentCategory":{"ref":"L_Editing"},"supportedOn":{"ref":"windows:SUPPORTED_Windows7"},"enabledValue":{"decimal":{"value":1}},"disabledValue":{"decimal":{"value":0}},"name":"L_ShowPasteOptionsbuttons","displayName":"붙여넣기 옵션 단추 표시","explainText":"해당 UI 옵션을 선택하거나 선택 취소합니다.","tags":["L_Editing","L_OneNoteOptions","L_MicrosoftOfficeOneNote"],"application":"onent16","key":"software\\microsoft\\office\\16.0\\onenote\\options\\other","valueName":"pasteooui"},{"parentCategory":{"ref":"L_Editing"},"supportedOn":{"ref":"windows:SUPPORTED_Windows7"},"enabledValue":{"decimal":{"value":1}},"disabledValue":{"decimal":{"value":0}},"name":"L_AutoNumberingRecognition","displayName":"번호 매기기 자동 인식","explainText":"\"목록에 자동으로 번호 매기기 적용\" 옵션을 선택하거나 선택 취소합니다.","tags":["L_Editing","L_OneNoteOptions","L_MicrosoftOfficeOneNote"],"application":"onent16","key":"software\\microsoft\\office\\16.0\\onenote\\options\\editing","valueName":"numbering auto reco"},{"parentCategory":{"ref":"L_Editing"},"supportedOn":{"ref":"windows:SUPPORTED_Windows7"},"enabledValue":{"decimal":{"value":1}},"disabledValue":{"decimal":{"value":0}},"name":"L_AutoBulletRecognition","displayName":"글머리 기호 자동 인식","explainText":"\"목록에 자동으로 글머리 기호 적용\" 옵션을 선택하거나 선택 취소합니다.","tags":["L_Editing","L_OneNoteOptions","L_MicrosoftOfficeOneNote"],"application":"onent16","key":"software\\microsoft\\office\\16.0\\onenote\\options\\editing","valueName":"bullet auto reco"},{"parentCategory":{"ref":"L_Editing"},"supportedOn":{"ref":"windows:SUPPORTED_Windows7"},"elements":{"items":[{"valueName":"defaultfontface","requiredSpecified":false,"expandableSpecified":false,"maxLength":2147483647,"maxLengthSpecified":false,"inputType":"textBox","caption":"글꼴:","id":"L_Font"}]},"name":"L_DefaultFontName","displayName":"기본 글꼴 이름","explainText":"\"글꼴\" 옵션에 값을 지정합니다.","tags":["L_Editing","L_OneNoteOptions","L_MicrosoftOfficeOneNote"],"application":"onent16","key":"software\\microsoft\\office\\16.0\\onenote\\options\\editing"},{"parentCategory":{"ref":"L_Editing"},"supportedOn":{"ref":"windows:SUPPORTED_Windows7"},"elements":{"items":[{"valueName":"defaultfontsize","requiredSpecified":false,"expandableSpecified":false,"maxLength":2147483647,"maxLengthSpecified":false,"inputType":"textBox","caption":"글꼴 크기:","id":"L_FontSize"}]},"name":"L_DefaultFontSize","displayName":"기본 글꼴 크기","explainText":"\"크기\" 옵션에 값을 지정합니다.","tags":["L_Editing","L_OneNoteOptions","L_MicrosoftOfficeOneNote"],"application":"onent16","key":"software\\microsoft\\office\\16.0\\onenote\\options\\editing"},{"parentCategory":{"ref":"L_Editing"},"supportedOn":{"ref":"windows:SUPPORTED_Windows7"},"enabledValue":{"decimal":{"value":1}},"disabledValue":{"decimal":{"value":0}},"name":"L_AutoKeyboardSwitching","displayName":"키보드 자동 전환","explainText":"\"키보드 자동 전환\" 옵션을 선택하거나 선택 취소합니다.","tags":["L_Editing","L_OneNoteOptions","L_MicrosoftOfficeOneNote"],"application":"onent16","key":"software\\microsoft\\office\\16.0\\onenote\\options\\language","valueName":"autokeyboard"},{"parentCategory":{"ref":"L_Editing"},"supportedOn":{"ref":"windows:SUPPORTED_Windows7"},"enabledValue":{"decimal":{"value":1}},"disabledValue":{"decimal":{"value":0}},"name":"L_IncludelinktosourcewhenpastingfromtheInternet","displayName":"인터넷에서 붙여 넣을 때 원본 링크 포함","explainText":"해당 UI 옵션을 선택하거나 선택 취소합니다.","tags":["L_Editing","L_OneNoteOptions","L_MicrosoftOfficeOneNote"],"application":"onent16","key":"software\\microsoft\\office\\16.0\\onenote\\options\\editing","valueName":"pasteincludeurl"},{"parentCategory":{"ref":"L_Pen"},"supportedOn":{"ref":"windows:SUPPORTED_Windows7"},"enabledValue":{"decimal":{"value":1}},"disabledValue":{"decimal":{"value":0}},"name":"L_DisableScratchout","displayName":"펜으로 지우기 사용 안 함","explainText":"필기하는 동안 펜으로 지우기 사용 안 함","tags":["L_Pen","L_OneNoteOptions","L_MicrosoftOfficeOneNote"],"application":"onent16","key":"software\\microsoft\\office\\16.0\\onenote\\options\\pen","valueName":"disablescratchout"},{"parentCategory":{"ref":"L_Pen"},"supportedOn":{"ref":"windows:SUPPORTED_Windows7"},"enabledValue":{"decimal":{"value":1}},"disabledValue":{"decimal":{"value":0}},"name":"L_Createallnewpageswithrulelines","displayName":"노트 선이 있는 새 페이지 만들기","explainText":"해당 UI 옵션을 선택하거나 선택 취소합니다.","tags":["L_Pen","L_OneNoteOptions","L_MicrosoftOfficeOneNote"],"application":"onent16","key":"software\\microsoft\\office\\16.0\\onenote\\options\\pen","valueName":"userulelines"},{"parentCategory":{"ref":"L_Pen"},"supportedOn":{"ref":"windows:SUPPORTED_Windows7"},"enabledValue":{"decimal":{"value":1}},"disabledValue":{"decimal":{"value":0}},"name":"L_Usepenpressuresensitivity","displayName":"펜 누르는 정도 인식 기능 사용","explainText":"해당 UI 옵션을 선택하거나 선택 취소합니다.","tags":["L_Pen","L_OneNoteOptions","L_MicrosoftOfficeOneNote"],"application":"onent16","key":"software\\microsoft\\office\\16.0\\onenote\\options\\pen","valueName":"inkpressure"},{"parentCategory":{"ref":"L_Pen"},"supportedOn":{"ref":"windows:SUPPORTED_Windows7"},"enabledValue":{"decimal":{"value":1}},"disabledValue":{"decimal":{"value":0}},"name":"L_AutomaticallyswitchbetweenPenandSelectionTool","displayName":"펜/선택 도구 자동 전환","explainText":"해당 UI 옵션을 선택하거나 선택 취소합니다.","tags":["L_Pen","L_OneNoteOptions","L_MicrosoftOfficeOneNote"],"application":"onent16","key":"software\\microsoft\\office\\16.0\\onenote\\options\\pen","valueName":"automodeswitch"},{"parentCategory":{"ref":"L_Pen"},"supportedOn":{"ref":"windows:SUPPORTED_Windows7"},"enabledValue":{"decimal":{"value":1}},"disabledValue":{"decimal":{"value":0}},"name":"L_ShowTabletPCInputPanelonOneNotepages","displayName":"OneNote 페이지에서 Tablet PC 입력판 표시","explainText":"OneNote 페이지에 Tablet PC 입력판을 표시하려면 이 정책을 사용하십시오.","tags":["L_Pen","L_OneNoteOptions","L_MicrosoftOfficeOneNote"],"application":"onent16","key":"software\\microsoft\\office\\16.0\\onenote\\options\\pen","valueName":"showtabletpcinputpanel"},{"parentCategory":{"ref":"L_Email"},"supportedOn":{"ref":"windows:SUPPORTED_Windows7"},"enabledValue":{"decimal":{"value":1}},"disabledValue":{"decimal":{"value":0}},"name":"L_AttachEmbeddedFilesToTheEmail","displayName":"포함된 파일을 별도의 파일로 전자 메일 메시지에 첨부","explainText":"이 정책 설정을 통해 파일 탭 | 옵션 | 고급 | OneNote에서 보낸 전자 메일에 있는 \"포함된 파일을 별도의 파일로 전자 메일 메시지에 첨부\" 옵션을 구성할 수 있습니다.\n\n이 정책 설정을 구성하지 않거나 사용하면 포함된 파일이 별도의 파일로 전자 메일 메시지에 첨부됩니다.\n\n이 정책 설정을 사용하지 않으면 포함된 파일은 별도의 파일로 전자 메일 메시지에 첨부되지 않습니다.","tags":["L_Email","L_OneNoteOptions","L_MicrosoftOfficeOneNote"],"application":"onent16","key":"software\\microsoft\\office\\16.0\\onenote\\options","valueName":"email embedded files"},{"parentCategory":{"ref":"L_Email"},"supportedOn":{"ref":"windows:SUPPORTED_Windows7"},"enabledValue":{"decimal":{"value":1}},"disabledValue":{"decimal":{"value":0}},"name":"L_AllowOneNoteemailattachments","displayName":"전자 메일에 OneNote 파일 첨부","explainText":"\"OneNote 파일로 원본 노트 복사본 첨부\" 옵션을 선택하거나 선택 취소합니다.","tags":["L_Email","L_OneNoteOptions","L_MicrosoftOfficeOneNote"],"application":"onent16","key":"software\\microsoft\\office\\16.0\\onenote\\options","valueName":"email attachment"},{"parentCategory":{"ref":"L_Email"},"supportedOn":{"ref":"windows:SUPPORTED_Windows7"},"enabledValue":{"decimal":{"value":1}},"disabledValue":{"decimal":{"value":0}},"name":"L_AddsignaturetoOneNoteemailmessages","displayName":"OneNote 전자 메일 메시지에 서명 추가","explainText":"\"OneNote에서 만들어진 전자 메일 메시지와 웹 페이지에 다음 서명 추가\" 옵션을 선택하거나 선택 취소합니다.","tags":["L_Email","L_OneNoteOptions","L_MicrosoftOfficeOneNote"],"application":"onent16","key":"software\\microsoft\\office\\16.0\\onenote\\options\\other","valueName":"emailsignature"},{"parentCategory":{"ref":"L_Email"},"supportedOn":{"ref":"windows:SUPPORTED_Windows7"},"elements":{"items":[{"valueName":"signature","requiredSpecified":false,"expandableSpecified":false,"maxLength":2147483647,"maxLengthSpecified":false,"inputType":"textBox","caption":"OneNote 전자 메일에 사용할 서명 입력","id":"L_EntersignaturetouseforOneNoteemail"}]},"name":"L_UsethissignatureforOneNoteemail","displayName":"OneNote 전자 메일에 이 서명 사용","explainText":"\"OneNote에서 만들어진 전자 메일 메시지와 웹 페이지에 다음 서명 추가\" 옵션에서 값을 설정합니다.","tags":["L_Email","L_OneNoteOptions","L_MicrosoftOfficeOneNote"],"application":"onent16","key":"software\\microsoft\\office\\16.0\\onenote\\options\\other"},{"parentCategory":{"ref":"L_NoteFlags"},"supportedOn":{"ref":"windows:SUPPORTED_Windows7"},"enabledValue":{"decimal":{"value":1}},"disabledValue":{"decimal":{"value":0}},"name":"L_Copyitemswhenmovingthem","displayName":"항목 이동 시 복사","explainText":"이 정책 설정을 통해 태그가 지정된 노트를 구성할 수 있습니다.\n\n이 정책 설정을 구성하지 않거나 사용하면 \"태그가 지정된 원본 노트를 그대로 표시\"가 선택됩니다.\n\n이 정책 설정을 사용하지 않으면 \"태그가 지정된 원본 노트를 흐리게 표시\"가 선택됩니다.","tags":["L_NoteFlags","L_OneNoteOptions","L_MicrosoftOfficeOneNote"],"application":"onent16","key":"software\\microsoft\\office\\16.0\\onenote\\options\\other","valueName":"duplicatenoteflag"},{"parentCategory":{"ref":"L_NoteFlags"},"supportedOn":{"ref":"windows:SUPPORTED_Windows7"},"enabledValue":{"decimal":{"value":1}},"disabledValue":{"decimal":{"value":0}},"name":"L_ShowDimmedTaggedNotesInTheTagsSummaryTaskPane","displayName":"[태그 요약] 작업창에 태그가 지정된 노트를 흐리게 표시","explainText":"\"[태그 요약] 작업창에 태그가 지정된 노트를 흐리게 표시\" 옵션을 선택하거나 선택 취소합니다.","tags":["L_NoteFlags","L_OneNoteOptions","L_MicrosoftOfficeOneNote"],"application":"onent16","key":"software\\microsoft\\office\\16.0\\onenote\\options\\other","valueName":"showinactivenoteflag"},{"parentCategory":{"ref":"L_AudioandVideo"},"supportedOn":{"ref":"windows:SUPPORTED_Windows7"},"enabledValue":{"decimal":{"value":0}},"disabledValue":{"decimal":{"value":1}},"name":"L_Disableaudosearch","displayName":"오디오 검색 사용 안 함","explainText":"OneNote 오디오 검색 기능을 사용하지 않도록 설정합니다.","tags":["L_AudioandVideo","L_OneNoteOptions","L_MicrosoftOfficeOneNote"],"application":"onent16","key":"software\\microsoft\\office\\16.0\\onenote\\options\\other","valueName":"enableaudiosearch"},{"parentCategory":{"ref":"L_AudioandVideo"},"supportedOn":{"ref":"windows:SUPPORTED_Windows7"},"enabledValue":{"decimal":{"value":1}},"disabledValue":{"decimal":{"value":0}},"name":"L_DisableLinkedAudiofeature","displayName":"연결된 오디오 기능 사용 안 함","explainText":"이 정책 설정을 통해 [삽입] 탭에서 [오디오 녹음] 및 [비디오 녹화] 명령을 구성할 수 있습니다.\n\n이 정책 설정을 사용하면 이러한 명령을 사용할 수 없습니다.\n\n이 정책 설정을 사용하지 않거나 구성하지 않으면 이러한 명령을 사용할 수 있습니다.","tags":["L_AudioandVideo","L_OneNoteOptions","L_MicrosoftOfficeOneNote"],"application":"onent16","key":"software\\microsoft\\office\\16.0\\onenote\\options\\audio","valueName":"disablerecording"},{"parentCategory":{"ref":"L_AudioandVideo"},"supportedOn":{"ref":"windows:SUPPORTED_Windows7"},"elements":{"items":[{"valueName":"defaultbitdepth","minValue":8,"minValueSpecified":true,"maxValue":48,"maxValueSpecified":true,"inputType":"decimalTextBox","caption":"비트:","id":"L_Bits"}]},"name":"L_Specifynumberofbitstosamplewhenrecording","displayName":"녹음할 때 샘플링할 비트 수 지정","explainText":"오디오를 녹음할 때 사용하는 샘플당 기본 비트 수(kbps)를 지정합니다. 적절한 코덱을 찾으면 이것이 바로 파일 탭 | 옵션 | 오디오 및 비디오에 있는 연결된 오디오에 대한 서식 설정에 사용되는 기본 비트 수준이 됩니다.","tags":["L_AudioandVideo","L_OneNoteOptions","L_MicrosoftOfficeOneNote"],"application":"onent16","key":"software\\microsoft\\office\\16.0\\onenote\\options\\audio"},{"parentCategory":{"ref":"L_AudioandVideo"},"supportedOn":{"ref":"windows:SUPPORTED_Windows7"},"elements":{"items":[{"valueName":"defaultsamplerate","minValue":8,"minValueSpecified":true,"maxValue":192,"maxValueSpecified":true,"inputType":"decimalTextBox","caption":"비트/초:","id":"L_BitsSecond"}]},"name":"L_Specifyratetosampleaudiobitssecond","displayName":"오디오 샘플링 속도(비트/초) 지정","explainText":"오디오를 녹음할 때 사용하는 기본 샘플 속도(kHz)를 지정합니다. 적절한 코덱을 찾으면 이것이 바로 파일 탭 | 옵션 | 오디오 및 비디오에 있는 연결된 오디오에 대한 서식 설정에 사용되는 기본 샘플 속도가 됩니다.","tags":["L_AudioandVideo","L_OneNoteOptions","L_MicrosoftOfficeOneNote"],"application":"onent16","key":"software\\microsoft\\office\\16.0\\onenote\\options\\audio"},{"parentCategory":{"ref":"L_AudioandVideo"},"supportedOn":{"ref":"windows:SUPPORTED_Windows7"},"elements":{"items":[{"valueName":"defaultchannels","minValue":1,"minValueSpecified":true,"maxValue":2,"maxValueSpecified":true,"inputType":"decimalTextBox","caption":"채널(1-2):","id":"L_Channels12"}]},"name":"L_Specifynumberofchannelstorecord","displayName":"기록할 채널 수 지정","explainText":"오디오를 녹음할 때 1 채널을 사용할지 또는 2 채널을 사용할지를 지정합니다. 적절한 코덱을 찾으면 이것이 바로 파일 탭 | 옵션 | 오디오 및 비디오에 있는 연결된 오디오에 대한 서식 설정에 사용되는 기본 채널 수입니다.","tags":["L_AudioandVideo","L_OneNoteOptions","L_MicrosoftOfficeOneNote"],"application":"onent16","key":"software\\microsoft\\office\\16.0\\onenote\\options\\audio"},{"parentCategory":{"ref":"L_AudioandVideo"},"supportedOn":{"ref":"windows:SUPPORTED_Windows7"},"elements":{"items":[{"valueName":"rewind","minValue":0,"minValueSpecified":true,"maxValue":999,"maxValueSpecified":true,"inputType":"decimalTextBox","caption":"단락의 시작에서 다음 시간만큼 되감기: (초)","id":"L_Rewindfromstartofparagraphbysec"}]},"name":"L_Rewindfromstartofparagraphbythefollowingnumberofseconds","displayName":"단락의 시작에서 되감을 시간(초)","explainText":"해당 UI 옵션에서 값을 설정합니다.","tags":["L_AudioandVideo","L_OneNoteOptions","L_MicrosoftOfficeOneNote"],"application":"onent16","key":"software\\microsoft\\office\\16.0\\onenote\\options\\audio"},{"parentCategory":{"ref":"L_AudioandVideo"},"supportedOn":{"ref":"windows:SUPPORTED_Windows7"},"elements":{"items":[{"item":[{"value":{"string":"Windows Media Video 8 for Color Pocket PCs (150 Kbps)"},"displayName":"컬러 Pocket PC(150Kbps)"},{"value":{"string":"Windows Media Video 8 for Dial-up Modems or Single-channel ISDN (28.8 to 56 Kbps)"},"displayName":"전화 접속 모뎀 또는 단일 채널 ISDN(28.8 - 56Kbps)"},{"value":{"string":"Windows Media Video 8 for LAN, Cable Modem, or xDSL (100 to 768 Kbps)"},"displayName":"LAN, 케이블 모뎀 또는 xDSL(100 - 768Kbps)"},{"value":{"string":"Windows Media Video 8 for Dial-up Modems or LAN (28.8 to 100 Kbps)"},"displayName":"전화 접속 모뎀 또는 LAN(28.8 - 100Kbps)"},{"value":{"string":"Windows Media Video 8 for Dial-up Modems (28.8 Kbps)"},"displayName":"전화 접속 모뎀(28.8Kbps)"},{"value":{"string":"Windows Media Video 8 for Dial-up Modems (56 Kbps)"},"displayName":"전화 접속 모뎀(56Kbps)"},{"value":{"string":"Windows Media Video 8 for Local Area Network (100 Kbps)"},"displayName":"LAN(100Kbps)"},{"value":{"string":"Windows Media Video 8 for Local Area Network (256 Kbps)"},"displayName":"LAN(256Kbps)"},{"value":{"string":"Windows Media Video 8 for Local Area Network (384 Kbps)"},"displayName":"LAN(384Kbps)"},{"value":{"string":"Windows Media Video 8 for Broadband (NTSC, 700 Kbps)"},"displayName":"광대역(NTSC, 700Kbps)"},{"value":{"string":"Windows Media Video 8 for Broadband (NTSC, 1400 Kbps)"},"displayName":"광대역(NTSC, 1400Kbps)"},{"value":{"string":"Windows Media Video 8 for Broadband (PAL, 384 Kbps)"},"displayName":"광대역(PAL, 384Kbps)"},{"value":{"string":"Windows Media Video 8 for Broadband (PAL, 700 Kbps)"},"displayName":"광대역(PAL, 700Kbps)"}],"valueName":"videocaptureprofile","inputType":"dropdownList","caption":"Windows Media Video 8 코덱 선택:","id":"L_ChoosetheWindowsMediaVideo8codec"}]},"name":"L_ChoosedefaultcodectobeusedforVideonotebook","displayName":"비디오 전자 필기장에 사용할 기본 코덱 선택","explainText":"이 옵션은 OneNote에서 만든 비디오 녹화물에 사용되는 기본 코덱을 설정합니다.","tags":["L_AudioandVideo","L_OneNoteOptions","L_MicrosoftOfficeOneNote"],"application":"onent16","key":"software\\microsoft\\office\\16.0\\onenote\\options\\audio"},{"parentCategory":{"ref":"L_Cryptography"},"supportedOn":{"ref":"windows:SUPPORTED_Windows7"},"elements":{"items":[{"valueName":"cipheralgorithm","required":true,"requiredSpecified":true,"expandableSpecified":false,"maxLength":2147483647,"maxLengthSpecified":false,"inputType":"textBox","caption":"CNG 암호화 알고리즘:","id":"L_SetCNGCipherAlgorithmID"}]},"name":"L_SetCNGCipherAlgorithm","displayName":"CNG 암호화 알고리즘 설정","explainText":"이 정책 설정을 통해 사용되는 CNG 암호화 알고리즘을 구성할 수 있습니다.\n\n이 정책 설정을 사용하면 제공되는 암호화가 지원되는 알고리즘이면 사용됩니다.\n\n이 정책 설정을 사용하지 않거나 구성하지 않으면 AES가 사용됩니다.","tags":["L_Cryptography","L_Security","L_OneNoteOptions","L_MicrosoftOfficeOneNote"],"application":"onent16","key":"software\\microsoft\\office\\16.0\\onenote\\security\\crypto"},{"parentCategory":{"ref":"L_Cryptography"},"supportedOn":{"ref":"windows:SUPPORTED_Windows7"},"elements":{"items":[{"item":[{"value":{"string":"ChainingModeCBC"},"displayName":"CBC(암호화 블록 체인)"},{"value":{"string":"ChainingModeCFB"},"displayName":"CFB(암호화 피드백)"}],"valueName":"cipherchaining","inputType":"dropdownList","id":"L_ConfigureCNGCipherChainingModeDropID"}]},"name":"L_ConfigureCNGCipherChainingMode","displayName":"CNG 암호화 체인 모드 구성","explainText":"이 정책 설정을 통해 사용되는 암호화 체인 모드를 구성할 수 있습니다.\n\n이 정책 설정을 사용하면 지정된 암호화 체인 모드가 적용됩니다.\n\n이 정책 설정을 사용하지 않거나 구성하지 않으면 CBC(암호화 블록 체인)가 사용되는 기본 CNG 암호화 체인 모드입니다.","tags":["L_Cryptography","L_Security","L_OneNoteOptions","L_MicrosoftOfficeOneNote"],"application":"onent16","key":"software\\microsoft\\office\\16.0\\onenote\\security\\crypto"},{"parentCategory":{"ref":"L_Cryptography"},"supportedOn":{"ref":"windows:SUPPORTED_Windows7"},"elements":{"items":[{"valueName":"cipherkeybits","minValue":0,"minValueSpecified":true,"maxValue":1000000,"maxValueSpecified":true,"inputType":"decimalTextBox","caption":"암호화 키 길이","id":"L_SetCNGCipherKeyLengthSpinID"}]},"name":"L_SetCNGCipherKeyLength","displayName":"CNG 암호화 키 길이 설정","explainText":"이 정책 설정을 통해 암호화 키를 만들 때 사용할 비트 수를 구성할 수 있습니다. 이 수는 8의 배수로 내림됩니다.\n\n이 정책 설정을 사용하면 지정된 키 비트가 사용됩니다.\n\n이 정책 설정을 사용하지 않거나 구성하지 않으면 기본값이 사용됩니다.","tags":["L_Cryptography","L_Security","L_OneNoteOptions","L_MicrosoftOfficeOneNote"],"application":"onent16","key":"software\\microsoft\\office\\16.0\\onenote\\security\\crypto"},{"parentCategory":{"ref":"L_Cryptography"},"supportedOn":{"ref":"windows:SUPPORTED_Windows7"},"elements":{"items":[{"item":[{"value":{"decimal":{"value":0}},"displayName":"이전 형식 사용"},{"value":{"decimal":{"value":1}},"displayName":"다음 세대 형식 사용"},{"value":{"decimal":{"value":2}},"displayName":"다음 세대 형식으로 모든 파일 저장"}],"valueName":"compatmode","inputType":"dropdownList","id":"L_SpecifyEncryptionCompatibilityDropID"}]},"name":"L_SpecifyEncryptionCompatibility","displayName":"암호화 호환성 지정","explainText":"이 정책 설정을 통해 암호화된 데이터베이스 호환성을 지정할 수 있습니다.\n\n이 정책 설정을 사용하면 지정된 호환성 형식이 새 파일의 암호화 중에 적용됩니다.\n- 이전 형식 사용\n- 다음 세대 형식 사용\n- 다음 세대 형식으로 모든 파일 저장\n\n이 정책 설정을 사용하지 않거나 구성하지 않으면 기본 설정인 \"다음 세대 형식 사용\"이 적용됩니다.","tags":["L_Cryptography","L_Security","L_OneNoteOptions","L_MicrosoftOfficeOneNote"],"application":"onent16","key":"software\\microsoft\\office\\16.0\\onenote\\security\\crypto"},{"parentCategory":{"ref":"L_Cryptography"},"supportedOn":{"ref":"windows:SUPPORTED_Windows7"},"elements":{"items":[{"valueName":"context","required":true,"requiredSpecified":true,"expandableSpecified":false,"maxLength":2147483647,"maxLengthSpecified":false,"inputType":"textBox","caption":"매개 변수","id":"L_SetParametersForCNGContextID"}]},"name":"L_SetParametersForCNGContext","displayName":"CNG 컨텍스트에 대한 매개 변수 설정","explainText":"이 정책 설정을 사용하여 CNG 컨텍스트에 사용할 암호화 매개 변수를 지정할 수 있습니다. \n\n이 정책 설정을 사용하면 지정된 매개 변수가 CNG 컨텍스트로 전달됩니다.\n\n이 정책 설정을 사용하지 않거나 구성하지 않으면 기본 CNG 값이 사용됩니다.","tags":["L_Cryptography","L_Security","L_OneNoteOptions","L_MicrosoftOfficeOneNote"],"application":"onent16","key":"software\\microsoft\\office\\16.0\\onenote\\security\\crypto"},{"parentCategory":{"ref":"L_Cryptography"},"supportedOn":{"ref":"windows:SUPPORTED_Windows7"},"elements":{"items":[{"item":[{"value":{"string":"SHA1"},"displayName":"SHA1"},{"value":{"string":"SHA256"},"displayName":"SHA256"},{"value":{"string":"SHA384"},"displayName":"SHA384"},{"value":{"string":"SHA512"},"displayName":"SHA512"}],"valueName":"hashalgorithm","inputType":"dropdownList","id":"L_SpecifyCNGHashAlgorithmDropID"}]},"name":"L_SpecifyCNGHashAlgorithm","displayName":"CNG 해시 알고리즘 지정","explainText":"이 정책 설정을 통해 사용되는 해시 알고리즘을 지정할 수 있습니다.\n\n이 정책 설정을 사용하면 선택된 해시 알고리즘이 CNG에서 사용됩니다.\n\n이 정책 설정을 사용하지 않거나 구성하지 않으면 기본 CNG 해시 알고리즘이 사용됩니다.","tags":["L_Cryptography","L_Security","L_OneNoteOptions","L_MicrosoftOfficeOneNote"],"application":"onent16","key":"software\\microsoft\\office\\16.0\\onenote\\security\\crypto"},{"parentCategory":{"ref":"L_Cryptography"},"supportedOn":{"ref":"windows:SUPPORTED_Windows7"},"elements":{"items":[{"valueName":"passwordspincount","minValue":0,"minValueSpecified":true,"maxValue":10000000,"maxValueSpecified":true,"inputType":"decimalTextBox","id":"L_SetCNGPasswordSpinCountSpinID"}]},"name":"L_SetCNGPasswordSpinCount","displayName":"CNG 암호 스핀 수 설정","explainText":"이 정책 설정을 통해 암호 확인 프로그램을 스핀(다시 해시)하는 횟수를 지정할 수 있습니다.\n\n이 정책 설정을 사용하면 지정된 수는 암호가 다시 해시되는 횟수입니다.\n\n이 정책 설정을 사용하지 않거나 구성하지 않으면 기본값(100000)이 사용됩니다.","tags":["L_Cryptography","L_Security","L_OneNoteOptions","L_MicrosoftOfficeOneNote"],"application":"onent16","key":"software\\microsoft\\office\\16.0\\onenote\\security\\crypto"},{"parentCategory":{"ref":"L_Cryptography"},"supportedOn":{"ref":"windows:SUPPORTED_Windows7"},"elements":{"items":[{"valueName":"rngalgorithm","required":true,"requiredSpecified":true,"expandableSpecified":false,"maxLength":2147483647,"maxLengthSpecified":false,"inputType":"textBox","caption":"난수 생성기:","id":"L_SpecifyCNGRandomNumberGeneratorAlgorithmID"}]},"name":"L_SpecifyCNGRandomNumberGeneratorAlgorithm","displayName":"CNG 난수 생성기 알고리즘 지정","explainText":"이 정책 설정을 통해 사용할 CNG 난수 생성기를 구성할 수 있습니다.\n\n이 정책 설정을 사용하면 지정된 난수 생성기가 사용됩니다.\n\n이 정책 설정을 사용하지 않거나 구성하지 않으면 기본 난수 생성기가 사용됩니다.","tags":["L_Cryptography","L_Security","L_OneNoteOptions","L_MicrosoftOfficeOneNote"],"application":"onent16","key":"software\\microsoft\\office\\16.0\\onenote\\security\\crypto"},{"parentCategory":{"ref":"L_Cryptography"},"supportedOn":{"ref":"windows:SUPPORTED_Windows7"},"elements":{"items":[{"valueName":"saltbytes","minValue":0,"minValueSpecified":true,"maxValue":5000,"maxValueSpecified":true,"inputType":"decimalTextBox","caption":"바이트 수","id":"L_SpecifyCNGSaltLengthSpinID"}]},"name":"L_SpecifyCNGSaltLength","displayName":"CNG 솔트 길이 지정","explainText":"이 정책 설정을 통해 사용할 솔트의 바이트 수를 지정할 수 있습니다.\n\n이 정책 설정을 사용하면 지정한 바이트가 사용됩니다.\n\n이 정책 설정을 사용하지 않거나 구성하지 않으면 기본 길이 또는 16이 사용됩니다.","tags":["L_Cryptography","L_Security","L_OneNoteOptions","L_MicrosoftOfficeOneNote"],"application":"onent16","key":"software\\microsoft\\office\\16.0\\onenote\\security\\crypto"},{"parentCategory":{"ref":"L_Save"},"supportedOn":{"ref":"windows:SUPPORTED_Windows7"},"elements":{"items":[{"valueName":"notebook root","requiredSpecified":false,"expandableSpecified":false,"maxLength":2147483647,"maxLengthSpecified":false,"inputType":"textBox","caption":"","id":"L_empty1"}]},"name":"L_NotebookRoot","displayName":"전자 필기장 루트","explainText":"새 전자 필기장의 기본 위치를 변경하려면 문서의 상대 폴더 경로를 입력하십시오.","tags":["L_Save","L_OneNoteOptions","L_MicrosoftOfficeOneNote"],"application":"onent16","key":"software\\microsoft\\office\\16.0\\onenote\\options\\save"},{"parentCategory":{"ref":"L_Save"},"supportedOn":{"ref":"windows:SUPPORTED_Windows7"},"elements":{"items":[{"valueName":"unfilednotessection","requiredSpecified":false,"expandableSpecified":false,"maxLength":2147483647,"maxLengthSpecified":false,"inputType":"textBox","caption":"슬라이드 노트를 열 섹션:","id":"L_OpenSideNotesinthissection"}]},"name":"L_Locationofunfilednotessection","displayName":"분류되지 않은 노트 섹션의 위치","explainText":"OneNote에서 분류되지 않은 노트 섹션을 저장하는 위치입니다.","tags":["L_Save","L_OneNoteOptions","L_MicrosoftOfficeOneNote"],"application":"onent16","key":"software\\microsoft\\office\\16.0\\onenote\\options\\paths"},{"parentCategory":{"ref":"L_Save"},"supportedOn":{"ref":"windows:SUPPORTED_Windows7"},"elements":{"items":[{"valueName":"backupfolderpath","requiredSpecified":false,"expandableSpecified":false,"maxLength":2147483647,"maxLengthSpecified":false,"inputType":"textBox","caption":"백업 폴더:","id":"L_BackupFolder"}]},"name":"L_LocationofBackupFolder","displayName":"백업 폴더 위치","explainText":"해당 UI 옵션에서 값을 설정합니다.","tags":["L_Save","L_OneNoteOptions","L_MicrosoftOfficeOneNote"],"application":"onent16","key":"software\\microsoft\\office\\16.0\\onenote\\options\\paths"},{"parentCategory":{"ref":"L_Save"},"supportedOn":{"ref":"windows:SUPPORTED_Windows7"},"elements":{"items":[{"valueName":"percentfreespacebeforeoptimize","minValue":0,"minValueSpecified":true,"maxValue":100,"maxValueSpecified":true,"inputType":"decimalTextBox","caption":"비율(%) 입력:","id":"L_EnterPercentage"}]},"name":"L_Percentageofunuseddiskspacetoallowinsections","displayName":"섹션에 사용할 수 있는 디스크 공간의 비율(%)","explainText":"\"최적화하지 않고 섹션에서 사용하지 않는 공간의 비율(%)\" 옵션에서 값을 설정합니다.","tags":["L_Save","L_OneNoteOptions","L_MicrosoftOfficeOneNote"],"application":"onent16","key":"software\\microsoft\\office\\16.0\\onenote\\options\\save"},{"parentCategory":{"ref":"L_Password"},"supportedOn":{"ref":"windows:SUPPORTED_Windows7"},"enabledValue":{"decimal":{"value":0}},"disabledValue":{"decimal":{"value":1}},"name":"L_Disallowsaddonsaccesstopass","displayName":"추가 기능이 암호로 보호된 구역에 액세스할 수 없도록 합니다.","explainText":"이 옵션을 선택하면 확장 추가 기능의 잠금이 해제된 암호 보호 구역 액세스 기능을 사용할 수 없습니다.","tags":["L_Password","L_OneNoteOptions","L_MicrosoftOfficeOneNote"],"application":"onent16","key":"software\\microsoft\\office\\16.0\\onenote\\security","valueName":"allowaddinaccesstoencryptedfiles"},{"parentCategory":{"ref":"L_Password"},"supportedOn":{"ref":"windows:SUPPORTED_Windows7"},"enabledValue":{"decimal":{"value":1}},"disabledValue":{"decimal":{"value":0}},"name":"L_Disablepasswordprotectedsections","displayName":"암호 보호 구역 사용 안 함","explainText":"암호로 보호된 새 구역을 만드는 기능을 사용하지 않도록 설정합니다. 그러나 암호 집합이 있는 기존 구역은 잠금을 해제하여 편집할 수 있습니다.","tags":["L_Password","L_OneNoteOptions","L_MicrosoftOfficeOneNote"],"application":"onent16","key":"software\\microsoft\\office\\16.0\\onenote\\general","valueName":"passwordprotectiondisabled"},{"parentCategory":{"ref":"L_Password"},"supportedOn":{"ref":"windows:SUPPORTED_Windows7"},"enabledValue":{"decimal":{"value":1}},"disabledValue":{"decimal":{"value":0}},"name":"L_LockpasswordprotectedsectionsassoonasInavigateawayfromthem","displayName":"섹션에서 벗어나는 즉시 암호로 보호된 섹션 잠금","explainText":"OneNote에서는 암호를 사용하여 섹션을 보호할 수 있으며, 사용자는 암호를 입력하여 섹션을 한 번 잠근 후에 제한 시간이 초과된 후나 해당 섹션에서 다른 위치로 이동할 때 다시 잠글 수 있습니다. 이 옵션을 사용하면 사용자가 암호로 보호된 섹션에서 다른 위치로 이동할 때 해당 섹션이 잠깁니다.","tags":["L_Password","L_OneNoteOptions","L_MicrosoftOfficeOneNote"],"application":"onent16","key":"software\\microsoft\\office\\16.0\\onenote\\security","valueName":"locksectionsimmediately"},{"parentCategory":{"ref":"L_Backup"},"supportedOn":{"ref":"windows:SUPPORTED_Windows7"},"elements":{"items":[{"valueName":"backupnumberofbackupstokeep","minValue":0,"minValueSpecified":true,"maxValue":1000,"maxValueSpecified":true,"inputType":"decimalTextBox","caption":"보관할 백업 복사본 수","id":"L_numberofbackupcopiestokeep2"}]},"name":"L_Numberofbackupcopiestokeep","displayName":"보관할 백업 복사본 수","explainText":"해당 UI 옵션에서 값을 설정합니다.","tags":["L_Backup","L_OneNoteOptions","L_MicrosoftOfficeOneNote"],"application":"onent16","key":"software\\microsoft\\office\\16.0\\onenote\\options\\save"},{"parentCategory":{"ref":"L_SendToOneNote"},"supportedOn":{"ref":"windows:SUPPORTED_Windows7"},"enabledValue":{"decimal":{"value":1}},"disabledValue":{"decimal":{"value":0}},"name":"L_DisableOutlooksendemailtoOneNoteoption","displayName":"[Outlook에서 OneNote로 전자 메일 보내기] 옵션 사용 안 함","explainText":"이 정책은 Microsoft Outlook용 \"OneNote로 보내기\" 추가 기능을 사용하지 않도록 합니다. 기본적으로 OneNote에서는 사용자가 전자 메일을 OneNote로 보낼 수 있도록 하는 추가 기능이 Outlook 도구 모음에 설치됩니다. \"OneNote로 보내기\" 단추는 Outlook의 기본 메일 모듈을 비롯하여 전자 메일 메시지를 볼 때도 표시됩니다. 이 정책을 사용하면 이 기능을 사용하지 않도록 설정할 수 있습니다.","tags":["L_SendToOneNote","L_OneNoteOptions","L_MicrosoftOfficeOneNote"],"application":"onent16","key":"software\\microsoft\\office\\16.0\\onenote\\options\\outlookandweb","valueName":"disablesendemailtoonenote"},{"parentCategory":{"ref":"L_Addins"},"supportedOn":{"ref":"windows:SUPPORTED_Windows7"},"enabledValue":{"decimal":{"value":1}},"disabledValue":{"decimal":{"value":0}},"name":"L_DisableOneNoteCOMAPI","displayName":"OneNote COM API 사용 안 함","explainText":"OneNote COM API 사용 안 함 - 이 설정은 COM API를 사용할 수 있는 추가 기능 응용 프로그램을 사용하지 않도록 합니다. 이 설정을 사용하면 이 API를 사용하는 다른 기능(예: Outlook에서 OneNote로 정보 보내기)도 사용할 수 없게 됩니다.","tags":["L_Addins","L_OneNoteOptions","L_MicrosoftOfficeOneNote"],"application":"onent16","key":"software\\microsoft\\office\\16.0\\onenote\\security","valueName":"disablecomapi"},{"parentCategory":{"ref":"L_Addins"},"supportedOn":{"ref":"windows:SUPPORTED_Windows7"},"enabledValue":{"decimal":{"value":1}},"disabledValue":{"decimal":{"value":0}},"name":"L_DisableinstalledOneNoteaddins","displayName":"설치되어 있는 OneNote 추가 기능 사용 안 함","explainText":"설치되어 있는 OneNote 추가 기능을 모두 해제합니다.","tags":["L_Addins","L_OneNoteOptions","L_MicrosoftOfficeOneNote"],"application":"onent16","key":"software\\microsoft\\office\\16.0\\onenote\\security","valueName":"disablealladdins"},{"parentCategory":{"ref":"L_Spelling"},"supportedOn":{"ref":"windows:SUPPORTED_Windows7"},"elements":{"items":[{"item":[{"value":{"decimal":{"value":0}},"displayName":"맞춤법 검사 안 함"},{"value":{"decimal":{"value":1}},"displayName":"입력할 때 자동으로 맞춤법 검사"},{"value":{"decimal":{"value":2}},"displayName":"맞춤법 오류 숨기기"},{"value":{"decimal":{"value":3}},"displayName":"맞춤법을 검사하고 오류 숨기기"}],"valueName":"onenotespellingoptions","inputType":"dropdownList","id":"L_empty11"}]},"name":"L_OneNoteSpellingOptions","displayName":"OneNote 맞춤법 검사 옵션","explainText":"이 옵션은 파일 탭 | 옵션 | 언어 교정 대화 상자에 표시되는 \"OneNote에서 맞춤법 검사\" 옵션을 변경합니다.","tags":["L_Spelling","L_OneNoteOptions","L_MicrosoftOfficeOneNote"],"application":"onent16","key":"software\\microsoft\\shared tools\\proofing tools\\1.0\\office"},{"parentCategory":{"ref":"L_VersionsAndRecyleBin"},"supportedOn":{"ref":"windows:SUPPORTED_Windows7"},"enabledValue":{"decimal":{"value":0}},"disabledValue":{"decimal":{"value":1}},"name":"L_TurnOffVersionsAndNotebookRecycleBinInSharedNotebooks","displayName":"공유 전자 필기장에서 버전 및 전자 필기장 휴지통 해제","explainText":"이 정책 설정을 통해 버전 및 전자 필기장 휴지통이 포함되어 있는 버전 기록을 해제할 수 있습니다. 2016 형식 전자 필기장을 사용하면 OneNote는 전자 필기장에 이전 버전 페이지를 자동으로 저장하며 삭제된 모든 페이지 및 섹션에 대한 전자 필기장도 저장합니다.\n\n이 정책 설정을 사용하면 버전 기록이 해제됩니다.\n\n이 정책 설정을 사용하지 않거나 구성하지 않으면 OneNote에서 기본적으로 이전 버전을 저장합니다.","tags":["L_VersionsAndRecyleBin","L_OneNoteOptions","L_MicrosoftOfficeOneNote"],"application":"onent16","key":"software\\microsoft\\office\\16.0\\onenote\\options\\versions","valueName":"enablehistory"},{"parentCategory":{"ref":"L_VersionsAndRecyleBin"},"supportedOn":{"ref":"windows:SUPPORTED_Windows7"},"enabledValue":{"decimal":{"value":0}},"disabledValue":{"decimal":{"value":1}},"name":"L_DoNotPruneVersionsOverTime","displayName":"이전 버전 정리","explainText":"이 정책 설정을 통해 OneNote의 자동 정리를 해제할 수 있습니다. 2016 형식 전자 필기장을 사용하면 OneNote는 전자 필기장에 이전 버전 페이지를 자동으로 저장하며 삭제된 모든 페이지 및 섹션에 대한 전자 필기장도 저장합니다.\n\n이 정책 설정을 사용하면 OneNote에서는 이전 버전을 정리하지 않습니다.\n\n이 정책 설정을 사용하지 않거나 구성하지 않으면 OneNote에서는 이전 버전을 정리합니다. 기본값은 이전 버전을 정리하는 것입니다. OneNote가 이전 버전을 정리하지 않게 하려는 경우에만 이 정책 설정을 사용하도록 설정합니다.","tags":["L_VersionsAndRecyleBin","L_OneNoteOptions","L_MicrosoftOfficeOneNote"],"application":"onent16","key":"software\\microsoft\\office\\16.0\\onenote\\options\\versions","valueName":"pruneversionsovertime"},{"parentCategory":{"ref":"L_VersionsAndRecyleBin"},"supportedOn":{"ref":"windows:SUPPORTED_Windows7"},"elements":{"items":[{"valueName":"daysofallversions","minValue":0,"minValueSpecified":true,"maxValue":365,"maxValueSpecified":true,"inputType":"decimalTextBox","caption":"보관 시작 일","id":"L_DaysOfAllVersionsSpinID"}]},"name":"L_DaysOfAllVersions","displayName":"모든 버전 기록 항목이 정리로부터 \"안전\"한 기간(일)","explainText":"이 정책 설정을 통해 OneNote에서 포괄적인 버전 기록 페이지를 유지 관리하는 기간을 지정할 수 있습니다. 지정된 시간이 지나면 OneNote는 저장소 공간을 적게 사용하는 보다 기본적인 버전 기록 페이지를 유지 관리합니다.\n\n이 정책 설정을 사용하면 OneNote에서는 지정한 기간 동안 포괄적인 버전 기록 페이지를 관리한 다음 해당 기간이 만료되면 기본적인 버전 기록 페이지를 유지 관리합니다.\n\n이 정책 설정을 사용하지 않거나 구성하지 않으면 OneNote에서는 2일 동안 포괄적인 버전 기록 페이지를 유지 관리한 다음 해당 기간이 만료되면 기본적인 버전 기록 페이지를 유지 관리합니다.\n      ","tags":["L_VersionsAndRecyleBin","L_OneNoteOptions","L_MicrosoftOfficeOneNote"],"application":"onent16","key":"software\\microsoft\\office\\16.0\\onenote\\options\\versions"},{"parentCategory":{"ref":"L_VersionsAndRecyleBin"},"supportedOn":{"ref":"windows:SUPPORTED_Windows7"},"elements":{"items":[{"valueName":"daysofhourlyversions","minValue":0,"minValueSpecified":true,"maxValue":365,"maxValueSpecified":true,"inputType":"decimalTextBox","caption":"보관 시작 일","id":"L_DaysOfHourlyVersionsNotToPruneAfterDaysBackSpinID"}]},"name":"L_DaysOfHourlyVersionsNotToPruneAfterDaysBack","displayName":"다음 일부터 시간별 버전을 정리하지 않고 보관","explainText":"이 정책 설정을 통해 시간별 버전을 정리하지 않고 보관할 기간(일)을 설정할 수 있습니다. 2016 형식 전자 필기장을 사용하면 OneNote는 전자 필기장에 이전 버전 페이지를 자동으로 저장하며 삭제된 모든 페이지 및 섹션에 대한 전자 필기장도 저장합니다.\n\n이 정책 설정을 사용하면 \"보관 시작 일\" 설정 이후에 시간별 버전을 보관할 기간(일)을 지정할 수 있습니다. 이 값은 시간별 버전 기록 정보를 보관할 \"DaysOfAllVersions\" 이후의 기간(일)을 지정합니다. \"DaysOfAllVersions\" 이후부터 해당 일 수 동안 시간당 하나의 버전이 보관됩니다.\n\n이 정책 설정을 사용하지 않거나 구성하지 않으면 OneNote에서는 지난 5일 간의 시간별 버전을 보관합니다.","tags":["L_VersionsAndRecyleBin","L_OneNoteOptions","L_MicrosoftOfficeOneNote"],"application":"onent16","key":"software\\microsoft\\office\\16.0\\onenote\\options\\versions"},{"parentCategory":{"ref":"L_VersionsAndRecyleBin"},"supportedOn":{"ref":"windows:SUPPORTED_Windows7"},"elements":{"items":[{"valueName":"maxuniquedayversions","minValue":0,"minValueSpecified":true,"maxValue":365,"maxValueSpecified":true,"inputType":"decimalTextBox","caption":"최대 버전 수","id":"L_MaximumNumberOfOncePerDayVersionHistoryItemsKeptSpinID"}]},"name":"L_MaximumNumberOfOncePerDayVersionHistoryItemsKept","displayName":"매일 최대 1개의 버전 기록 항목 보존","explainText":"이 정책 설정을 통해 각 페이지에 대해 매일 한 번씩 기록 항목을 보관할 수 있습니다. 2016 형식 전자 필기장을 사용하면 OneNote는 전자 필기장에 이전 버전 페이지를 자동으로 저장하며 삭제된 모든 페이지 및 섹션에 대한 전자 필기장도 저장합니다.\n\n이 정책 설정을 사용하면 매일 보관할 버전 수를 설정할 수 있습니다. -1 값을 설정하면 OneNote는 매일 한 번씩 이전 버전 기록 항목을 모두 보관합니다.\n \n이 정책 설정을 사용하지 않거나 구성하지 않으면 OneNote는 지난 10일 동안 매일 하나의 페이지가 보관됩니다.","tags":["L_VersionsAndRecyleBin","L_OneNoteOptions","L_MicrosoftOfficeOneNote"],"application":"onent16","key":"software\\microsoft\\office\\16.0\\onenote\\options\\versions"},{"parentCategory":{"ref":"L_VersionsAndRecyleBin"},"supportedOn":{"ref":"windows:SUPPORTED_Windows7"},"elements":{"items":[{"valueName":"deleteallversionsafter","minValue":0,"minValueSpecified":true,"maxValue":365,"maxValueSpecified":true,"inputType":"decimalTextBox","caption":"다음 일부터 버전 보관","id":"L_DaysBackToKeepInVersionHistorySpinID"}]},"name":"L_DaysBackToKeepInVersionHistory","displayName":"다음 일부터 버전 기록 보관","explainText":"이 정책 설정을 통해 이 값이 삭제되기 전에 모든 버전 기록 항목을 만든 일 수를 설정할 수 있습니다. 2016 형식 전자 필기장을 사용하면 OneNote는 전자 필기장에 이전 버전 페이지를 자동으로 저장하며 삭제된 모든 페이지 및 섹션에 대한 전자 필기장도 저장합니다.\n\n이 정책 설정을 사용하면 버전 기록을 삭제할 기간(일)을 설정할 수 있습니다.\n\n이 정책 설정을 사용하지 않거나 구성하지 않으면 OneNote에서는 기본적으로 해당 일부터 모든 날짜에 대한 이전 버전을 보관합니다. 이것은 기본값 -1입니다.","tags":["L_VersionsAndRecyleBin","L_OneNoteOptions","L_MicrosoftOfficeOneNote"],"application":"onent16","key":"software\\microsoft\\office\\16.0\\onenote\\options\\versions"},{"parentCategory":{"ref":"L_VersionsAndRecyleBin"},"supportedOn":{"ref":"windows:SUPPORTED_Windows7"},"elements":{"items":[{"valueName":"daystokeeprecycleditems","minValue":0,"minValueSpecified":true,"maxValue":365,"maxValueSpecified":true,"inputType":"decimalTextBox","caption":"다음 일부터 휴지통에 항목 보관","id":"L_DaysBackToKeepItemsInRecycleBinSpinID"}]},"name":"L_DaysBackToKeepItemsInRecycleBin","displayName":"다음 일부터 휴지통에 항목 보관","explainText":"이 정책 설정을 통해 버전 기록이 정리될 때 값이 삭제되기 전에 모든 항목이 휴지통에 추가되기까지의 기간(일)을 설정할 수 있습니다. 2016 형식 전자 필기장을 사용하면 OneNote는 전자 필기장에 이전 버전 페이지를 자동으로 저장하며 삭제된 모든 페이지 및 섹션에 대한 전자 필기장도 저장합니다.\n\n이 정책 설정을 사용하면 휴지통 항목을 보관할 이전 기간(일)을 설정할 수 있습니다.\n\n이 정책 설정을 사용하지 않거나 구성하지 않으면 OneNote에서는 기본값인 이전 60일을 사용합니다.","tags":["L_VersionsAndRecyleBin","L_OneNoteOptions","L_MicrosoftOfficeOneNote"],"application":"onent16","key":"software\\microsoft\\office\\16.0\\onenote\\options\\versions"},{"parentCategory":{"ref":"L_Other"},"supportedOn":{"ref":"windows:SUPPORTED_Windows7"},"elements":{"items":[{"valueName":"folderpollinterval","minValue":1,"minValueSpecified":true,"maxValue":3600,"maxValueSpecified":true,"inputType":"decimalTextBox","caption":"서버 폴링 간격(초)","id":"L_SetUNCIntervalToPollForChangesOnFileServersSpinID"}]},"name":"L_SetUNCIntervalToPollForChangesOnFileServers","displayName":"파일 서버의 변경 내용을 폴링하는 UNC 간격 설정","explainText":"이 정책 설정을 통해 OneNote에서 서버의 변경 내용을 폴링하는 동기화 간격을 변경할 수 있습니다. OneNote는 SMB 또는 Windows 파일 공유라고도 하는 UNC에서 전자 필기장을 동기화할 때 파일 서버에서 알림을 받으며 서버를 폴링하여 서버의 새로운 업데이트를 찾습니다.\n\n이 간격을 더 짧게 지정하면 OneNote에서 더 빠르게 동기화를 수행하지만 서버에서 성능 문제가 발생할 수도 있습니다.\n\n이 정책 설정을 사용하면 OneNote에서 폴링하는 시간(초)을 지정할 수 있습니다.\n\n이 정책 설정을 사용하지 않거나 구성하지 않으면 OneNote는 자동으로 30초 간격으로 폴링을 수행합니다.","tags":["L_Other","L_OneNoteOptions","L_MicrosoftOfficeOneNote"],"application":"onent16","key":"software\\microsoft\\office\\16.0\\onenote\\options\\save"},{"parentCategory":{"ref":"L_Other"},"supportedOn":{"ref":"windows:SUPPORTED_Windows7"},"enabledValue":{"decimal":{"value":0}},"disabledValue":{"decimal":{"value":1}},"name":"L_TurnOffOneNoteAutoLinkedNoteTaking","displayName":"OneNote 자동 연결 노트 작성 해제","explainText":"이 정책 설정은 웹 페이지, Word 문서 등과 같은 항목에 대해 노트를 작성할 수 있는 OneNote 자동 노트 작성 기능을 해제합니다. OneNote에서는 이 노트를 작성할 때 사용자가 보고 있던 페이지나 문서를 자동으로 기록합니다.\n\n이 정책 설정을 사용하면 OneNote에서는 사용자가 이 기능을 켜려고 할 때 노트에 자동으로 연결하지 않습니다.\n\n이 정책을 사용하지 않거나 구성하지 않으면 OneNote에서는 사용자가 이 기능을 켜려고 할 때 노트에 자동으로 연결합니다.","tags":["L_Other","L_OneNoteOptions","L_MicrosoftOfficeOneNote"],"application":"onent16","key":"software\\microsoft\\office\\16.0\\onenote\\options\\linkednotes","valueName":"autolink"},{"parentCategory":{"ref":"L_Other"},"supportedOn":{"ref":"windows:SUPPORTED_Windows7"},"enabledValue":{"decimal":{"value":1}},"disabledValue":{"decimal":{"value":0}},"name":"L_DisableOCR","displayName":"OCR 사용 안 함","explainText":"이 정책은 OneNote의 이미지 광학 인식(OCR) 기능을 해제합니다. OCR 기능을 사용하면 OneNote에서 이미지 전체를 자동으로 스캔하여 검색 결과에 표시되는 텍스트를 찾을 수 있습니다.","tags":["L_Other","L_OneNoteOptions","L_MicrosoftOfficeOneNote"],"application":"onent16","key":"software\\microsoft\\office\\16.0\\onenote\\options\\other","valueName":"disableocr"},{"parentCategory":{"ref":"L_Other"},"supportedOn":{"ref":"windows:SUPPORTED_Windows7"},"elements":{"items":[{"valueName":"blockedextensions","requiredSpecified":false,"expandableSpecified":false,"maxLength":2147483647,"maxLengthSpecified":false,"inputType":"textBox","caption":"","id":"L_empty12"}]},"name":"L_EmbeddedFilesBlockedExtensions","displayName":"포함된 파일 확장명 차단","explainText":"조직의 사용자가 Microsoft OneNote 페이지에서 특정 파일 형식의 첨부 파일을 여는 기능을 사용할 수 없도록 하려면 사용하지 않도록 설정할 확장명을 \".ext1;.ext2;\" 형식으로 추가합니다. OneNote 페이지에서 모든 첨부 파일을 열지 못하도록 하려면 포함된 파일 사용 안 함 정책을 참고하십시오. 포함된 파일 사용 안 함 정책을 사용하지 않으면 이 정책으로 포함된 오디오 및 비디오 파일(WMA 및 WMV)을 차단할 수 없습니다.","tags":["L_Other","L_OneNoteOptions","L_MicrosoftOfficeOneNote"],"application":"onent16","key":"software\\microsoft\\office\\16.0\\onenote\\options\\embeddedfileopenoptions"},{"parentCategory":{"ref":"L_Other"},"supportedOn":{"ref":"windows:SUPPORTED_Windows7"},"elements":{"items":[{"valueName":"addnotebooks","requiredSpecified":false,"expandableSpecified":false,"maxLength":2147483647,"maxLengthSpecified":false,"inputType":"textBox","caption":"","id":"L_empty13"}]},"name":"L_Loadanotebookonfirstboot","displayName":"처음 부팅할 때 전자 필기장 로드","explainText":"처음 부팅할 때 로드되어야 하는 전자 필기장이 들어 있는 폴더를 가리킵니다.","tags":["L_Other","L_OneNoteOptions","L_MicrosoftOfficeOneNote"],"application":"onent16","key":"software\\microsoft\\office\\16.0\\onenote\\options\\other"},{"parentCategory":{"ref":"L_Other"},"supportedOn":{"ref":"windows:SUPPORTED_Windows7"},"enabledValue":{"decimal":{"value":1}},"disabledValue":{"decimal":{"value":0}},"name":"L_Disableembeddedfiles","displayName":"포함된 파일 사용 안 함","explainText":"OneNote 페이지에 파일을 포함할 수 있는 기능을 사용할 수 없도록 설정하여 사용자가 바이러스 백신 소프트웨어 등에 의해 발견되지 않는 파일을 전송할 수 없도록 합니다. 참고: 이 정책은 OneNote UI에 포함된 파일만을 제한합니다. 페이지에 포함된 파일은 파일 시스템에서 계속 동기화되고 복제됩니다.","tags":["L_Other","L_OneNoteOptions","L_MicrosoftOfficeOneNote"],"application":"onent16","key":"software\\microsoft\\office\\16.0\\onenote\\options","valueName":"disableembeddedfiles"},{"parentCategory":{"ref":"L_Other"},"supportedOn":{"ref":"windows:SUPPORTED_Windows7"},"enabledValue":{"decimal":{"value":1}},"disabledValue":{"decimal":{"value":0}},"name":"L_DisableOneNotescreenclippingnotifications","displayName":"OneNote 화면 자르기 알림 사용 안 함","explainText":"모든 OneNote 화면 자르기 알림을 해제합니다.","tags":["L_Other","L_OneNoteOptions","L_MicrosoftOfficeOneNote"],"application":"onent16","key":"software\\microsoft\\office\\16.0\\onenote\\options\\other","valueName":"disablescreenclippingballoon"},{"parentCategory":{"ref":"L_Other"},"supportedOn":{"ref":"windows:SUPPORTED_Windows7"},"enabledValue":{"decimal":{"value":1}},"disabledValue":{"decimal":{"value":0}},"name":"L_DisableOneNoteScreenClippings","displayName":"OneNote 화면 자르기 사용 안 함","explainText":"OneNote의 화면 자르기 기능을 사용하지 않도록 설정합니다.","tags":["L_Other","L_OneNoteOptions","L_MicrosoftOfficeOneNote"],"application":"onent16","key":"software\\microsoft\\office\\16.0\\onenote\\options\\other","valueName":"disablescreenclippings"},{"parentCategory":{"ref":"L_Other"},"supportedOn":{"ref":"windows:SUPPORTED_Windows7"},"elements":{"items":[{"valueName":"inaccessibleserverdaysbeforewarn","minValue":0,"minValueSpecified":true,"maxValue":30,"maxValueSpecified":true,"inputType":"decimalTextBox","id":"L_empty14"}]},"name":"L_Numberofdaysbeforewarningthatserveris","displayName":"서버 액세스 불가 경고 표시 전까지 허용되는 일 수","explainText":"OneNote에서 해당 서버에 액세스할 수 없다는 경고와 함께 영향을 받는 파일에 대한 새 위치를 입력하라는 메시지가 표시될 때까지 허용되는 일 수를 설정하십시오.","tags":["L_Other","L_OneNoteOptions","L_MicrosoftOfficeOneNote"],"application":"onent16","key":"software\\microsoft\\office\\16.0\\onenote\\options\\synchronization"},{"parentCategory":{"ref":"L_Other"},"supportedOn":{"ref":"windows:SUPPORTED_Windows7"},"elements":{"items":[{"valueName":"sharepointsyncinterval","minValue":10,"minValueSpecified":true,"maxValue":604800,"maxValueSpecified":true,"inputType":"decimalTextBox","id":"L_empty15"}]},"name":"L_SharePointsyncinterval","displayName":"SharePoint에 저장된 전자 필기장의 SharePoint 동기화 간격","explainText":"OneNote에서 구역 변경 내용을 적용하기 위해 SharePoint 사이트를 폴링하는 횟수를 제한합니다. 동기화 간격을 초 단위로 입력하십시오.","tags":["L_Other","L_OneNoteOptions","L_MicrosoftOfficeOneNote"],"application":"onent16","key":"software\\microsoft\\office\\16.0\\onenote\\options\\save"},{"parentCategory":{"ref":"L_Other"},"supportedOn":{"ref":"windows:SUPPORTED_Windows7"},"elements":{"items":[{"valueName":"sharepointbackgroundsyncintervalmultiplier","minValue":1,"minValueSpecified":true,"maxValue":10,"maxValueSpecified":true,"inputType":"decimalTextBox","id":"L_empty16"}]},"name":"L_SharePointbackgroundsyncintervalmultiplier","displayName":"SharePoint에 저장된 전자 필기장의 바탕 화면 배경 승수기 동기화 간격","explainText":"이 정책 설정을 통해 전자 필기장의 변경 사항에 대한 SharePoint 사이트의 배경 설문 조사 간격을 늘릴 수 있습니다.\n\n이 정책 설정을 사용하도록 설정하면 OneNote는 전체 전자 필기장의 변경 사항에 대해 SharePoint 설문 조사 빈도수를 낮춥니다. 간격은 입력된 값(1에서 10 사이의 양의 정수 값)으로 곱해집니다. 간격이 클수록 전자 필기장의 동기화가 느려지지만 서버 부하는 줄입니다.\n\n이 정책 설정을 사용하지 않거나 구성하지 않으면 OneNote는 전자 필기장을 기본 속도(1의 승수 값)로 동기화합니다.\n\n 참고: 이 정책 설정은 Office Professional Plus 2016 및 Office Standard 2016과 같은 Windows Installer(MSI)를 사용하는 Office 2016의 볼륨 라이선스 버전에만 적용됩니다.","tags":["L_Other","L_OneNoteOptions","L_MicrosoftOfficeOneNote"],"application":"onent16","key":"software\\microsoft\\office\\16.0\\onenote\\options\\save"},{"parentCategory":{"ref":"L_Other"},"supportedOn":{"ref":"windows:SUPPORTED_Windows7"},"elements":{"items":[{"valueName":"sharepointlivesyncintervalmultiplier","minValue":1,"minValueSpecified":true,"maxValue":10,"maxValueSpecified":true,"inputType":"decimalTextBox","id":"L_empty17"}]},"name":"L_SharePointlivesyncintervalmultiplier","displayName":"SharePoint에 저장된 현재 본 섹션의 바탕 화면 배경 승수기 동기화 간격","explainText":"이 정책 설정을 통해 현재 표시되는 섹션의 변경 사항에 대한 SharePoint 사이트의 전경 설문 조사 간격을 늘릴 수 있습니다.\n\n이 정책 설정을 사용하도록 설정하면 OneNote는 현재 표시되는 섹션의 변경 사항에 대한 SharePoint 설문 조사의 빈도수를 낮춥니다. 간격은 입력된 값으로(1에서 10 사이의 양의 정수) 곱해집니다. 간격이 클수록 섹션 동기화가 느려지지만 서버부하는 줄어듭니다.\n\n이 정책 설정을 사용하지 않거나 구성하지 않으면, OneNote는 현재 표시되는 섹션을 기본 속도(1의 승수 값)로 동기화합니다.\n\n참고: 이 정책 설정은 Office Professional Plus 2016 및 Office Standard 2016과 같은 Windows Installer(MSI)를 사용하는 Office 2016의 볼륨 라이선스 버전에만 적용됩니다.","tags":["L_Other","L_OneNoteOptions","L_MicrosoftOfficeOneNote"],"application":"onent16","key":"software\\microsoft\\office\\16.0\\onenote\\options\\save"},{"parentCategory":{"ref":"L_Other"},"supportedOn":{"ref":"windows:SUPPORTED_Windows7"},"elements":{"items":[{"valueName":"sharepointpresenceintervalmultiplier","minValue":1,"minValueSpecified":true,"maxValue":10,"maxValueSpecified":true,"inputType":"decimalTextBox","id":"L_empty18"}]},"name":"L_SharePointpresenceintervalmultiplier","displayName":"SharePoint에 저장된 전자 필기장의 현재 상태 승수기 동기화 간격","explainText":"이 정책 설정을 사용하여 SharePoint에 대한 설문 조사 간의 간격을 늘려 전자 필기장의 활성 사용자를 결정할 수 있습니다. 다른 사용자가 전자 필기장을 사용하는 경우 OneNote는 전자 필기장을 더욱 빠른 속도로 동기화합니다.\n\n이 정책 설정을 사용하도록 설정하면 OneNote는 SharePoint 설문 조사 빈도수를 낮추어 다른 사용자가 현재 전자 필기장과 상호 작용을 하고 있는지 결정합니다. 간격은 입력된 값으로(1에서 10 사이의 양의 정수) 곱해집니다. 간격을 더 크게 늘리면 전자 필기장의 동시 사용자의 검색을 느리게 할 수 있지만 서버 부하를 줄입니다.\n\n이 정책 설정을 사용하지 않도록 설정하거나 구성하지 않으면 OneNote는 기본 속도(1의 승수 값)로 전자 필기장의 활성 사용자에 대해 설문 조사를 합니다.\n\n참고: 이 정책 설정은 Office Professional Plus 2016 및 Office Standard 2016과 같은 Windows Installer(MSI)를 사용하는 Office 2016의 볼륨 라이선스 버전에만 적용됩니다.","tags":["L_Other","L_OneNoteOptions","L_MicrosoftOfficeOneNote"],"application":"onent16","key":"software\\microsoft\\office\\16.0\\onenote\\options\\save"},{"parentCategory":{"ref":"L_Other"},"supportedOn":{"ref":"windows:SUPPORTED_Windows7"},"elements":{"items":[{"item":[{"value":{"decimal":{"value":0}},"displayName":"인치"},{"value":{"decimal":{"value":1}},"displayName":"센티미터"},{"value":{"decimal":{"value":2}},"displayName":"밀리미터"},{"value":{"decimal":{"value":3}},"displayName":"포인트"},{"value":{"decimal":{"value":4}},"displayName":"파이카"}],"valueName":"measurementunit","inputType":"dropdownList","caption":"기본 단위 지정:","id":"L_Specifydefaultunitofmeasurement"}]},"name":"L_DefaultunitofmeasurementusedinOneNote","displayName":"OneNote에서 사용되는 기본 단위","explainText":"\"단위\" 옵션에서 값을 설정합니다.","tags":["L_Other","L_OneNoteOptions","L_MicrosoftOfficeOneNote"],"application":"onent16","key":"software\\microsoft\\office\\16.0\\onenote\\options\\other"},{"parentCategory":{"ref":"L_Other"},"supportedOn":{"ref":"windows:SUPPORTED_Windows7"},"enabledValue":{"decimal":{"value":1}},"disabledValue":{"decimal":{"value":0}},"name":"L_AddOneNoteicontonotificationarea","displayName":"알림 영역에 OneNote 아이콘 추가","explainText":"\"작업 표시줄의 알림 영역에 OneNote 아이콘 표시\" 옵션을 선택하거나 선택 취소합니다.","tags":["L_Other","L_OneNoteOptions","L_MicrosoftOfficeOneNote"],"application":"onent16","key":"software\\microsoft\\office\\16.0\\onenote\\options\\other","valueName":"runsystemtrayapp"},{"parentCategory":{"ref":"L_Other"},"supportedOn":{"ref":"windows:SUPPORTED_Windows7"},"enabledValue":{"decimal":{"value":0}},"disabledValue":{"decimal":{"value":1}},"name":"L_NotebookPresence","displayName":"전자 필기장 상태","explainText":"이 정책 설정은 전자 필기장에 사용자 상태를 브로드캐스팅하고 같은 페이지를 편집하는 사용자와 실시간으로 동기화해주는 OneNote의 전자 필기장 상태 기능을 활성화하거나 비활성화합니다. 참고: 이 정책의 변경 내용은 OneNote를 다시 시작할 때까지 적용되지 않습니다.\n\n이 정책 설정을 사용하면 전자 필기장에서 다른 사용자와 같은 페이지를 편집하면 사용자에게 알림이 전달됩니다. 또한 여러 사용자가 같은 페이지를 편집 중임을 감지하면 OneNote가 실시간 동기화 상태가 됩니다. \n\n이 정책 설정을 사용하지 않거나 구성하지 않으면 전자 필기장에서 다른 사용자와 같은 페이지를 편집해도 사용자에게 알림이 전달되지 않습니다. 여러 사용자가 같은 페이지를 편집 중이더라도 OneNote가 실시간 동기화 상태가 되지 않습니다.","tags":["L_Other","L_OneNoteOptions","L_MicrosoftOfficeOneNote"],"application":"onent16","key":"software\\microsoft\\office\\16.0\\onenote\\options","valueName":"disablepresence"},{"parentCategory":{"ref":"L_Other"},"supportedOn":{"ref":"windows:SUPPORTED_Windows7"},"elements":{"items":[{"valueName":"insertedfilesdisallowembeddingsizethreshold","minValue":10485760,"minValueSpecified":true,"maxValue":2147483648,"maxValueSpecified":true,"inputType":"decimalTextBox","id":"L_EmbeddedFileSizeLimit"}]},"name":"L_SpecifyEmbeddedFileSizeLimit","displayName":"포함된 파일 크기 제한","explainText":"이 정책 설정으로 SharePoint 서버의 OneNote 전자 필기장에 사용자가 직접 삽입할 수 있는 포함된 파일의 최대 크기를 지정합니다.\n \n이 정책 설정을 사용하는 경우 50MB인 최대 파일 크기의 기본값을 늘리거나 줄일 수 있습니다. \n\n이 값을 늘리면 사용자는 전자 필기장에 직접 큰 파일을 삽입할 수 있지만 서버 성능이 떨어질 수 있습니다. \n\n이 값을 줄이면 사용자는 전자 필기장에 작은 파일만 삽입할 수 있고 OneNote 동기화에 트래픽이 많이 발생하는 경우에 서버 성능을 향상시킵니다.\n\n이 정책 설정을 사용하지 않거나 구성하지 않으면 사용자는 OneNote 전자 필기장에 50MB보다 큰 파일을 삽입할 수 없습니다. 대신에 파일은 SharePoint 폴더로 업로드되고 전자 필기장으로 이동하는 하이퍼링크로 삽입됩니다.","tags":["L_Other","L_OneNoteOptions","L_MicrosoftOfficeOneNote"],"application":"onent16","key":"software\\microsoft\\office\\16.0\\onenote\\general"},{"parentCategory":{"ref":"L_Advanced"},"supportedOn":{"ref":"windows:SUPPORTED_Windows7"},"enabledList":[{"value":{"string":"true"},"valueName":"Microsoft.Office.UXPlatform.FluentSVRefresh"},{"value":{"string":"true"},"valueName":"Microsoft.Office.UXPlatform.RibbonTouchOptimization"},{"value":{"string":"true"},"valueName":"Microsoft.Office.UXPlatform.FluentSVRibbonOptionsMenu"}],"disabledList":[{"value":{"string":"false"},"valueName":"Microsoft.Office.UXPlatform.FluentSVRefresh"},{"value":{"string":"false"},"valueName":"Microsoft.Office.UXPlatform.RibbonTouchOptimization"},{"value":{"string":"false"},"valueName":"Microsoft.Office.UXPlatform.FluentSVRibbonOptionsMenu"}],"name":"L_onenoteVisualRefresh","displayName":"시각적 새로 고침 설정","explainText":"시각적 새로 고침을 활성화하거나 비활성화합니다. 일부 버전의 Office에서는 작동하지 않을 수 있습니다.\n\nOffice Tool Plus에서 제공한 데이터입니다.","tags":["L_Advanced"],"application":"onent16","key":"Software\\Microsoft\\Office\\16.0\\Common\\ExperimentConfigs\\ExternalFeatureOverrides\\onenote"}]}