{"categories":[{"name":"L_MicrosoftVisio","displayName":"Microsoft Visio 2016"},{"parentCategory":{"ref":"L_MicrosoftVisio"},"name":"L_VisioOptions","displayName":"Visio 选项"},{"parentCategory":{"ref":"L_VisioOptions"},"name":"L_General","displayName":"常规"},{"parentCategory":{"ref":"L_General"},"name":"L_UserInterfaceOptions","displayName":"用户界面选项"},{"parentCategory":{"ref":"L_VisioOptions"},"name":"L_Save","displayName":"保存"},{"parentCategory":{"ref":"L_Save"},"name":"L_OfflineEditing","displayName":"脱机编辑"},{"parentCategory":{"ref":"L_Save"},"name":"L_SaveDocuments","displayName":"保存文档"},{"parentCategory":{"ref":"L_VisioOptions"},"name":"L_Proofing","displayName":"校对"},{"parentCategory":{"ref":"L_Proofing"},"name":"L_AutoCorrectOptions","displayName":"自动更正选项"},{"parentCategory":{"ref":"L_VisioOptions"},"name":"L_OptionsCustomizeRibbon","displayName":"自定义功能区"},{"parentCategory":{"ref":"L_VisioOptions"},"name":"L_Security","displayName":"安全"},{"parentCategory":{"ref":"L_Security"},"name":"L_TrustCenter","displayName":"信任中心"},{"parentCategory":{"ref":"L_TrustCenter"},"name":"L_FileBlockSettings","displayName":"文件阻止设置"},{"parentCategory":{"ref":"L_Security"},"name":"L_MacroSecurity","displayName":"宏安全性"},{"parentCategory":{"ref":"L_VisioOptions"},"name":"L_Advanced","displayName":"高级"},{"parentCategory":{"ref":"L_Advanced"},"name":"L_FileLocations","displayName":"文件位置"},{"parentCategory":{"ref":"L_Advanced"},"name":"L_Display","displayName":"显示"},{"parentCategory":{"ref":"L_Advanced"},"name":"L_EditingOptions","displayName":"编辑选项"},{"parentCategory":{"ref":"L_Advanced"},"name":"L_SaveOpen","displayName":"保存/打开"},{"parentCategory":{"ref":"L_Advanced"},"name":"L_ShapeSearch","displayName":"形状搜索"},{"parentCategory":{"ref":"L_Advanced"},"name":"L_GeneralOptions","displayName":"常规选项"},{"parentCategory":{"ref":"L_MicrosoftVisio"},"name":"L_Customizableerrormessages","displayName":"可自定义的错误消息"},{"parentCategory":{"ref":"L_MicrosoftVisio"},"name":"L_Disableitemsinuserinterface","displayName":"禁用用户界面中的项目"},{"parentCategory":{"ref":"L_Disableitemsinuserinterface"},"name":"L_Custom","displayName":"自定义"},{"parentCategory":{"ref":"L_MicrosoftVisio"},"name":"L_Miscellaneous","displayName":"杂项"}],"policies":[{"parentCategory":{"ref":"L_Display"},"supportedOn":{"ref":"windows:SUPPORTED_Windows7"},"enabledValue":{"string":"0"},"disabledValue":{"string":"1"},"name":"L_PreventShowingNewScreenOnLaunch","displayName":"启动时禁止显示新屏幕","explainText":"通过此策略设置，您可以在启动 Visio 时禁止显示新屏幕。\n\n如果启用此策略设置，则在启动时不会显示新屏幕。\n\n如果禁用或未配置此策略设置，则在打开 Visio 时将显示包含模板目录的新屏幕。","tags":["L_Display","L_Advanced","L_VisioOptions","L_MicrosoftVisio"],"application":"visio16","key":"software\\microsoft\\office\\16.0\\visio\\application","valueName":"showtemplatepanebydefault"},{"parentCategory":{"ref":"L_Display"},"supportedOn":{"ref":"windows:SUPPORTED_Windows7"},"enabledValue":{"string":"1"},"disabledValue":{"string":"0"},"name":"L_SmartTags","displayName":"标记","explainText":"如果将鼠标指针悬停在绘图中的标记位置，将显示智能标记。","tags":["L_Display","L_Advanced","L_VisioOptions","L_MicrosoftVisio"],"application":"visio16","key":"software\\microsoft\\office\\16.0\\visio\\application","valueName":"showsmarttags"},{"parentCategory":{"ref":"L_Display"},"supportedOn":{"ref":"windows:SUPPORTED_Windows7"},"enabledValue":{"string":"1"},"disabledValue":{"string":"0"},"name":"L_StencilwindowScreenTips","displayName":"模具窗口屏幕提示","explainText":"指定是否在 Visio 中显示屏幕提示(屏幕提示: 将指针停留在 Visio 程序中的某些元素上时显示的提示，这些元素包括: 模具母版、工具栏按钮和标尺。)以帮助识别模具窗口中的形状。","tags":["L_Display","L_Advanced","L_VisioOptions","L_MicrosoftVisio"],"application":"visio16","key":"software\\microsoft\\office\\16.0\\visio\\application","valueName":"tipsstencil"},{"parentCategory":{"ref":"L_Display"},"supportedOn":{"ref":"windows:SUPPORTED_Windows7"},"elements":{"items":[{"item":[{"value":{"string":"51"},"displayName":"十二点活字"},{"value":{"string":"50"},"displayName":"磅"},{"value":{"string":"54"},"displayName":"西塞罗"},{"value":{"string":"53"},"displayName":"迪多点制"}],"valueName":"measurementsystem_text","inputType":"dropdownList","caption":"文本","id":"L_text7"}]},"name":"L_Text","displayName":"文本","explainText":"指定缩进、行间距和其他文本度量的度量单位。类型尺寸的默认单位为磅(1 磅 = 1/72 英寸)。您可以采用其他度量单位输入类型尺寸(例如，1 英尺或 12 英寸)，但不能更改默认值。","tags":["L_Display","L_Advanced","L_VisioOptions","L_MicrosoftVisio"],"application":"visio16","key":"software\\microsoft\\office\\16.0\\visio\\document"},{"parentCategory":{"ref":"L_Display"},"supportedOn":{"ref":"windows:SUPPORTED_Windows7"},"elements":{"items":[{"item":[{"value":{"string":"81"},"displayName":"度"},{"value":{"string":"82"},"displayName":"度-分-秒"},{"value":{"string":"84"},"displayName":"分-秒"},{"value":{"string":"85"},"displayName":"秒"},{"value":{"string":"83"},"displayName":"弧度"}],"valueName":"measurementsystem_angle","inputType":"dropdownList","caption":"角度","id":"L_angle8"}]},"name":"L_Angle","displayName":"角度","explainText":"指定旋转角度的度量单位。","tags":["L_Display","L_Advanced","L_VisioOptions","L_MicrosoftVisio"],"application":"visio16","key":"software\\microsoft\\office\\16.0\\visio\\document"},{"parentCategory":{"ref":"L_Display"},"supportedOn":{"ref":"windows:SUPPORTED_Windows7"},"elements":{"items":[{"item":[{"value":{"string":"43"},"displayName":"周"},{"value":{"string":"44"},"displayName":"天"},{"value":{"string":"45"},"displayName":"小时"},{"value":{"string":"46"},"displayName":"分钟"},{"value":{"string":"47"},"displayName":"秒"}],"valueName":"measurementsystem_duration","inputType":"dropdownList","caption":"持续时间","id":"L_duration9"}]},"name":"L_Duration","displayName":"持续时间","explainText":"指定持续时间的度量单位，持续时间指与特定日期或指定时间开始计算的经过时间。","tags":["L_Display","L_Advanced","L_VisioOptions","L_MicrosoftVisio"],"application":"visio16","key":"software\\microsoft\\office\\16.0\\visio\\document"},{"parentCategory":{"ref":"L_Display"},"supportedOn":{"ref":"windows:SUPPORTED_Windows7"},"enabledValue":{"string":"1"},"disabledValue":{"string":"0"},"name":"L_AlwaysofferMetricandUSunitsfornewblankdrawings","displayName":"始终为新空白绘图和模具提供“公制”和“美制单位”","explainText":"通过此策略设置，在创建新的空白绘图或模具时，可同时显示美制单位和公制单位。\n\n如果启用此策略设置，在创建新的空白绘图或模具前，将同时显示美制单位和公制单位选项。这些绘图使用相应的标尺和页面设置打开，并使用相应的绘图工具单位。这不会同时安装两种单位类型的模板和模具。在启用“开发工具”选项卡时，始终启用此策略设置。\n\n如果禁用或不配置此策略设置，在创建空白绘图或模具时只安装一种单位的模板和模具，则不会显示单位选项。","tags":["L_Display","L_Advanced","L_VisioOptions","L_MicrosoftVisio"],"application":"visio16","key":"software\\microsoft\\office\\16.0\\visio\\application","valueName":"offermetricandus"},{"parentCategory":{"ref":"L_UserInterfaceOptions"},"supportedOn":{"ref":"windows:SUPPORTED_Windows7"},"enabledValue":{"string":"0"},"disabledValue":{"string":"1"},"name":"L_DoNotShowMiniToolbarOnSelectionOfText","displayName":"选择文本时不显示浮动工具栏","explainText":"通过此策略设置，您可以在选择文本时配置浮动工具栏。\n\n如果启用此策略设置，则在选择时不显示浮动工具栏。\n\n如果禁用或未配置此策略设置，则在选择时显示浮动工具栏。","tags":["L_UserInterfaceOptions","L_General","L_VisioOptions","L_MicrosoftVisio"],"application":"visio16","key":"software\\microsoft\\office\\16.0\\visio\\application","valueName":"showminitoolbar"},{"parentCategory":{"ref":"L_UserInterfaceOptions"},"supportedOn":{"ref":"windows:SUPPORTED_Windows7"},"enabledValue":{"string":"0"},"disabledValue":{"string":"1"},"name":"L_TurnOffLivePreview","displayName":"禁用实时预览","explainText":"通过此策略设置，您可以配置实时预览，当悬停在不同选项上时，显示该功能的文档效果预览。\n\n如果启用此策略设置，将禁用实时预览。\n\n如果禁用或未配置此策略设置，将启用实时预览。","tags":["L_UserInterfaceOptions","L_General","L_VisioOptions","L_MicrosoftVisio"],"application":"visio16","key":"software\\microsoft\\office\\16.0\\visio\\application","valueName":"livepreview"},{"parentCategory":{"ref":"L_UserInterfaceOptions"},"supportedOn":{"ref":"windows:SUPPORTED_Windows7"},"enabledValue":{"string":"0"},"disabledValue":{"string":"1"},"name":"L_TurnOffLivePreviewInTheShapesWindow","displayName":"禁用形状窗口中的实时预览","explainText":"此策略设置可禁用形状窗口中的实时预览功能，该功能显示形状窗口中的形状，并将形状将具有的详细信息和色深显示在绘图中，包括主题颜色和效果。\n\n如果启用此策略设置，则禁用形状窗口中的实时预览。\n\n如果禁用或未配置此策略设置，则启用形状窗口中的实时预览。","tags":["L_UserInterfaceOptions","L_General","L_VisioOptions","L_MicrosoftVisio"],"application":"visio16","key":"software\\microsoft\\office\\16.0\\visio\\application","valueName":"livepreviewmasters"},{"parentCategory":{"ref":"L_EditingOptions"},"supportedOn":{"ref":"windows:SUPPORTED_Windows7"},"enabledValue":{"string":"1"},"disabledValue":{"string":"0"},"name":"L_ZoomonrollwithIntelliMouse","displayName":"用智能鼠标缩放","explainText":"如果选择，则可通过滚动 Microsoft 智能鼠标轮对图形进行缩放","tags":["L_EditingOptions","L_Advanced","L_VisioOptions","L_MicrosoftVisio"],"application":"visio16","key":"software\\microsoft\\office\\16.0\\visio\\application","valueName":"zoomonroll"},{"parentCategory":{"ref":"L_EditingOptions"},"supportedOn":{"ref":"windows:SUPPORTED_Windows7"},"enabledValue":{"string":"1"},"disabledValue":{"string":"0"},"name":"L_Centerselectiononzoom","displayName":"缩放时将选定内容居中","explainText":"指定在放大时，任何选定的形状都在窗口中心显示。","tags":["L_EditingOptions","L_Advanced","L_VisioOptions","L_MicrosoftVisio"],"application":"visio16","key":"software\\microsoft\\office\\16.0\\visio\\application","valueName":"zoommode"},{"parentCategory":{"ref":"L_EditingOptions"},"supportedOn":{"ref":"windows:SUPPORTED_Windows7"},"enabledValue":{"string":"1"},"disabledValue":{"string":"0"},"name":"L_Selectshapespartiallywithinarea","displayName":"选择区域内的部分形状","explainText":"如果使用选中内容网(在绘图页上的形状四周拖出一个框)选择形状，则可以更改选中内容设置，以便同时包含不完全位于选中内容网内的形状。","tags":["L_EditingOptions","L_Advanced","L_VisioOptions","L_MicrosoftVisio"],"application":"visio16","key":"software\\microsoft\\office\\16.0\\visio\\application","valueName":"areaselection"},{"parentCategory":{"ref":"L_EditingOptions"},"supportedOn":{"ref":"windows:SUPPORTED_Windows7"},"enabledValue":{"string":"1"},"disabledValue":{"string":"0"},"name":"L_Enablelivedynamics","displayName":"启用实时动态","explainText":"调整形状大小或旋转形状时，在转换过程中您就可以查看该形状，而不是在操作完成之前仅能查看边界框","tags":["L_EditingOptions","L_Advanced","L_VisioOptions","L_MicrosoftVisio"],"application":"visio16","key":"software\\microsoft\\office\\16.0\\visio\\application","valueName":"livemousedynamics"},{"parentCategory":{"ref":"L_EditingOptions"},"supportedOn":{"ref":"windows:SUPPORTED_Windows7"},"enabledValue":{"string":"1"},"disabledValue":{"string":"0"},"name":"L_Enalbeconnectorsplitting","displayName":"启用连接线拆分","explainText":"如果将形状放置在连接线的线条上，连接线将被拆分，并且每个部分会成为粘连在该形状上的独立连接线。并非所有绘图类型都支持连接线拆分。","tags":["L_EditingOptions","L_Advanced","L_VisioOptions","L_MicrosoftVisio"],"application":"visio16","key":"software\\microsoft\\office\\16.0\\visio\\application","valueName":"allowshapesplitting"},{"parentCategory":{"ref":"L_EditingOptions"},"supportedOn":{"ref":"windows:SUPPORTED_Windows7"},"enabledValue":{"string":"1"},"disabledValue":{"string":"0"},"name":"L_EnableAutoConnect","displayName":"启用自动连接","explainText":"设置对应的用户界面选项的值。","tags":["L_EditingOptions","L_Advanced","L_VisioOptions","L_MicrosoftVisio"],"application":"visio16","key":"software\\microsoft\\office\\16.0\\visio\\application","valueName":"enableautoconnect"},{"parentCategory":{"ref":"L_EditingOptions"},"supportedOn":{"ref":"windows:SUPPORTED_Windows7"},"enabledValue":{"string":"0"},"disabledValue":{"string":"1"},"name":"L_ShowMoreHandles","displayName":"悬停时显示更多的形状手柄","explainText":"通过此策略设置，您可以在悬停在所选形状时显示更多的形状手柄。\n\n如果启用此策略设置，则在短暂延迟后将显示更多的形状手柄。\n\n如果禁用或未配置此策略设置，则不会显示更多的形状手柄。\n","tags":["L_EditingOptions","L_Advanced","L_VisioOptions","L_MicrosoftVisio"],"application":"visio16","key":"software\\microsoft\\office\\16.0\\visio\\application","valueName":"handlebehavior"},{"parentCategory":{"ref":"L_SaveDocuments"},"supportedOn":{"ref":"windows:SUPPORTED_Windows7"},"enabledValue":{"string":"1"},"disabledValue":{"string":"0"},"name":"L_Promptfordocumentpropertiesonfirstsave","displayName":"首次保存时提示保存文档属性","explainText":"指示是否在首次保存文件时打开属性对话框。文件属性包括作者姓名以及诸如文件状态、预览设置和其他属性之类的信息。","tags":["L_SaveDocuments","L_Save","L_VisioOptions","L_MicrosoftVisio"],"application":"visio16","key":"software\\microsoft\\office\\16.0\\visio\\application","valueName":"promptforsummaryinfo"},{"parentCategory":{"ref":"L_SaveOpen"},"supportedOn":{"ref":"windows:SUPPORTED_Windows7"},"elements":{"items":[{"item":[{"value":{"string":"0"},"displayName":"由 Visio 决定语言"},{"value":{"string":"1"},"displayName":"提示语言"},{"value":{"string":"2"},"displayName":"使用以下语言"}],"valueName":"fileconversionmode","inputType":"dropdownList","caption":"文件转换语言","id":"L_languageforfileconversion5"},{"valueName":"fileconversionlanguage","requiredSpecified":false,"expandableSpecified":false,"maxLength":2147483647,"maxLengthSpecified":false,"inputType":"textBox","caption":"使用语言:","id":"L_Uselanguage"}]},"name":"L_languageforfileconversion4","displayName":"文件转换语言","explainText":"此策略设置可指定 Visio 如何确定转换为较早版本的 Visio 或从较早版本的 Visio 转换时要使用的语言。\n\n如果启用此策略设置，则可从以下选项之一中选择:\n\n- 由 Visio 决定语言\n- 提示语言\n- 使用以下语言: 您必须指定该语言的数字 Microsoft 区域设置 ID (LCID)。\n\n如果禁用或未配置此策略设置，Visio 将决定使用哪种语言。","tags":["L_SaveOpen","L_Advanced","L_VisioOptions","L_MicrosoftVisio"],"application":"visio16","key":"software\\microsoft\\office\\16.0\\visio\\application"},{"parentCategory":{"ref":"L_SaveOpen"},"supportedOn":{"ref":"windows:SUPPORTED_Windows7"},"enabledValue":{"string":"1"},"disabledValue":{"string":"0"},"name":"L_Showfilesavewarnings","displayName":"显示文件保存警告","explainText":"指示当保存包含错误(如无效 XML 代码)的文件时是否显示警告消息。","tags":["L_SaveOpen","L_Advanced","L_VisioOptions","L_MicrosoftVisio"],"application":"visio16","key":"software\\microsoft\\office\\16.0\\visio\\application","valueName":"showxmlsavewarnings"},{"parentCategory":{"ref":"L_SaveOpen"},"supportedOn":{"ref":"windows:SUPPORTED_Windows7"},"enabledValue":{"string":"1"},"disabledValue":{"string":"0"},"name":"L_Showfileopenwarnings","displayName":"显示文件打开警告","explainText":"指示当打开包含错误(如无效 XML 代码)的文件时是否显示警告消息。","tags":["L_SaveOpen","L_Advanced","L_VisioOptions","L_MicrosoftVisio"],"application":"visio16","key":"software\\microsoft\\office\\16.0\\visio\\application","valueName":"showxmlopenwarnings"},{"parentCategory":{"ref":"L_OptionsCustomizeRibbon"},"supportedOn":{"ref":"windows:SUPPORTED_Windows7"},"enabledValue":{"decimal":{"value":1}},"disabledValue":{"decimal":{"value":0}},"name":"L_DisplayDeveloperTab","displayName":"在功能区显示“开发工具”选项卡","explainText":"此策略设置可控制是否在功能区显示“开发工具”选项卡。\n\n如果启用此策略设置，将在功能区显示“开发工具”选项卡。\n\n如果禁用此策略设置，将不在功能区显示“开发工具”选项卡。\n\n如果未配置此策略设置，将不在功能区显示“开发工具”选项卡，但其可见性可以通过应用程序选项对话框中的设置进行更改。","tags":["L_OptionsCustomizeRibbon","L_VisioOptions","L_MicrosoftVisio"],"application":"visio16","key":"software\\microsoft\\office\\16.0\\visio\\application","valueName":"developertools"},{"parentCategory":{"ref":"L_Save"},"supportedOn":{"ref":"windows:SUPPORTED_Windows7"},"enabledValue":{"decimal":{"value":1}},"disabledValue":{"decimal":{"value":0}},"name":"L_TurnOffCADDWGFunctionality","displayName":"禁用 CAD/DWG 功能","explainText":"通过此策略设置，您可以禁用与 CAD/DWG 文件相关的所有入口点。\n\n如果启用此策略设置，将禁用 CAD/DWG 功能。\n\n如果禁用或未配置此策略设置，则将启用 CAD/DWG 功能。","tags":["L_Save","L_VisioOptions","L_MicrosoftVisio"],"application":"visio16","key":"software\\microsoft\\office\\16.0\\visio\\application","valueName":"disabledwg"},{"parentCategory":{"ref":"L_OfflineEditing"},"supportedOn":{"ref":"windows:SUPPORTED_Windows7"},"elements":{"items":[{"item":[{"value":{"string":"1"},"displayName":"服务器草稿位置"},{"value":{"string":"0"},"displayName":"Web 服务器"}],"valueName":"uselocaldrafts","inputType":"dropdownList","id":"L_SaveCheckedOutFilesToDropID"}]},"name":"L_SaveCheckedOutFilesTo","displayName":"将签出文件保存到","explainText":"通过此策略设置，您可以选择将签出文件保存到服务器草稿位置或 Web 服务器。\n\n如果启用此策略设置，则可选择保存签出文件的位置:\n- 服务器草稿位置: 此计算机上的服务器草稿位置\n- Web 服务器: Web 服务器\n\n如果禁用或未配置此策略设置，签出文件将存储在服务器草稿位置。","tags":["L_OfflineEditing","L_Save","L_VisioOptions","L_MicrosoftVisio"],"application":"visio16","key":"software\\microsoft\\office\\16.0\\visio\\application"},{"parentCategory":{"ref":"L_SaveDocuments"},"supportedOn":{"ref":"windows:SUPPORTED_Windows7"},"elements":{"items":[{"item":[{"value":{"string":"0"},"displayName":"Visio 文档"},{"value":{"string":"3"},"displayName":"Visio 启用宏的文档"},{"value":{"string":"1"},"displayName":"Visio 2003-2016 文档"}],"valueName":"savefileformat","inputType":"dropdownList","caption":"将 Visio 文件另存为","id":"L_savevisiofilesas6"}]},"name":"L_SaveVisiofilesas","displayName":"将 Visio 文件另存为","explainText":"确定保存 Visio 文件的默认文件格式。","tags":["L_SaveDocuments","L_Save","L_VisioOptions","L_MicrosoftVisio"],"application":"visio16","key":"software\\microsoft\\office\\16.0\\visio\\application"},{"parentCategory":{"ref":"L_ShapeSearch"},"supportedOn":{"ref":"windows:SUPPORTED_Windows7"},"enabledValue":{"string":"1"},"disabledValue":{"string":"0"},"name":"L_Showshapesearchpane","displayName":"显示“形状搜索”窗格","explainText":"显示模具窗口的形状搜索用户界面元素。","tags":["L_ShapeSearch","L_Advanced","L_VisioOptions","L_MicrosoftVisio"],"application":"visio16","key":"software\\microsoft\\office\\16.0\\visio\\application","valueName":"showshapesearchpane"},{"parentCategory":{"ref":"L_ShapeSearch"},"supportedOn":{"ref":"windows:SUPPORTED_Windows7"},"elements":{"items":[{"item":[{"value":{"string":"1"},"displayName":"完全匹配(AND)"},{"value":{"string":"0"},"displayName":"单词匹配(OR)"}],"valueName":"findshapesallwords","inputType":"dropdownList","caption":"搜索:","id":"L_searchfor10"}]},"name":"L_Searchfor","displayName":"搜索:","explainText":"设置对应的用户界面选项的值。","tags":["L_ShapeSearch","L_Advanced","L_VisioOptions","L_MicrosoftVisio"],"application":"visio16","key":"software\\microsoft\\office\\16.0\\visio\\application"},{"parentCategory":{"ref":"L_ShapeSearch"},"supportedOn":{"ref":"windows:SUPPORTED_Windows7"},"elements":{"items":[{"item":[{"value":{"string":"0"},"displayName":"按字母顺序"},{"value":{"string":"1"},"displayName":"按组合"}],"valueName":"msoridcuvisiobfsgroup","inputType":"dropdownList","caption":"搜索结果","id":"L_searchresults11"}]},"name":"L_Searchresults","displayName":"搜索结果","explainText":"指定是按形状名称的字母顺序还是按模具名称(组合)的字母顺序返回结果。单击“按组合”有助于区分同名但出现在不同模具中的形状。如果要查找包含该形状的模具，选择此选项也很有用。","tags":["L_ShapeSearch","L_Advanced","L_VisioOptions","L_MicrosoftVisio"],"application":"visio16","key":"software\\microsoft\\office\\16.0\\visio\\application"},{"parentCategory":{"ref":"L_ShapeSearch"},"supportedOn":{"ref":"windows:SUPPORTED_Windows7"},"enabledValue":{"string":"0"},"disabledValue":{"string":"1"},"name":"L_Openresultsnewwindow","displayName":"在新窗口中打开结果","explainText":"指示是否每次搜索时都新建搜索结果模具。如果清除，则搜索结果将替换任何以前的搜索结果。","tags":["L_ShapeSearch","L_Advanced","L_VisioOptions","L_MicrosoftVisio"],"application":"visio16","key":"software\\microsoft\\office\\16.0\\visio\\application","valueName":"msoridcuvisiobfsrecycle"},{"parentCategory":{"ref":"L_TrustCenter"},"supportedOn":{"ref":"windows:SUPPORTED_Windows7"},"enabledValue":{"decimal":{"value":1}},"disabledValue":{"decimal":{"value":0}},"name":"L_Disableallapplicationextensions","displayName":"禁用所有应用程序加载项","explainText":"此策略设置可禁用指定的 Office 2016 应用程序的所有加载项。\n      \n如果启用此策略设置，则禁用指定的 Office 2016 应用程序的所有加载项。\n\n如果禁用或不配置此策略设置，则允许指定的 Office 2016 应用程序的所有加载项运行而不通知用户，应用程序加载项要求由受信任的发布者签名时除外。","tags":["L_TrustCenter","L_Security","L_VisioOptions","L_MicrosoftVisio"],"application":"visio16","key":"software\\microsoft\\office\\16.0\\visio\\security","valueName":"disablealladdins"},{"parentCategory":{"ref":"L_TrustCenter"},"supportedOn":{"ref":"windows:SUPPORTED_Windows7"},"enabledValue":{"decimal":{"value":1}},"disabledValue":{"decimal":{"value":0}},"name":"L_BlockMacroExecutionFromInternet","displayName":"阻止宏在来自 Internet 的 Office 文件中运行","explainText":"\n        此策略设置允许你阻止来自 Internet 的 Office 文件中的宏运行。\n\n        如果启用此策略设置，那么即使在信任中心的“宏设置”部分中选中了“启用所有宏”，也将阻止宏运行。此外，用户不能选择“启用内容”，而将收到关于宏被阻止运行的通知。如果 Office 文件保存到受信任位置或以前已被用户信任，则将允许宏运行。\n\n        如果禁用或不配置此策略设置，则在信任中心的“宏设置”部分中配置的设置将用于确定是否允许来自 Internet 的 Office 文件中的宏运行。\n      ","tags":["L_TrustCenter","L_Security","L_VisioOptions","L_MicrosoftVisio"],"application":"visio16","key":"software\\microsoft\\office\\16.0\\visio\\security","valueName":"blockcontentexecutionfrominternet"},{"parentCategory":{"ref":"L_TrustCenter"},"supportedOn":{"ref":"windows:SUPPORTED_Windows7"},"enabledValue":{"decimal":{"value":1}},"disabledValue":{"decimal":{"value":0}},"name":"L_TurnOffTrustedDocumentsOnTheNetwork","displayName":"禁用网络上受信任的文档","explainText":"通过此策略设置，您可以禁用从网络上打开的文档的受信任文档功能。\n\n如果启用此策略设置，用户将始终看到针对从网络上打开的文档的活动内容(如宏、ActiveX 控件、数据连接等)的安全通知。\n\n如果禁用或未配置此策略设置，使用受信任文档功能，用户可始终允许文档中的活动内容(如宏、ActiveX 控件、数据连接等)，以便用户在下次打开文档时不会收到提示。受信任文档属于安全通知例外。","tags":["L_TrustCenter","L_Security","L_VisioOptions","L_MicrosoftVisio"],"application":"visio16","key":"software\\microsoft\\office\\16.0\\visio\\security\\trusted documents","valueName":"disablenetworktrusteddocuments"},{"parentCategory":{"ref":"L_TrustCenter"},"supportedOn":{"ref":"windows:SUPPORTED_Windows7"},"enabledValue":{"decimal":{"value":1}},"disabledValue":{"decimal":{"value":0}},"name":"L_TurnOffTrustedDocuments","displayName":"禁用受信任的文档","explainText":"通过此策略设置，您可以禁用受信任文档功能。使用受信任文档功能，用户可以始终启用文档中的活动内容，如宏、ActiveX 控件、数据连接等，以便用户下次打开文档时不会提示这些内容。受信任文档属于安全通知例外。\n\n如果启用此策略设置，将禁用受信任文档功能。用户在每次打开包含活动内容的文档时都会收到安全提示。\n\n如果禁用或未配置此策略设置，在用户启用文档内容时，文档将受信任，并且用户不会收到安全提示。","tags":["L_TrustCenter","L_Security","L_VisioOptions","L_MicrosoftVisio"],"application":"visio16","key":"software\\microsoft\\office\\16.0\\visio\\security\\trusted documents","valueName":"disabletrusteddocuments"},{"parentCategory":{"ref":"L_TrustCenter"},"supportedOn":{"ref":"windows:SUPPORTED_Windows7"},"elements":{"items":[{"valueName":"maxtrusteddocuments","minValue":0,"minValueSpecified":true,"maxValue":20000,"maxValueSpecified":true,"inputType":"decimalTextBox","caption":"最大数目:","id":"L_SetMaximumNumberOfTrustedDocumentsSpinID"}]},"name":"L_SetMaximumNumberOfTrustedDocuments","displayName":"设置受信任文档的最大数目","explainText":"通过此策略设置，您可以指定运行清除任务之前可存储在注册表中的受信任文档的信任记录的最大数目。清除任务将存储在注册表中的受信任文档的数目降至“设置要保留的信任记录的最大数目”策略设置设定的值。\n\n如果启用此策略设置，在运行清除任务之前可以指定存储在注册表中的受信任文档的最大数目，上限为 20,000。出于性能原因，建议不要将此策略设置设为上限。\n\n如果禁用或不配置此策略设置，则运行清除任务之前可存储在注册表中的受信任文档的最大数目将使用默认值 500。","tags":["L_TrustCenter","L_Security","L_VisioOptions","L_MicrosoftVisio"],"application":"visio16","key":"software\\microsoft\\office\\16.0\\visio\\security\\trusted documents"},{"parentCategory":{"ref":"L_TrustCenter"},"supportedOn":{"ref":"windows:SUPPORTED_Windows7"},"elements":{"items":[{"valueName":"maxpreservetrusteddocuments","minValue":0,"minValueSpecified":true,"maxValue":20000,"maxValueSpecified":true,"inputType":"decimalTextBox","caption":"要保留的最大数目:","id":"L_SetMaximumNumberOfTrustRecordsToPreserveSpinID"}]},"name":"L_SetMaximumNumberOfTrustRecordsToPreserve","displayName":"设置要保留的信任记录的最大数目","explainText":"通过此策略设置，您可以指定清除任务检测到此应用程序信任的受信任文档数超出“设置受信任文档的最大数目”策略设置所设置的数目时要保留的信任记录的最大数目。\n\n如果启用此策略设置，则可指定上限为 20000 的要保留的信任记录的最大数目。出于性能原因，建议不要将其设置为上限。\n\n如果禁用或未配置此策略设置，将使用默认值 400。","tags":["L_TrustCenter","L_Security","L_VisioOptions","L_MicrosoftVisio"],"application":"visio16","key":"software\\microsoft\\office\\16.0\\visio\\security\\trusted documents"},{"parentCategory":{"ref":"L_TrustCenter"},"supportedOn":{"ref":"windows:SUPPORTED_Windows7"},"elements":{"items":[{"item":[{"value":{"decimal":{"value":2}},"displayName":"禁用所有宏，并发出通知"},{"value":{"decimal":{"value":3}},"displayName":"禁用无数字签署的所有宏"},{"value":{"decimal":{"value":4}},"displayName":"禁用所有宏，并且不通知"},{"value":{"decimal":{"value":1}},"displayName":"启用所有宏(不推荐)"}],"valueName":"vbawarnings","inputType":"dropdownList","id":"L_Empty"},{"trueValue":{"decimal":{"value":1}},"falseValue":{"decimal":{"value":0}},"valueName":"vbadigsigtrustedpublishers","key":"software\\microsoft\\office\\16.0\\visio\\security","inputType":"checkBox","caption":"要求受信任的发布者签署宏","id":"L_VBADigSigTrustedPublishersStr"},{"trueValue":{"decimal":{"value":1}},"falseValue":{"decimal":{"value":0}},"valueName":"vbarequirelmtrustedpublisher","key":"software\\microsoft\\office\\16.0\\visio\\security","inputType":"checkBox","caption":"阻止仅安装在当前用户证书存储中来自受信任发布者的证书","id":"L_VBAOnlyAllowLMTrustedPublisherStr"},{"trueValue":{"decimal":{"value":1}},"falseValue":{"decimal":{"value":0}},"valueName":"vbarequiredigsigwithcodesigningeku","key":"software\\microsoft\\office\\16.0\\visio\\security","inputType":"checkBox","caption":"需要来自受信任发布者的证书的扩展密钥用法(EKU)","id":"L_VBAOnlyAllowDigSigWithCodeSigningEKUStr"}]},"name":"L_VBAWarningsPolicy","displayName":"VBA 宏通知设置","explainText":"此策略设置可控制指定的应用程序在 Visual Basic for Applications (VBA)宏存在时如何警告用户。\n\n如果启用此策略设置，可以从用于确定指定的应用程序关于宏将如何警告用户的四个选项中选择:\n \n- 禁用所有宏，并发出通知: 应用程序对所有宏(无论已签署还是未签署)显示信任栏。此选项可强制使用 Office 中的默认配置。\n \n- 禁用无数字签署的所有宏: 应用程序对数字签名的宏显示信任栏，从而允许用户启用它们或让它们保留为禁用状态。禁用任何未签署的宏，并且不通知用户。\n \n- 禁用所有宏，并且不通知: 应用程序禁用所有宏(无论已签署还是未签署)，并且不通知用户。\n \n- 启用所有宏(不推荐): 启用所有宏(无论已签署还是未签署)。此选项允许危险代码未经检测即运行，大大降低了安全性。\n \n如果禁用此策略设置，“禁用所有宏，并发出通知”将为默认设置。\n \n如果未配置此策略设置，当用户打开指定的应用程序中包含 VBA 宏的文件时，应用程序将打开文件并禁用宏，并且显示具有警告的信任栏，表明宏存在并且已被禁用。用户可以根据需要检查并编辑文件，但是在信任栏上单击“启用内容”进行启用之前不能使用任何被禁用的功能。如果用户单击“启用内容”，文档将作为受信任文档被添加。\n\n如果选择“禁用无数字签署的所有宏”，建议还选中“要求受信任的发布者签署宏”复选框，以帮助提高安全性。\n\n如果选中“要求受信任的发布者签署宏”复选框，当用户打开的文件具有数字签署(而不是由受信任的发布者签署)的宏时，将收到有关阻止宏运行的通知。我们建议你另外选择两个复选框以帮助提高安全性。\n\n- 阻止安装在当前用户证书存储中来自受信任发布者的证书\n\n- 需要来自受信任发布者的证书的扩展密钥用法(EKU)\n\n注意: 仅当选中“要求受信任的发布者签署宏”复选框时，这两个复选框才适用。\n\n如果选择“阻止安装在本地计算机证书存储中来自受信任发布者的证书”复选框，当当前用户证书存储区中安装了来自受信任发布者的证书时，宏将不会运行。证书必须安装在本地计算机证书存储中，宏才能运行。只有对计算机具有管理员访问权限的帐户才能在本地计算机证书存储中安装证书。\n\n如果选择“需要来自受信任发布者的证书的扩展密钥用法(EKU)”复选框，则 EKU 必须包括“代码签名”作为证书的用途之一。\n\n重要提示: 如果选中“禁用无数字签署的所有宏”，用户将不能打开未签署的 Access 数据库。\n \n另请注意，Microsoft Office 将受信任发布者的证书存储在 Internet Explorer 受信任发布者存储中。较早版本的 Microsoft Office 将受信任发布者证书信息(特别是证书指纹)存储在特殊的 Office 受信任发布者存储中。Microsoft Office 仍从 Office 受信任发布者存储中读取受信任发布者证书信息，但它不向此存储写入信息。\n \n因此，如果你在以前版本的 Microsoft Office 中创建了受信任发布者列表，并且升级到 Office 版本，你的受信任发布者列表仍将可识别。但是，添加到该列表的任何受信任发布者证书将存储在 Internet Explorer 受信任发布者存储中。","tags":["L_TrustCenter","L_Security","L_VisioOptions","L_MicrosoftVisio"],"application":"visio16","key":"software\\microsoft\\office\\16.0\\visio\\security"},{"parentCategory":{"ref":"L_TrustCenter"},"supportedOn":{"ref":"windows:SUPPORTED_Windows7"},"enabledValue":{"decimal":{"value":1}},"disabledValue":{"decimal":{"value":0}},"name":"L_RequirethatApplicationExtensionsaresigned","displayName":"要求由受信任发布者签署应用程序加载项","explainText":"此策略设置控制此应用程序的加载项是否必须由受信任的发布者数字签署。\n \n如果你启用此策略设置，此应用程序在加载每个加载项之前检查它的数字签名。如果某个加载项没有数字签名，或者签名不是来自受信任的发布者，此应用程序将禁用该加载项并通知用户。如果你要求所有加载项均由受信任的发布者签署，则必须将证书添加到“受信任的发布者”列表。有关获取和分发证书的详细信息，请参阅 http://go.microsoft.com/fwlink/?LinkId=294922。Office 2016 在 Internet Explorer 受信任的发布者库中存储受信任的发布者证书。较早版本的 Microsoft Office 将受信任的发布者证书信息(特别是证书指纹)存储在特殊的 Office 受信任的发布者库中。Office 2016 仍从 Office 受信任的发布者库中读取受信任的发布者证书信息，但不向此库写入信息。因此，如果你在以前版本的 Office 中创建了受信任的发布者列表，并且升级到 Office 2016，你的受信任的发布者列表仍将可识别。但是，你添加到该列表的任何受信任的发布者证书将存储在 Internet Explorer 受信任的发布者库中。有关受信任的发布者详细信息，请参阅 Office 资源工具包。\n\n如果你禁用或不配置此策略设置，此应用程序在打开应用程序加载项之前不检查它们的数字签名。如果加载了危险加载项，则可能危害用户的计算机或危及数据安全。","tags":["L_TrustCenter","L_Security","L_VisioOptions","L_MicrosoftVisio"],"application":"visio16","key":"software\\microsoft\\office\\16.0\\visio\\security","valueName":"requireaddinsig"},{"parentCategory":{"ref":"L_TrustCenter"},"supportedOn":{"ref":"windows:SUPPORTED_Windows7"},"enabledValue":{"decimal":{"value":1}},"disabledValue":{"decimal":{"value":0}},"name":"L_DisableTrustBarNotificationforunsigned","displayName":"禁用针对未签署的应用程序加载项的信任栏通知并阻止它们","explainText":"此策略设置可控制指定的 Office 应用程序在加载了未签署的应用程序加载项时是通知用户还是无提示地禁用此类加载项而不通知。此策略设置仅在启用“要求由受信任发布者签署应用程序加载项”策略设置时适用，“要求由受信任发布者签署应用程序加载项”策略设置可阻止用户更改此策略设置。\n      \n如果您启用此策略设置，应用程序自动禁用未签署的加载项而不通知用户。\n\n如果您禁用此策略设置，在应用程序配置为要求所有加载项均由受信任发布者签署的情况下，该应用程序加载的任何未签署的加载项将被禁用，并且该应用程序将在活动窗口顶部显示信任栏。信任栏包含将未签署的加载项通知用户的消息。\n\n如果您不配置此策略设置，则禁用行为应用，另外，用户可以在应用程序的信任中心的“加载项”类别中自己配置此要求。","tags":["L_TrustCenter","L_Security","L_VisioOptions","L_MicrosoftVisio"],"application":"visio16","key":"software\\microsoft\\office\\16.0\\visio\\security","valueName":"notbpromptunsignedaddin"},{"parentCategory":{"ref":"L_TrustCenter"},"supportedOn":{"ref":"windows:SUPPORTED_Windows7"},"enabledValue":{"decimal":{"value":1}},"disabledValue":{"decimal":{"value":0}},"name":"L_AllowTrustedLocationsOnTheNetwork","displayName":"允许网络上的受信任位置","explainText":"此策略设置可控制是否可以使用网络上的受信任位置。\n\n如果启用此策略设置，用户可指定网络共享或不受其直接控制的其他远程位置上的受信任位置，方式是单击“信任中心”的“受信任位置”部分中的“添加新位置”按钮。允许以最小安全从受信任位置加载内容、代码和加载项，且不提示用户权限。\n\n如果禁用此策略设置，所选应用程序会忽略列在“信任中心”的“受信任位置”部分的任何网络位置。\n\n如果也通过组策略部署了受信任位置，则应验证这些位置中是否存在远程位置。如果其中包含远程位置，而您又通过此策略设置禁用了远程位置，则这些指向远程位置的策略注册表项在客户端计算机上将被忽略。\n\n禁用此策略设置不会从“受信任位置”列表中删除任何网络位置，而是会对将网络位置添加到“受信任位置”列表的用户造成混乱。此外，也会阻止用户将新的网络位置添加到信任中心中的“受信任位置”列表上。建议不要启用此策略设置(如“允许网络上的受信任位置(不推荐)”复选框所述)。因此，实际上在大多数情况下，它很可能禁用此策略设置，不会导致大多数用户出现明显的可用性问题。\n\n如果不启用此策略设置，则用户可以根据需要选择“允许网络上的受信任位置(不推荐)”复选框，然后通过单击“添加新位置”按钮来指定受信任的位置。","tags":["L_TrustCenter","L_Security","L_VisioOptions","L_MicrosoftVisio"],"application":"visio16","key":"software\\microsoft\\office\\16.0\\visio\\security\\trusted locations","valueName":"allownetworklocations"},{"parentCategory":{"ref":"L_TrustCenter"},"supportedOn":{"ref":"windows:SUPPORTED_Windows7"},"enabledValue":{"decimal":{"value":1}},"disabledValue":{"decimal":{"value":0}},"name":"L_DisableTrustedLoc","displayName":"禁用所有受信任位置","explainText":"通过此策略设置，管理员可以禁用 2016 版指定应用程序中的所有受信任位置。在信任中心指定的受信任位置用于定义被认为安全的文件位置。允许从最低安全性的受信任位置加载内容、代码和加载项，而不提示用户获取权限。如果从受信任位置打开危险文件，该文件将不受标准安全措施的检查，并且可能危害用户的计算机或数据。\n\n如果你启用此策略设置，2016 版指定应用程序中的所有受信任位置(在信任中心指定的位置)均被忽略，包括在安装期间由 Office 建立、使用组策略部署到用户的或由用户自己添加的任何受信任位置。从受信任位置打开文件时将再次提示用户。\n\n如果你禁用或不配置此策略设置，2016 版指定应用程序中的所有受信任位置(在信任中心指定的位置)均被认为是安全的。","tags":["L_TrustCenter","L_Security","L_VisioOptions","L_MicrosoftVisio"],"application":"visio16","key":"software\\microsoft\\office\\16.0\\visio\\security\\trusted locations","valueName":"alllocationsdisabled"},{"parentCategory":{"ref":"L_FileBlockSettings"},"supportedOn":{"ref":"windows:SUPPORTED_Windows7"},"elements":{"items":[{"item":[{"value":{"decimal":{"value":0}},"displayName":"不阻止"},{"value":{"decimal":{"value":1}},"displayName":"保存被阻止"},{"value":{"decimal":{"value":2}},"displayName":"已阻止打开/保存"}],"valueName":"visio2003files","inputType":"dropdownList","caption":"文件阻止设置:","id":"L_Visio2003FilesDropID"}]},"name":"L_Visio2003Files","displayName":"Visio 2003-2010 二进制绘图、模板和模具","explainText":"通过此策略设置，您可以确定用户是否能够使用此策略设置标题指定的格式打开或保存 Visio 文件。\n\n如果启用此策略设置，您可以指定用户是否能够打开或保存文件。\n\n可以选择的选项如下所示。注意: 并非所有选项都可用于此策略设置。\n\n- 不阻止: 将不阻止文件类型。\n\n- 保存被阻止: 将阻止对文件类型进行保存。\n\n- 打开/保存被阻止: 将阻止打开和保存文件类型。\n\n如果禁用或未配置此策略设置，将不会阻止文件类型。","tags":["L_FileBlockSettings","L_TrustCenter","L_Security","L_VisioOptions","L_MicrosoftVisio"],"application":"visio16","key":"software\\microsoft\\office\\16.0\\visio\\security\\fileblock"},{"parentCategory":{"ref":"L_FileBlockSettings"},"supportedOn":{"ref":"windows:SUPPORTED_Windows7"},"elements":{"items":[{"item":[{"value":{"decimal":{"value":0}},"displayName":"不阻止"},{"value":{"decimal":{"value":2}},"displayName":"已阻止打开/保存"}],"valueName":"visio2000files","inputType":"dropdownList","caption":"文件阻止设置:","id":"L_Visio2000FilesDropID"}]},"name":"L_Visio2000Files","displayName":"Visio 2000-2002 二进制绘图、模板和模具","explainText":"通过此策略设置，您可以确定用户是否能够使用此策略设置标题指定的格式打开或保存 Visio 文件。\n\n如果启用此策略设置，您可以指定用户是否能够打开或保存文件。\n\n可以选择的选项如下所示。注意: 并非所有选项都可用于此策略设置。\n\n- 不阻止: 将不阻止文件类型。\n\n- 保存被阻止: 将阻止对文件类型进行保存。\n\n- 打开/保存被阻止: 将阻止打开和保存文件类型。\n\n如果禁用或未配置此策略设置，将阻止文件类型。","tags":["L_FileBlockSettings","L_TrustCenter","L_Security","L_VisioOptions","L_MicrosoftVisio"],"application":"visio16","key":"software\\microsoft\\office\\16.0\\visio\\security\\fileblock"},{"parentCategory":{"ref":"L_FileBlockSettings"},"supportedOn":{"ref":"windows:SUPPORTED_Windows7"},"elements":{"items":[{"item":[{"value":{"decimal":{"value":0}},"displayName":"不阻止"},{"value":{"decimal":{"value":2}},"displayName":"已阻止打开/保存"}],"valueName":"visio50andearlierfiles","inputType":"dropdownList","caption":"文件阻止设置:","id":"L_Visio50AndEarlierFilesDropID"}]},"name":"L_Visio50AndEarlierFiles","displayName":"Visio 5.0 或更早版本的二进制绘图、模板和模具","explainText":"通过此策略设置，您可以确定用户是否能够使用此策略设置标题指定的格式打开或保存 Visio 文件。\n\n如果启用此策略设置，您可以指定用户是否能够打开或保存文件。\n\n可以选择的选项如下所示。注意: 并非所有选项都可用于此策略设置。\n\n- 不阻止: 将不阻止文件类型。\n\n- 保存被阻止: 将阻止对文件类型进行保存。\n\n- 打开/保存被阻止: 将阻止打开和保存文件类型。\n\n如果禁用或未配置此策略设置，将阻止文件类型。","tags":["L_FileBlockSettings","L_TrustCenter","L_Security","L_VisioOptions","L_MicrosoftVisio"],"application":"visio16","key":"software\\microsoft\\office\\16.0\\visio\\security\\fileblock"},{"parentCategory":{"ref":"L_MacroSecurity"},"supportedOn":{"ref":"windows:SUPPORTED_Windows7"},"enabledValue":{"string":"1"},"disabledValue":{"string":"0"},"name":"L_LoadMicrosoftVisualBasicforApplicationsprojectsf","displayName":"从文本加载 Microsoft Visual Basic for Applications 项目","explainText":"如果您希望能够将 VBA 项目用于其他版本的 Visio 创建的绘图，请选择此选项，以便在加载文件时编译 VBA 项目；但是，无法保存编译后的项目。","tags":["L_MacroSecurity","L_Security","L_VisioOptions","L_MicrosoftVisio"],"application":"visio16","key":"software\\microsoft\\office\\16.0\\visio\\application","valueName":"loadvbaprojectsfromtext"},{"parentCategory":{"ref":"L_MacroSecurity"},"supportedOn":{"ref":"windows:SUPPORTED_Windows7"},"enabledValue":{"string":"1"},"disabledValue":{"string":"0"},"name":"L_EnableMicrosoftVisualBasicforApplicationsproject","displayName":"启用 Microsoft Visual Basic for Applications 项目创建","explainText":"打开(或创建)的文档未包含项目时，启用 VBA 项目创建。如果清除此复选框，将无法在不含项目的文档中创建宏。","tags":["L_MacroSecurity","L_Security","L_VisioOptions","L_MicrosoftVisio"],"application":"visio16","key":"software\\microsoft\\office\\16.0\\visio\\application","valueName":"createvbaprojects"},{"parentCategory":{"ref":"L_EditingOptions"},"supportedOn":{"ref":"windows:SUPPORTED_Windows7"},"enabledValue":{"string":"0"},"disabledValue":{"string":"1"},"name":"L_TurnOffTransitions","displayName":"禁用过渡","explainText":"通过此策略设置，您可以配置平滑动画效果的过渡。\n\n如果启用此策略设置，将禁用过渡。\n\n如果禁用或未配置此策略设置，将启用过渡。","tags":["L_EditingOptions","L_Advanced","L_VisioOptions","L_MicrosoftVisio"],"application":"visio16","key":"software\\microsoft\\office\\16.0\\visio\\application","valueName":"transitionsenabled"},{"parentCategory":{"ref":"L_EditingOptions"},"supportedOn":{"ref":"windows:SUPPORTED_Windows7"},"enabledValue":{"string":"0"},"disabledValue":{"string":"1"},"name":"L_TurnOffSmartDeleteBehaviorOfConnectorsWhenDeletingShapes","displayName":"删除形状时禁用连接线的智能删除行为","explainText":"此策略设置可在删除形状时禁用连接线的智能删除行为。\n\n如果启用此策略设置，则在删除形状时不会删除连接线。\n\n如果禁用或未配置此策略设置，则在删除形状时也会删除连接线。","tags":["L_EditingOptions","L_Advanced","L_VisioOptions","L_MicrosoftVisio"],"application":"visio16","key":"software\\microsoft\\office\\16.0\\visio\\application","valueName":"deleteconnectorsenabled"},{"parentCategory":{"ref":"L_EditingOptions"},"supportedOn":{"ref":"windows:SUPPORTED_Windows7"},"enabledValue":{"string":"0"},"disabledValue":{"string":"1"},"name":"L_TurnOffShapeSheetFormulaAutoComplete","displayName":"禁用 ShapeSheet 公式自动完成","explainText":"通过此策略设置，您可以配置 ShapeSheet 公式自动完成。\n\n如果启用此策略设置，将禁用 ShapeSheet 公式自动完成。\n\n如果禁用或未配置此策略设置，则将启用 ShapeSheet 公式自动完成。","tags":["L_EditingOptions","L_Advanced","L_VisioOptions","L_MicrosoftVisio"],"application":"visio16","key":"software\\microsoft\\office\\16.0\\visio\\application","valueName":"formulaautocomplete"},{"parentCategory":{"ref":"L_GeneralOptions"},"supportedOn":{"ref":"windows:SUPPORTED_Windows7"},"enabledValue":{"string":"1"},"disabledValue":{"string":"0"},"name":"L_OpeneachShapeSheetinthesamewindow","displayName":"在同一窗口中打开每个 ShapeSheet","explainText":"在同一窗口中打开多个 ShapeSheet，而不是每个 ShapeSheet 分别占一个显示窗口。","tags":["L_GeneralOptions","L_Advanced","L_VisioOptions","L_MicrosoftVisio"],"application":"visio16","key":"software\\microsoft\\office\\16.0\\visio\\document","valueName":"recycleshapesheetwindow"},{"parentCategory":{"ref":"L_GeneralOptions"},"supportedOn":{"ref":"windows:SUPPORTED_Windows7"},"enabledValue":{"string":"1"},"disabledValue":{"string":"0"},"name":"L_PutallsettingsinWindowsregistry","displayName":"将所有设置放入 Windows 注册表中","explainText":"将所有可能的应用程序设置添加到 Windows 注册表中。默认情况下，为使注册表设置简单，将仅添加某些设置(非默认设置和极少数其他设置，如文件路径、导入和导出筛选器以及上一批文件)。","tags":["L_GeneralOptions","L_Advanced","L_VisioOptions","L_MicrosoftVisio"],"application":"visio16","key":"software\\microsoft\\office\\16.0\\visio\\application","valueName":"putallinregistry"},{"parentCategory":{"ref":"L_GeneralOptions"},"supportedOn":{"ref":"windows:SUPPORTED_Windows7"},"enabledValue":{"string":"1"},"disabledValue":{"string":"0"},"name":"L_EnableAutomationevents","displayName":"启用自动事件","explainText":"允许将 Visio 事件发送到 Visio 加载项和 VBA 宏。如果清除此选项，将禁用所有 Visio 事件；并且，可能导致 Visio 中某些依赖自动事件的绘图类型的功能不完整。","tags":["L_GeneralOptions","L_Advanced","L_VisioOptions","L_MicrosoftVisio"],"application":"visio16","key":"software\\microsoft\\office\\16.0\\visio\\application","valueName":"eventsenabled"},{"parentCategory":{"ref":"L_FileLocations"},"supportedOn":{"ref":"windows:SUPPORTED_Windows7"},"elements":{"items":[{"valueName":"drawingspath","requiredSpecified":false,"expandableSpecified":false,"maxLength":2147483647,"maxLengthSpecified":false,"inputType":"textBox","caption":"绘图:","id":"L_Drawingscolon"}]},"name":"L_Drawings","displayName":"图形","explainText":"显示绘图的其他位置。如果在此处添加一个位置，该位置将成为默认保存位置。","tags":["L_FileLocations","L_Advanced","L_VisioOptions","L_MicrosoftVisio"],"application":"visio16","key":"software\\microsoft\\office\\16.0\\visio\\application"},{"parentCategory":{"ref":"L_FileLocations"},"supportedOn":{"ref":"windows:SUPPORTED_Windows7"},"elements":{"items":[{"valueName":"templatepath","requiredSpecified":false,"expandableSpecified":false,"maxLength":2147483647,"maxLengthSpecified":false,"inputType":"textBox","caption":"模板:","id":"L_Templatescolon"}]},"name":"L_Templates","displayName":"模板","explainText":"通过此策略设置，您可以指定模板的其他位置。\n\n如果启用此策略设置，则可指定模板的其他位置。这些位置列在“文件”选项卡的新屏幕上。\n\n如果禁用或未配置此策略设置，则不会显示模板的其他位置。","tags":["L_FileLocations","L_Advanced","L_VisioOptions","L_MicrosoftVisio"],"application":"visio16","key":"software\\microsoft\\office\\16.0\\visio\\application"},{"parentCategory":{"ref":"L_FileLocations"},"supportedOn":{"ref":"windows:SUPPORTED_Windows7"},"elements":{"items":[{"valueName":"stencilpath","requiredSpecified":false,"expandableSpecified":false,"maxLength":2147483647,"maxLengthSpecified":false,"inputType":"textBox","caption":"模具:","id":"L_Stencilscolon"}]},"name":"L_Stencils","displayName":"模具","explainText":"显示模具的其他位置。在此处添加位置时，将在文件菜单的“形状”子菜单中列出此位置中的模具。","tags":["L_FileLocations","L_Advanced","L_VisioOptions","L_MicrosoftVisio"],"application":"visio16","key":"software\\microsoft\\office\\16.0\\visio\\application"},{"parentCategory":{"ref":"L_FileLocations"},"supportedOn":{"ref":"windows:SUPPORTED_Windows7"},"elements":{"items":[{"valueName":"helppath","requiredSpecified":false,"expandableSpecified":false,"maxLength":2147483647,"maxLengthSpecified":false,"inputType":"textBox","caption":"帮助:","id":"L_Helpcolon"}]},"name":"L_Help","displayName":"帮助","explainText":"显示帮助文件的其他位置。","tags":["L_FileLocations","L_Advanced","L_VisioOptions","L_MicrosoftVisio"],"application":"visio16","key":"software\\microsoft\\office\\16.0\\visio\\application"},{"parentCategory":{"ref":"L_FileLocations"},"supportedOn":{"ref":"windows:SUPPORTED_Windows7"},"elements":{"items":[{"valueName":"addonspath","requiredSpecified":false,"expandableSpecified":false,"maxLength":2147483647,"maxLengthSpecified":false,"inputType":"textBox","caption":"加载项:","id":"L_Addonscolon"}]},"name":"L_Addons","displayName":"加载项","explainText":"显示宏和加载项的其他位置。","tags":["L_FileLocations","L_Advanced","L_VisioOptions","L_MicrosoftVisio"],"application":"visio16","key":"software\\microsoft\\office\\16.0\\visio\\application"},{"parentCategory":{"ref":"L_FileLocations"},"supportedOn":{"ref":"windows:SUPPORTED_Windows7"},"elements":{"items":[{"valueName":"startuppath","requiredSpecified":false,"expandableSpecified":false,"maxLength":2147483647,"maxLengthSpecified":false,"inputType":"textBox","caption":"启动:","id":"L_Startupcolon"}]},"name":"L_Startup","displayName":"启动","explainText":"显示启动 Visio 时打开的宏和加载项的其他位置。","tags":["L_FileLocations","L_Advanced","L_VisioOptions","L_MicrosoftVisio"],"application":"visio16","key":"software\\microsoft\\office\\16.0\\visio\\application"},{"parentCategory":{"ref":"L_FileLocations"},"supportedOn":{"ref":"windows:SUPPORTED_Windows7"},"elements":{"items":[{"valueName":"myshapespath","requiredSpecified":false,"expandableSpecified":false,"maxLength":2147483647,"maxLengthSpecified":false,"inputType":"textBox","caption":"我的形状:","id":"L_MyShapescolon"}]},"name":"L_MyShapes","displayName":"我的形状","explainText":"显示“我的形状”文件夹的路径。","tags":["L_FileLocations","L_Advanced","L_VisioOptions","L_MicrosoftVisio"],"application":"visio16","key":"software\\microsoft\\office\\16.0\\visio\\application"},{"parentCategory":{"ref":"L_FileLocations"},"supportedOn":{"ref":"windows:SUPPORTED_Windows7"},"elements":{"items":[{"valueName":"favoritesstencilname","requiredSpecified":false,"expandableSpecified":false,"maxLength":2147483647,"maxLengthSpecified":false,"inputType":"textBox","caption":"收藏夹模板名称:","id":"L_FavoritesStencilNamecolon"}]},"name":"L_FavoritesStencilName","displayName":"收藏夹模板名称","explainText":"显示在“我的形状”文件夹中创建的模具的名称，该模具包含用户收藏的各种形状。","tags":["L_FileLocations","L_Advanced","L_VisioOptions","L_MicrosoftVisio"],"application":"visio16","key":"software\\microsoft\\office\\16.0\\visio\\application"},{"parentCategory":{"ref":"L_AutoCorrectOptions"},"supportedOn":{"ref":"windows:SUPPORTED_Windows7"},"enabledValue":{"decimal":{"value":1}},"disabledValue":{"decimal":{"value":0}},"name":"L_Straightquoteswithsmartquotes","displayName":"直引号替换为弯引号","explainText":"选中/取消选中对应的用户界面选项。","tags":["L_AutoCorrectOptions","L_Proofing","L_VisioOptions","L_MicrosoftVisio"],"application":"visio16","key":"software\\microsoft\\office\\16.0\\visio\\autoformat as you type","valueName":"smartquotes"},{"parentCategory":{"ref":"L_AutoCorrectOptions"},"supportedOn":{"ref":"windows:SUPPORTED_Windows7"},"enabledValue":{"decimal":{"value":1}},"disabledValue":{"decimal":{"value":0}},"name":"L_Fractionswithfractioncharacter","displayName":"分数替换为分数符号","explainText":"选中/取消选中对应的用户界面选项。","tags":["L_AutoCorrectOptions","L_Proofing","L_VisioOptions","L_MicrosoftVisio"],"application":"visio16","key":"software\\microsoft\\office\\16.0\\visio\\autoformat as you type","valueName":"fractions"},{"parentCategory":{"ref":"L_AutoCorrectOptions"},"supportedOn":{"ref":"windows:SUPPORTED_Windows7"},"enabledValue":{"decimal":{"value":1}},"disabledValue":{"decimal":{"value":0}},"name":"L_Ordinalswithsuperscript","displayName":"用上标替换序数","explainText":"选中/取消选中对应的用户界面选项。","tags":["L_AutoCorrectOptions","L_Proofing","L_VisioOptions","L_MicrosoftVisio"],"application":"visio16","key":"software\\microsoft\\office\\16.0\\visio\\autoformat as you type","valueName":"ordinals"},{"parentCategory":{"ref":"L_AutoCorrectOptions"},"supportedOn":{"ref":"windows:SUPPORTED_Windows7"},"enabledValue":{"decimal":{"value":1}},"disabledValue":{"decimal":{"value":0}},"name":"L_Hyphenswithdash","displayName":"连字符替换为破折号","explainText":"选中/取消选中对应的用户界面选项。","tags":["L_AutoCorrectOptions","L_Proofing","L_VisioOptions","L_MicrosoftVisio"],"application":"visio16","key":"software\\microsoft\\office\\16.0\\visio\\autoformat as you type","valueName":"dashes"},{"parentCategory":{"ref":"L_AutoCorrectOptions"},"supportedOn":{"ref":"windows:SUPPORTED_Windows7"},"enabledValue":{"decimal":{"value":1}},"disabledValue":{"decimal":{"value":0}},"name":"L_Smileyfacesandarrowswithspecialsymbols","displayName":"笑脸和箭头替换为特殊符号","explainText":"选中/取消选中对应的用户界面选项。","tags":["L_AutoCorrectOptions","L_Proofing","L_VisioOptions","L_MicrosoftVisio"],"application":"visio16","key":"software\\microsoft\\office\\16.0\\visio\\autoformat as you type","valueName":"smileys"},{"parentCategory":{"ref":"L_Miscellaneous"},"supportedOn":{"ref":"windows:SUPPORTED_Windows7"},"elements":{"items":[{"valueName":"sendtoemailmsgstring","requiredSpecified":false,"expandableSpecified":false,"maxLength":2147483647,"maxLengthSpecified":false,"inputType":"textBox","caption":"通过电子邮件传递“发送”命令的消息","id":"L_emailmessageforsendtocommands101"}]},"name":"L_EmailmessageforSendtocommands","displayName":"通过电子邮件传递“发送”命令的消息","explainText":"“文件”菜单的“发送”子菜单中的命令。","tags":["L_Miscellaneous","L_MicrosoftVisio"],"application":"visio16","key":"software\\microsoft\\office\\16.0\\visio\\application"},{"parentCategory":{"ref":"L_Display"},"supportedOn":{"ref":"windows:SUPPORTED_Windows7"},"elements":{"items":[{"valueName":"max display","minValue":0,"minValueSpecified":true,"maxValue":50,"maxValueSpecified":true,"inputType":"decimalTextBox","caption":"条目数: ","id":"L_Numberofentries"}]},"name":"L_Recentlyusedfilelist","displayName":"“最近使用的绘图”列表中的条目数","explainText":"此策略设置指定当用户在 Backage 视图中在“文件”选项卡上单击“打开”时出现的“最近使用的绘图”列表中显示的条目数。\n\n如果启用此策略设置，您可以将条目数指定为介于 0 到 50 之间。如果将数字设置为 0，则所有固定和取消固定的条目都将隐藏。\n\n如果禁用或未配置此策略设置，“最近使用的绘图”列表中最多显示 25 个项目。\n\n注意: 如果想要彻底阻止项目添加到“最近使用的绘图”列表，您可以启用 Windows 策略设置“不保留最近打开的文档的历史记录”。","tags":["L_Display","L_Advanced","L_VisioOptions","L_MicrosoftVisio"],"application":"visio16","key":"software\\microsoft\\office\\16.0\\visio\\file mru"},{"parentCategory":{"ref":"L_Display"},"supportedOn":{"ref":"windows:SUPPORTED_Windows7"},"elements":{"items":[{"valueName":"max display","minValue":0,"minValueSpecified":true,"maxValue":20,"maxValueSpecified":true,"inputType":"decimalTextBox","caption":"文件夹数: ","id":"L_SetNumberOfPlacesInTheRecentPlacesListSpinID"}]},"name":"L_SetNumberOfPlacesInTheRecentPlacesList","displayName":"“最近使用的文件夹”列表中的文件夹数","explainText":"此策略设置指定当用户在 Backage 视图中在“文件”选项卡上单击“打开”或“另存为”时出现的“最近使用的文件夹”列表中显示的已取消固定的条目数。\n\n如果启用此策略设置，您可以将取消固定的条目数指定为介于 0 到 20 之间。如果将数字设置为 0，则所有固定和取消固定的条目都将隐藏。\n\n如果禁用或未配置此策略设置，“最近使用的文件夹”列表中最多显示 5 个取消固定的条目。\n\n注意: 如果想要彻底阻止条目添加到“最近使用的文件夹”列表，您可以启用 Windows 策略设置“不保留最近打开的文档的历史记录”。","tags":["L_Display","L_Advanced","L_VisioOptions","L_MicrosoftVisio"],"application":"visio16","key":"software\\microsoft\\office\\16.0\\visio\\place mru"},{"parentCategory":{"ref":"L_Miscellaneous"},"supportedOn":{"ref":"windows:SUPPORTED_Windows7"},"enabledValue":{"decimal":{"value":1}},"disabledValue":{"decimal":{"value":0}},"name":"L_DisableOfficeStartVisio","displayName":"禁用 Visio 的 Office 开始屏幕","explainText":"此策略设置控制启动 Visio 时 Office 开始屏幕是否显示。\n\n如果启用此策略设置，则当启动 Visio 时，用户不会看到 Office 开始屏幕。\n\n如果禁用或不配置此策略设置，则当启动 Visio 时，用户会看到 Office 开始屏幕。\n\n注意: 如果设置了“Microsoft Office 2016”>“杂项”>“为所有 Office 应用程序禁用 Office 开始屏幕”，则此策略设置将被替代。","tags":["L_Miscellaneous","L_MicrosoftVisio"],"application":"visio16","key":"software\\microsoft\\office\\16.0\\visio\\application","valueName":"disableboottoofficestart"},{"parentCategory":{"ref":"L_Miscellaneous"},"supportedOn":{"ref":"windows:SUPPORTED_Windows7"},"elements":{"items":[{"valueName":"personaltemplates","requiredSpecified":false,"expandable":true,"expandableSpecified":true,"maxLength":2147483647,"maxLengthSpecified":false,"inputType":"textBox","caption":"个人模板路径","id":"L_PersonalTemplatesPath"}]},"name":"L_PersonalTemplatesPath","displayName":"Visio 的个人模板路径","explainText":"此策略设置指定用户的个人模板的位置。\n\n如果启用此策略设置，用户将在 Office 开始屏幕上和“文件”|“新建”中看到他们保存在自定义模板选项卡中的指定位置的任何模板，并且在保存模板时，其默认文件夹将更改为指定位置。\n\n如果禁用或未配置此策略设置，用户不会在 Office 开始屏幕上和“文件”|“新建”中看到他们保存在自定义模板选项卡中的模板，并且在保存模板时，其默认文件夹将是文档保存位置。","tags":["L_Miscellaneous","L_MicrosoftVisio"],"application":"visio16","key":"software\\microsoft\\office\\16.0\\visio\\application"},{"parentCategory":{"ref":"L_Miscellaneous"},"supportedOn":{"ref":"windows:SUPPORTED_Windows7"},"elements":{"items":[{"item":[{"value":{"decimal":{"value":0}},"displayName":"特色"},{"value":{"decimal":{"value":2}},"displayName":"内置"},{"value":{"decimal":{"value":1}},"displayName":"自定义"}],"valueName":"officestartdefaulttab","inputType":"dropdownList","caption":"默认选项卡","id":"L_DefaultBuiltInTab"}]},"name":"L_DefaultBuiltInTab","displayName":"要在 Visio 的 Office 开始屏幕上和“文件|新建”中显示的默认选项卡","explainText":"此策略设置控制在 Visio 的 Office 开始屏幕上和“文件|新建”中显示为默认选项卡的内容。\n\n如果启用此策略设置，您可以选择两个选项之一成为 Office 开始屏幕上和“文件|新建”中的默认选项卡:\n\n* 内置 – 用户将在 Visio 的 Office 开始屏幕上和“文件|新建”中看到内置模板选项卡作为默认选项卡。\n\n* 自定义 – 当自定义模板(这可能包括自定义 XML 编程的模板、工作组模板路径中的模板、个人模板路径中的模板或 SharePoint 模板)存在时，用户将在 Visio 的 Office 开始屏幕上和“文件|新建”中看到这些模板选项卡为默认选项卡。\n\n如果禁用或不配置此策略设置，用户将在 Visio 的 Office 开始屏幕上和“文件|新建”中看到特色模板选项卡作为默认选项卡","tags":["L_Miscellaneous","L_MicrosoftVisio"],"application":"visio16","key":"software\\microsoft\\office\\16.0\\visio\\application"},{"parentCategory":{"ref":"L_Advanced"},"supportedOn":{"ref":"windows:SUPPORTED_Windows7"},"enabledList":[{"value":{"string":"true"},"valueName":"Microsoft.Office.UXPlatform.FluentSVRefresh"},{"value":{"string":"true"},"valueName":"Microsoft.Office.UXPlatform.RibbonTouchOptimization"},{"value":{"string":"true"},"valueName":"Microsoft.Office.UXPlatform.FluentSVRibbonOptionsMenu"}],"disabledList":[{"value":{"string":"false"},"valueName":"Microsoft.Office.UXPlatform.FluentSVRefresh"},{"value":{"string":"false"},"valueName":"Microsoft.Office.UXPlatform.RibbonTouchOptimization"},{"value":{"string":"false"},"valueName":"Microsoft.Office.UXPlatform.FluentSVRibbonOptionsMenu"}],"name":"L_visioVisualRefresh","displayName":"Visual refresh 设置","explainText":"设置是否开启 visual refresh. 可能对某些版本的 Office 无效。\n\n数据由 Office Tool Plus 提供。","tags":["L_Advanced"],"application":"visio16","key":"Software\\Microsoft\\Office\\16.0\\Common\\ExperimentConfigs\\ExternalFeatureOverrides\\visio"}]}