{"categories":[{"name":"L_MicrosoftVisio","displayName":"Microsoft Visio 2016"},{"parentCategory":{"ref":"L_MicrosoftVisio"},"name":"L_VisioOptions","displayName":"Opties voor Visio"},{"parentCategory":{"ref":"L_VisioOptions"},"name":"L_General","displayName":"Algemeen"},{"parentCategory":{"ref":"L_General"},"name":"L_UserInterfaceOptions","displayName":"Gebruikersinterfaceopties"},{"parentCategory":{"ref":"L_VisioOptions"},"name":"L_Save","displayName":"Opslaan"},{"parentCategory":{"ref":"L_Save"},"name":"L_OfflineEditing","displayName":"Offline bewerken"},{"parentCategory":{"ref":"L_Save"},"name":"L_SaveDocuments","displayName":"Documenten opslaan"},{"parentCategory":{"ref":"L_VisioOptions"},"name":"L_Proofing","displayName":"Controle"},{"parentCategory":{"ref":"L_Proofing"},"name":"L_AutoCorrectOptions","displayName":"AutoCorrectie-opties"},{"parentCategory":{"ref":"L_VisioOptions"},"name":"L_OptionsCustomizeRibbon","displayName":"Lint aanpassen"},{"parentCategory":{"ref":"L_VisioOptions"},"name":"L_Security","displayName":"Beveiliging"},{"parentCategory":{"ref":"L_Security"},"name":"L_TrustCenter","displayName":"Vertrouwenscentrum"},{"parentCategory":{"ref":"L_TrustCenter"},"name":"L_FileBlockSettings","displayName":"Instellingen voor bestandsblokkering"},{"parentCategory":{"ref":"L_Security"},"name":"L_MacroSecurity","displayName":"Macrobeveiliging"},{"parentCategory":{"ref":"L_VisioOptions"},"name":"L_Advanced","displayName":"Geavanceerd"},{"parentCategory":{"ref":"L_Advanced"},"name":"L_FileLocations","displayName":"Bestandslocaties"},{"parentCategory":{"ref":"L_Advanced"},"name":"L_Display","displayName":"Weergave"},{"parentCategory":{"ref":"L_Advanced"},"name":"L_EditingOptions","displayName":"Opties voor bewerken"},{"parentCategory":{"ref":"L_Advanced"},"name":"L_SaveOpen","displayName":"Opslaan/openen"},{"parentCategory":{"ref":"L_Advanced"},"name":"L_ShapeSearch","displayName":"Zoeken naar shapes"},{"parentCategory":{"ref":"L_Advanced"},"name":"L_GeneralOptions","displayName":"Algemene opties"},{"parentCategory":{"ref":"L_MicrosoftVisio"},"name":"L_Customizableerrormessages","displayName":"Aanpasbare foutberichten"},{"parentCategory":{"ref":"L_MicrosoftVisio"},"name":"L_Disableitemsinuserinterface","displayName":"Items in gebruikersinterface uitschakelen"},{"parentCategory":{"ref":"L_Disableitemsinuserinterface"},"name":"L_Custom","displayName":"Aangepast"},{"parentCategory":{"ref":"L_MicrosoftVisio"},"name":"L_Miscellaneous","displayName":"Diversen"}],"policies":[{"parentCategory":{"ref":"L_Display"},"supportedOn":{"ref":"windows:SUPPORTED_Windows7"},"enabledValue":{"string":"0"},"disabledValue":{"string":"1"},"name":"L_PreventShowingNewScreenOnLaunch","displayName":"Voorkomen dat het scherm Nieuw wordt weergegeven bij het opstarten","explainText":"Met deze beleidsinstelling kunt u voorkomen dat het scherm Nieuw wordt weergegeven bij het starten van Visio.\n\nAls u deze beleidsinstelling inschakelt, wordt het scherm Nieuw niet weergegeven bij het starten.\n\nAls u deze beleidsinstelling uitschakelt of niet configureert, wordt het scherm Nieuw, inclusief een catalogus met sjablonen, weergegeven wanneer u Visio opent.","tags":["L_Display","L_Advanced","L_VisioOptions","L_MicrosoftVisio"],"application":"visio16","key":"software\\microsoft\\office\\16.0\\visio\\application","valueName":"showtemplatepanebydefault"},{"parentCategory":{"ref":"L_Display"},"supportedOn":{"ref":"windows:SUPPORTED_Windows7"},"enabledValue":{"string":"1"},"disabledValue":{"string":"0"},"name":"L_SmartTags","displayName":"Acties","explainText":"Hiermee geeft u aanvullende acties weer als u de muisaanwijzer erboven plaatst in de tekening.","tags":["L_Display","L_Advanced","L_VisioOptions","L_MicrosoftVisio"],"application":"visio16","key":"software\\microsoft\\office\\16.0\\visio\\application","valueName":"showsmarttags"},{"parentCategory":{"ref":"L_Display"},"supportedOn":{"ref":"windows:SUPPORTED_Windows7"},"enabledValue":{"string":"1"},"disabledValue":{"string":"0"},"name":"L_StencilwindowScreenTips","displayName":"Scherminfo voor stencilvenster","explainText":"Hiermee geeft u aan of scherminfo (tips die worden weergegeven wanneer u de aanwijzer op bepaalde elementen in het Visio-programma plaatst, waaronder: modellen op stencils, werkbalkknoppen en de liniaal) in Visio moeten worden weergegeven om te helpen bij het identificeren van shapes in het stencilvenster.","tags":["L_Display","L_Advanced","L_VisioOptions","L_MicrosoftVisio"],"application":"visio16","key":"software\\microsoft\\office\\16.0\\visio\\application","valueName":"tipsstencil"},{"parentCategory":{"ref":"L_Display"},"supportedOn":{"ref":"windows:SUPPORTED_Windows7"},"elements":{"items":[{"item":[{"value":{"string":"51"},"displayName":"Pica's"},{"value":{"string":"50"},"displayName":"Punten"},{"value":{"string":"54"},"displayName":"Cicero's"},{"value":{"string":"53"},"displayName":"Didots"}],"valueName":"measurementsystem_text","inputType":"dropdownList","caption":"Tekst","id":"L_text7"}]},"name":"L_Text","displayName":"Tekst","explainText":"Hiermee geeft u de maateenheid voor inspringingen, de regelafstand en andere tekstmaten op. De standaardeenheid voor de tekengrootte is punten (1 punt = 1/72 inch.). U kunt de tekstgrootte invoeren in een andere maateenheid (bijvoorbeeld in centimeters), maar u kunt de standaardwaarde niet wijzigen.","tags":["L_Display","L_Advanced","L_VisioOptions","L_MicrosoftVisio"],"application":"visio16","key":"software\\microsoft\\office\\16.0\\visio\\document"},{"parentCategory":{"ref":"L_Display"},"supportedOn":{"ref":"windows:SUPPORTED_Windows7"},"elements":{"items":[{"item":[{"value":{"string":"81"},"displayName":"Graden"},{"value":{"string":"82"},"displayName":"Gr-min-sec"},{"value":{"string":"84"},"displayName":"Min-sec"},{"value":{"string":"85"},"displayName":"Seconden"},{"value":{"string":"83"},"displayName":"Radialen"}],"valueName":"measurementsystem_angle","inputType":"dropdownList","caption":"Hoek","id":"L_angle8"}]},"name":"L_Angle","displayName":"Hoek","explainText":"Hiermee geeft u de maateenheid voor de draaihoek op.","tags":["L_Display","L_Advanced","L_VisioOptions","L_MicrosoftVisio"],"application":"visio16","key":"software\\microsoft\\office\\16.0\\visio\\document"},{"parentCategory":{"ref":"L_Display"},"supportedOn":{"ref":"windows:SUPPORTED_Windows7"},"elements":{"items":[{"item":[{"value":{"string":"43"},"displayName":"Weken"},{"value":{"string":"44"},"displayName":"Dagen"},{"value":{"string":"45"},"displayName":"Uur"},{"value":{"string":"46"},"displayName":"Minuten"},{"value":{"string":"47"},"displayName":"Seconden"}],"valueName":"measurementsystem_duration","inputType":"dropdownList","caption":"Duur","id":"L_duration9"}]},"name":"L_Duration","displayName":"Duur","explainText":"Hiermee geeft u de eenheid voor de duur op. De duur is verstreken tijd ten opzichte van een specifieke datum of tijd.","tags":["L_Display","L_Advanced","L_VisioOptions","L_MicrosoftVisio"],"application":"visio16","key":"software\\microsoft\\office\\16.0\\visio\\document"},{"parentCategory":{"ref":"L_Display"},"supportedOn":{"ref":"windows:SUPPORTED_Windows7"},"enabledValue":{"string":"1"},"disabledValue":{"string":"0"},"name":"L_AlwaysofferMetricandUSunitsfornewblankdrawings","displayName":"Altijd metrische en Amerikaanse eenheden aanbieden voor nieuwe lege tekeningen en stencils","explainText":"Met deze beleidsinstelling staat u toe dat zowel Amerikaanse eenheden als metrische eenheden worden weergegeven wanneer u een nieuwe lege tekening of stencil maakt.\n\nAls u deze beleidsinstelling inschakelt, worden zowel Amerikaanse eenheden als metrische eenheden als keuze weergegeven voordat u een nieuwe lege tekening of stencil maakt. Deze tekeningen worden geopend met de juiste linialen en pagina-instelling en gebruiken de juiste eenheden voor de tekenhulpmiddelen.  Hiermee worden niet de sjablonen en stencils in beide typen eenheden geïnstalleerd.  Deze beleidsinstelling is altijd ingeschakeld wanneer het tabblad Ontwikkelaar is ingeschakeld.\n\nAls u deze beleidsinstelling uitschakelt of niet configureert, wordt er geen keuze tussen eenheden weergegeven wanneer u een lege tekening of stencil maakt als er sjablonen en stencils van slechts één type eenheid zijn geïnstalleerd.","tags":["L_Display","L_Advanced","L_VisioOptions","L_MicrosoftVisio"],"application":"visio16","key":"software\\microsoft\\office\\16.0\\visio\\application","valueName":"offermetricandus"},{"parentCategory":{"ref":"L_UserInterfaceOptions"},"supportedOn":{"ref":"windows:SUPPORTED_Windows7"},"enabledValue":{"string":"0"},"disabledValue":{"string":"1"},"name":"L_DoNotShowMiniToolbarOnSelectionOfText","displayName":"Miniwerkbalk niet weergeven bij selectie van tekst","explainText":"Met deze beleidsinstelling kunt u de miniwerkbalk bij selectie van tekst configureren.\n\nAls u deze beleidsinstelling inschakelt, wordt de miniwerkbalk niet weergegeven bij selectie.\n\nAls u deze beleidsinstelling uitschakelt of niet configureert, wordt de miniwerkbalk weergegeven bij selectie.","tags":["L_UserInterfaceOptions","L_General","L_VisioOptions","L_MicrosoftVisio"],"application":"visio16","key":"software\\microsoft\\office\\16.0\\visio\\application","valueName":"showminitoolbar"},{"parentCategory":{"ref":"L_UserInterfaceOptions"},"supportedOn":{"ref":"windows:SUPPORTED_Windows7"},"enabledValue":{"string":"0"},"disabledValue":{"string":"1"},"name":"L_TurnOffLivePreview","displayName":"Livevoorbeeld uitschakelen","explainText":"Met deze beleidsinstelling kunt u Livevoorbeeld configureren, dat een voorbeeld laat zien van hoe een functie het document beïnvloedt als u de muisaanwijzer op verschillende opties plaatst.\n\nAls u deze beleidsinstelling inschakelt, wordt Livevoorbeeld uitgeschakeld.\n\nAls u deze beleidsinstelling uitschakelt of niet configureert, wordt Livevoorbeeld ingeschakeld.","tags":["L_UserInterfaceOptions","L_General","L_VisioOptions","L_MicrosoftVisio"],"application":"visio16","key":"software\\microsoft\\office\\16.0\\visio\\application","valueName":"livepreview"},{"parentCategory":{"ref":"L_UserInterfaceOptions"},"supportedOn":{"ref":"windows:SUPPORTED_Windows7"},"enabledValue":{"string":"0"},"disabledValue":{"string":"1"},"name":"L_TurnOffLivePreviewInTheShapesWindow","displayName":"Livevoorbeeld uitschakelen in het venster Shapes","explainText":"Met deze beleidsinstelling schakelt u Livevoorbeeld uit in de functie venster Shapes. Livevoorbeeld zorgt ervoor dat shapes in het venster Shapes worden weergegeven met de details en kleurdiepte die ze zullen hebben in een tekening, inclusief themakleuren en effecten.\n\nAls u deze beleidsinstelling inschakelt, wordt Livevoorbeeld in het venster Shapes uitgeschakeld.\n\nAls u deze beleidsinstelling uitschakelt of niet configureert, wordt Livevoorbeeldin het venster Shapes ingeschakeld.","tags":["L_UserInterfaceOptions","L_General","L_VisioOptions","L_MicrosoftVisio"],"application":"visio16","key":"software\\microsoft\\office\\16.0\\visio\\application","valueName":"livepreviewmasters"},{"parentCategory":{"ref":"L_EditingOptions"},"supportedOn":{"ref":"windows:SUPPORTED_Windows7"},"enabledValue":{"string":"1"},"disabledValue":{"string":"0"},"name":"L_ZoomonrollwithIntelliMouse","displayName":"Zoomen bij rollen met IntelliMouse","explainText":"Als dit is geselecteerd, kunt u in- of uitzoomen op een tekening door het wieltje van de Microsoft IntelliMouse te draaien","tags":["L_EditingOptions","L_Advanced","L_VisioOptions","L_MicrosoftVisio"],"application":"visio16","key":"software\\microsoft\\office\\16.0\\visio\\application","valueName":"zoomonroll"},{"parentCategory":{"ref":"L_EditingOptions"},"supportedOn":{"ref":"windows:SUPPORTED_Windows7"},"enabledValue":{"string":"1"},"disabledValue":{"string":"0"},"name":"L_Centerselectiononzoom","displayName":"Selectie centreren bij in- en uitzoomen","explainText":"Hiermee geeft u op dat de geselecteerde shape in het midden van het venster wordt weergegeven wanneer u inzoomt.","tags":["L_EditingOptions","L_Advanced","L_VisioOptions","L_MicrosoftVisio"],"application":"visio16","key":"software\\microsoft\\office\\16.0\\visio\\application","valueName":"zoommode"},{"parentCategory":{"ref":"L_EditingOptions"},"supportedOn":{"ref":"windows:SUPPORTED_Windows7"},"enabledValue":{"string":"1"},"disabledValue":{"string":"0"},"name":"L_Selectshapespartiallywithinarea","displayName":"Shapes selecteren die gedeeltelijk in het gebied liggen","explainText":"Als u shapes selecteert met behulp van een selectievak (een vak rond shapes op de tekenpagina sleept), kunt u de selectie-instellingen zo wijzigen dat ook vormen worden opgenomen die zich gedeeltelijk binnen het selectievak bevinden.","tags":["L_EditingOptions","L_Advanced","L_VisioOptions","L_MicrosoftVisio"],"application":"visio16","key":"software\\microsoft\\office\\16.0\\visio\\application","valueName":"areaselection"},{"parentCategory":{"ref":"L_EditingOptions"},"supportedOn":{"ref":"windows:SUPPORTED_Windows7"},"enabledValue":{"string":"1"},"disabledValue":{"string":"0"},"name":"L_Enablelivedynamics","displayName":"Live dynamics inschakelen","explainText":"Wanneer u de grootte van een shape wijzigt of de vorm draait, kunt u de shape zien terwijl deze wordt getransformeerd, in plaats van dat u alleen het selectiekader ziet totdat de actie is voltooid","tags":["L_EditingOptions","L_Advanced","L_VisioOptions","L_MicrosoftVisio"],"application":"visio16","key":"software\\microsoft\\office\\16.0\\visio\\application","valueName":"livemousedynamics"},{"parentCategory":{"ref":"L_EditingOptions"},"supportedOn":{"ref":"windows:SUPPORTED_Windows7"},"enabledValue":{"string":"1"},"disabledValue":{"string":"0"},"name":"L_Enalbeconnectorsplitting","displayName":"Splitsen van verbindingslijn inschakelen","explainText":"Wanneer u een shape op een verbindingslijn plaatst, wordt de lijn gesplitst en wordt elk stuk een afzonderlijke verbindingslijn die aan de shape is gelijmd. Niet alle typen tekeningen ondersteunen het splitsen van verbindingslijnen.","tags":["L_EditingOptions","L_Advanced","L_VisioOptions","L_MicrosoftVisio"],"application":"visio16","key":"software\\microsoft\\office\\16.0\\visio\\application","valueName":"allowshapesplitting"},{"parentCategory":{"ref":"L_EditingOptions"},"supportedOn":{"ref":"windows:SUPPORTED_Windows7"},"enabledValue":{"string":"1"},"disabledValue":{"string":"0"},"name":"L_EnableAutoConnect","displayName":"Automatisch verbinden inschakelen","explainText":"Hiermee stelt u de waarde voor de bijbehorende gebruikersinterface-optie in.","tags":["L_EditingOptions","L_Advanced","L_VisioOptions","L_MicrosoftVisio"],"application":"visio16","key":"software\\microsoft\\office\\16.0\\visio\\application","valueName":"enableautoconnect"},{"parentCategory":{"ref":"L_EditingOptions"},"supportedOn":{"ref":"windows:SUPPORTED_Windows7"},"enabledValue":{"string":"0"},"disabledValue":{"string":"1"},"name":"L_ShowMoreHandles","displayName":"Meer grepen weergeven bij aanwijzen","explainText":"Met deze beleidsinstelling kunt u meer shapegrepen weergeven bij het aanwijzen van een geselecteerde shape.\n\nAls u deze beleidsinstelling inschakelt, worden er na even wachten meer shapegrepen weergegeven.\n\nAls u deze beleidsinstelling uitschakelt of niet configureert, worden er geen shapegrepen weergegeven.\n","tags":["L_EditingOptions","L_Advanced","L_VisioOptions","L_MicrosoftVisio"],"application":"visio16","key":"software\\microsoft\\office\\16.0\\visio\\application","valueName":"handlebehavior"},{"parentCategory":{"ref":"L_SaveDocuments"},"supportedOn":{"ref":"windows:SUPPORTED_Windows7"},"enabledValue":{"string":"1"},"disabledValue":{"string":"0"},"name":"L_Promptfordocumentpropertiesonfirstsave","displayName":"Documenteigenschappen vragen bij eerste keer opslaan","explainText":"Hiermee wordt aangegeven of het dialoogvenster Eigenschappen wordt geopend wanneer een bestand voor de eerste keer wordt opgeslagen. Voorbeelden van bestandseigenschappen zijn naam van de auteur en informatie zoals de status van het bestand, voorbeeldinstellingen en andere eigenschappen.","tags":["L_SaveDocuments","L_Save","L_VisioOptions","L_MicrosoftVisio"],"application":"visio16","key":"software\\microsoft\\office\\16.0\\visio\\application","valueName":"promptforsummaryinfo"},{"parentCategory":{"ref":"L_SaveOpen"},"supportedOn":{"ref":"windows:SUPPORTED_Windows7"},"elements":{"items":[{"item":[{"value":{"string":"0"},"displayName":"Laat Visio de taal kiezen"},{"value":{"string":"1"},"displayName":"Vragen om taal"},{"value":{"string":"2"},"displayName":"De volgende taal gebruiken"}],"valueName":"fileconversionmode","inputType":"dropdownList","caption":"Taal voor bestandsconversie","id":"L_languageforfileconversion5"},{"valueName":"fileconversionlanguage","requiredSpecified":false,"expandableSpecified":false,"maxLength":2147483647,"maxLengthSpecified":false,"inputType":"textBox","caption":"Taal gebruiken:","id":"L_Uselanguage"}]},"name":"L_languageforfileconversion4","displayName":"Taal voor bestandsconversie","explainText":"Met deze beleidsinstelling kunt u opgeven hoe wordt bepaald welke taal in Visio moet worden gebruikt bij het converteren van of naar een eerdere versie van Visio.  \n\nAls u deze beleidsinstelling inschakelt, kunt u een van de volgende opties selecteren:\n\n- Laat Visio de taal kiezen\n-Vragen om taal\n- De volgende taal gebruiken: u moet de numerieke Microsoft-landinstellings-ID (LCID) voor die taal opgeven.\n\nAls u deze beleidsinstelling uitschakelt of niet configureert, bepaalt Visio welke taal moet worden gebruikt.","tags":["L_SaveOpen","L_Advanced","L_VisioOptions","L_MicrosoftVisio"],"application":"visio16","key":"software\\microsoft\\office\\16.0\\visio\\application"},{"parentCategory":{"ref":"L_SaveOpen"},"supportedOn":{"ref":"windows:SUPPORTED_Windows7"},"enabledValue":{"string":"1"},"disabledValue":{"string":"0"},"name":"L_Showfilesavewarnings","displayName":"Waarschuwingen bij opslaan bestand weergeven","explainText":"Geeft aan of er een waarschuwingsbericht wordt weergegeven wanneer u bestanden opslaat die fouten bevatten, zoals ongeldige XML-code.","tags":["L_SaveOpen","L_Advanced","L_VisioOptions","L_MicrosoftVisio"],"application":"visio16","key":"software\\microsoft\\office\\16.0\\visio\\application","valueName":"showxmlsavewarnings"},{"parentCategory":{"ref":"L_SaveOpen"},"supportedOn":{"ref":"windows:SUPPORTED_Windows7"},"enabledValue":{"string":"1"},"disabledValue":{"string":"0"},"name":"L_Showfileopenwarnings","displayName":"Waarschuwingen bij openen bestand weergeven","explainText":"Geeft aan of er een waarschuwingsbericht wordt weergegeven wanneer u bestanden opent die fouten bevatten, zoals ongeldige XML-code.","tags":["L_SaveOpen","L_Advanced","L_VisioOptions","L_MicrosoftVisio"],"application":"visio16","key":"software\\microsoft\\office\\16.0\\visio\\application","valueName":"showxmlopenwarnings"},{"parentCategory":{"ref":"L_OptionsCustomizeRibbon"},"supportedOn":{"ref":"windows:SUPPORTED_Windows7"},"enabledValue":{"decimal":{"value":1}},"disabledValue":{"decimal":{"value":0}},"name":"L_DisplayDeveloperTab","displayName":"Tabblad Ontwikkelaars op het lint weergeven","explainText":"Met deze beleidsinstelling wordt bepaald of het tabblad Ontwikkelaars wordt weergegeven op het lint.\n\nAls u deze beleidsinstelling inschakelt, wordt het tabblad Ontwikkelaars weergegeven op het lint.\n\nAls u deze beleidsinstelling uitschakelt, wordt het tabblad Ontwikkelaars niet weergegeven op het lint.\n\nAls u deze beleidsinstelling niet configureert, wordt het tabblad Ontwikkelaars niet weergegeven op het lint, maar de zichtbaarheid ervan kan worden gewijzigd via een instelling in het dialoogvenster Opties van de toepassing.","tags":["L_OptionsCustomizeRibbon","L_VisioOptions","L_MicrosoftVisio"],"application":"visio16","key":"software\\microsoft\\office\\16.0\\visio\\application","valueName":"developertools"},{"parentCategory":{"ref":"L_Save"},"supportedOn":{"ref":"windows:SUPPORTED_Windows7"},"enabledValue":{"decimal":{"value":1}},"disabledValue":{"decimal":{"value":0}},"name":"L_TurnOffCADDWGFunctionality","displayName":"CAD/DWG-functionaliteit uitschakelen","explainText":"Met deze beleidsinstelling kunt u alle ingangspunten die betrekking hebben op CAD/DWG-bestanden uitschakelen.\n\nAls u deze beleidsinstelling inschakelt, wordt de CAD/DWG-functionaliteit uitgeschakeld.\n\nAls u deze beleidsinstelling uitschakelt of niet configureert, wordt de CAD/DWG-functionaliteit ingeschakeld.","tags":["L_Save","L_VisioOptions","L_MicrosoftVisio"],"application":"visio16","key":"software\\microsoft\\office\\16.0\\visio\\application","valueName":"disabledwg"},{"parentCategory":{"ref":"L_OfflineEditing"},"supportedOn":{"ref":"windows:SUPPORTED_Windows7"},"elements":{"items":[{"item":[{"value":{"string":"1"},"displayName":"Serverlocatie voor concepten"},{"value":{"string":"0"},"displayName":"Webserver"}],"valueName":"uselocaldrafts","inputType":"dropdownList","id":"L_SaveCheckedOutFilesToDropID"}]},"name":"L_SaveCheckedOutFilesTo","displayName":"Uitgecheckte bestanden opslaan in","explainText":"Met deze beleidsinstelling kunt u kiezen of uitgecheckte bestanden worden opgeslagen op de serverlocatie voor concepten of op de webserver. \n\nAls u deze beleidsinstelling inschakelt, kunt u kiezen waar uitgecheckte bestanden worden opgeslagen:\n- Serverlocatie voor concepten: de serverlocatie voor concepten op deze computer\n-Webserver: de webserver\n\nAls u deze beleidsinstelling uitschakelt of niet configureert, worden uitgecheckte bestanden opgeslagen op de serverlocatie voor concepten.","tags":["L_OfflineEditing","L_Save","L_VisioOptions","L_MicrosoftVisio"],"application":"visio16","key":"software\\microsoft\\office\\16.0\\visio\\application"},{"parentCategory":{"ref":"L_SaveDocuments"},"supportedOn":{"ref":"windows:SUPPORTED_Windows7"},"elements":{"items":[{"item":[{"value":{"string":"0"},"displayName":"Visio-document"},{"value":{"string":"3"},"displayName":"Visio-document met ingeschakelde macro 's"},{"value":{"string":"1"},"displayName":"Visio 2003-2016-document"}],"valueName":"savefileformat","inputType":"dropdownList","caption":"Visio-bestanden opslaan als","id":"L_savevisiofilesas6"}]},"name":"L_SaveVisiofilesas","displayName":"Visio-bestanden opslaan als","explainText":"Hiermee geeft u de standaardbestandsindeling aan waarin Visio-bestanden worden opgeslagen.","tags":["L_SaveDocuments","L_Save","L_VisioOptions","L_MicrosoftVisio"],"application":"visio16","key":"software\\microsoft\\office\\16.0\\visio\\application"},{"parentCategory":{"ref":"L_ShapeSearch"},"supportedOn":{"ref":"windows:SUPPORTED_Windows7"},"enabledValue":{"string":"1"},"disabledValue":{"string":"0"},"name":"L_Showshapesearchpane","displayName":"Zoekvenster voor shapes weergeven","explainText":"Hiermee geeft u de gebruikersinterface-elementen van het stencilvenster voor het zoeken naar shapes weer.","tags":["L_ShapeSearch","L_Advanced","L_VisioOptions","L_MicrosoftVisio"],"application":"visio16","key":"software\\microsoft\\office\\16.0\\visio\\application","valueName":"showshapesearchpane"},{"parentCategory":{"ref":"L_ShapeSearch"},"supportedOn":{"ref":"windows:SUPPORTED_Windows7"},"elements":{"items":[{"item":[{"value":{"string":"1"},"displayName":"Alle woorden (AND)"},{"value":{"string":"0"},"displayName":"Een van de woorden (OR)"}],"valueName":"findshapesallwords","inputType":"dropdownList","caption":"Zoeken naar:","id":"L_searchfor10"}]},"name":"L_Searchfor","displayName":"Zoeken naar:","explainText":"Hiermee stelt u de waarde voor de bijbehorende gebruikersinterface-optie in.","tags":["L_ShapeSearch","L_Advanced","L_VisioOptions","L_MicrosoftVisio"],"application":"visio16","key":"software\\microsoft\\office\\16.0\\visio\\application"},{"parentCategory":{"ref":"L_ShapeSearch"},"supportedOn":{"ref":"windows:SUPPORTED_Windows7"},"elements":{"items":[{"item":[{"value":{"string":"0"},"displayName":"Alfabetisch"},{"value":{"string":"1"},"displayName":"Op groep"}],"valueName":"msoridcuvisiobfsgroup","inputType":"dropdownList","caption":"Zoekresultaten","id":"L_searchresults11"}]},"name":"L_Searchresults","displayName":"Zoekresultaten","explainText":"Hiermee geeft u op of resultaten worden weergegeven op alfabetische volgorde van vormnaam of op stencilnaam (groep). Klik op Op groep om onderscheid te maken tussen shapes die dezelfde naam hebben maar op verschillende stencils worden weergegeven. Het is ook handig om deze optie te selecteren als u het stencil met de shape wilt vinden.","tags":["L_ShapeSearch","L_Advanced","L_VisioOptions","L_MicrosoftVisio"],"application":"visio16","key":"software\\microsoft\\office\\16.0\\visio\\application"},{"parentCategory":{"ref":"L_ShapeSearch"},"supportedOn":{"ref":"windows:SUPPORTED_Windows7"},"enabledValue":{"string":"0"},"disabledValue":{"string":"1"},"name":"L_Openresultsnewwindow","displayName":"Resultaten openen in een nieuw venster","explainText":"Geeft aan of er een nieuw stencil voor zoekresultaten wordt gemaakt voor elke zoekactie. Als deze optie is uitgeschakeld, worden de resultaten van een vorige zoekopdracht vervangen door de resultaten van een zoekopdracht.","tags":["L_ShapeSearch","L_Advanced","L_VisioOptions","L_MicrosoftVisio"],"application":"visio16","key":"software\\microsoft\\office\\16.0\\visio\\application","valueName":"msoridcuvisiobfsrecycle"},{"parentCategory":{"ref":"L_TrustCenter"},"supportedOn":{"ref":"windows:SUPPORTED_Windows7"},"enabledValue":{"decimal":{"value":1}},"disabledValue":{"decimal":{"value":0}},"name":"L_Disableallapplicationextensions","displayName":"Alle invoegtoepassingen uitschakelen","explainText":"Met deze beleidsinstelling worden alle invoegtoepassingen voor de opgegeven Office 2016-toepassingen uitgeschakeld.\n     \nAls u deze beleidsinstelling inschakelt, worden alle invoegtoepassingen voor de opgegeven Office 2016-toepassingen uitgeschakeld.\n\nAls u deze beleidsinstelling uitschakelt of niet configureert, kunnen alle invoegtoepassingen voor de opgegeven Office 2016-applicaties worden uitgevoerd zonder dat de gebruikers op de hoogte worden gesteld, behalve als invoegtoepassingen van de toepassing moeten worden ondertekend door vertrouwde uitgevers.","tags":["L_TrustCenter","L_Security","L_VisioOptions","L_MicrosoftVisio"],"application":"visio16","key":"software\\microsoft\\office\\16.0\\visio\\security","valueName":"disablealladdins"},{"parentCategory":{"ref":"L_TrustCenter"},"supportedOn":{"ref":"windows:SUPPORTED_Windows7"},"enabledValue":{"decimal":{"value":1}},"disabledValue":{"decimal":{"value":0}},"name":"L_BlockMacroExecutionFromInternet","displayName":"Voorkomen dat macro's worden uitgevoerd in Office-bestanden van internet","explainText":"\n        Met deze beleidsinstelling kunt u voorkomen dat macro's worden uitgevoerd in Office-bestanden die afkomstig zijn van Internet.\n\n        Als u deze beleidsinstelling inschakelt, wordt het uitvoeren van macro's geblokkeerd, zelfs als 'Alle macro's inschakelen' is geselecteerd in de sectie Macro-instellingen van het Vertrouwenscentrum. In plaats van de keuze 'Inhoud inschakelen' krijgen gebruikers ook een melding dat macro's zijn geblokkeerd. Als het Office-bestand is opgeslagen op een vertrouwde locatie of eerder is vertrouwd door de gebruiker, kunnen macro's worden uitgevoerd.\n\n        Als u deze beleidsinstelling uitschakelt of niet configureert, bepalen de instellingen die zijn geconfigureerd in de sectie Macro-instellingen van het Vertrouwenscentrum of macro's worden uitgevoerd in Office-bestanden die afkomstig zijn van internet.\n      ","tags":["L_TrustCenter","L_Security","L_VisioOptions","L_MicrosoftVisio"],"application":"visio16","key":"software\\microsoft\\office\\16.0\\visio\\security","valueName":"blockcontentexecutionfrominternet"},{"parentCategory":{"ref":"L_TrustCenter"},"supportedOn":{"ref":"windows:SUPPORTED_Windows7"},"enabledValue":{"decimal":{"value":1}},"disabledValue":{"decimal":{"value":0}},"name":"L_TurnOffTrustedDocumentsOnTheNetwork","displayName":"Vertrouwde documenten in het netwerk uitschakelen","explainText":"Met deze beleidsinstelling kunt u de functie voor vertrouwde documenten uitschakelen voor documenten die vanaf het netwerk worden geopend.\n\nAls u deze beleidsinstelling inschakelt, zien gebruikers altijd beveiligingsmeldingen voor actieve inhoud, zoals macro's, ActiveX-besturingselementen, gegevensverbindingen, enz. voor documenten die worden geopend vanaf het netwerk.\n\nAls u deze beleidsinstelling uitschakelt of niet configureert, kunnen gebruikers met de functie voor vertrouwde documenten altijd actieve inhoud toestaan in documenten zoals macro's, ActiveX-besturingselementen, gegevensverbindingen, enzovoort, zodat gebruikers de volgende keer dat ze de documenten openen, geen prompt krijgen. Vertrouwde documenten zijn vrijgesteld van beveiligingsmeldingen.","tags":["L_TrustCenter","L_Security","L_VisioOptions","L_MicrosoftVisio"],"application":"visio16","key":"software\\microsoft\\office\\16.0\\visio\\security\\trusted documents","valueName":"disablenetworktrusteddocuments"},{"parentCategory":{"ref":"L_TrustCenter"},"supportedOn":{"ref":"windows:SUPPORTED_Windows7"},"enabledValue":{"decimal":{"value":1}},"disabledValue":{"decimal":{"value":0}},"name":"L_TurnOffTrustedDocuments","displayName":"Vertrouwde documenten uitschakelen","explainText":"Met deze beleidsinstelling kunt u de functie voor vertrouwde documenten uitschakelen.  Met de functie voor vertrouwde documenten kunnen gebruikers actieve inhoud in documenten, zoals macro's, ActiveX-besturingselementen, gegevensverbindingen enzovoort, altijd inschakelen, zodat ze geen prompt krijgen wanneer ze de documenten de volgende keer openen.  Vertrouwde documenten zijn vrijgesteld van beveiligingsmeldingen.\n\nAls u deze beleidsinstelling inschakelt, wordt de functie voor vertrouwde documenten uitgeschakeld.  Elke keer dat een document met actieve inhoud wordt geopend, ontvangt de gebruiker een beveiligingsprompt.\n\nAls u deze beleidsinstelling uitschakelt of niet configureert, worden documenten vertrouwd wanneer gebruikers inhoud voor een document inschakelen, en krijgen gebruikers geen beveiligingsprompt.","tags":["L_TrustCenter","L_Security","L_VisioOptions","L_MicrosoftVisio"],"application":"visio16","key":"software\\microsoft\\office\\16.0\\visio\\security\\trusted documents","valueName":"disabletrusteddocuments"},{"parentCategory":{"ref":"L_TrustCenter"},"supportedOn":{"ref":"windows:SUPPORTED_Windows7"},"elements":{"items":[{"valueName":"maxtrusteddocuments","minValue":0,"minValueSpecified":true,"maxValue":20000,"maxValueSpecified":true,"inputType":"decimalTextBox","caption":"Maximum aantal:","id":"L_SetMaximumNumberOfTrustedDocumentsSpinID"}]},"name":"L_SetMaximumNumberOfTrustedDocuments","displayName":"Maximum aantal vertrouwde documenten instellen","explainText":"Met deze beleidsinstelling kunt u het maximum aantal vertrouwensrecords voor vertrouwde documenten opgeven dat in het register kan worden opgeslagen voordat ze worden opgeschoond. Met de opschoontaak wordt het aantal vertrouwde documenten dat in het register is opgeslagen, beperkt tot de waarde die is ingesteld met de beleidsinstelling 'Maximum aantal te behouden vertrouwensrecords'.\n\nAls u deze beleidsinstelling inschakelt, kunt u het maximum aantal vertrouwde documenten opgeven dat mag worden opgeslagen in het register voordat ze worden opgeschoond, met een maximum van 20.000 documenten. Om redenen van prestaties wordt het niet aanbevolen deze beleidsinstelling in te stellen op de bovengrens.\n\nAls u deze beleidsinstelling uitschakelt of niet configureert, wordt de standaardwaarde van 500 gebruikt voor het maximum aantal vertrouwde documenten dat in het register kan worden opgeslagen voordat ze worden opgeschoond.","tags":["L_TrustCenter","L_Security","L_VisioOptions","L_MicrosoftVisio"],"application":"visio16","key":"software\\microsoft\\office\\16.0\\visio\\security\\trusted documents"},{"parentCategory":{"ref":"L_TrustCenter"},"supportedOn":{"ref":"windows:SUPPORTED_Windows7"},"elements":{"items":[{"valueName":"maxpreservetrusteddocuments","minValue":0,"minValueSpecified":true,"maxValue":20000,"maxValueSpecified":true,"inputType":"decimalTextBox","caption":"Maximaal te bewaren:","id":"L_SetMaximumNumberOfTrustRecordsToPreserveSpinID"}]},"name":"L_SetMaximumNumberOfTrustRecordsToPreserve","displayName":"Maximum aantal te behouden vertrouwensrecords instellen","explainText":"Met deze beleidsinstelling kunt u het maximum aantal vertrouwensrecords opgeven dat behouden moet blijven wanneer de opschoontaak detecteert dat deze toepassing meer documenten heeft vertrouwd dan het aantal vertrouwde documenten dat is ingesteld met de beleidsinstelling 'Maximum aantal vertrouwde documenten instellen'.\n\nAls u deze beleidsinstelling inschakelt, kunt u het maximum aantal vertrouwensrecords opgeven dat moet worden behouden, met een bovengrens van 20000.  Om prestatieredenen wordt afgeraden dit in te stellen op de bovengrens.\n\nAls u deze beleidsinstelling uitschakelt of niet configureert, wordt de standaardwaarde 400 gebruikt.","tags":["L_TrustCenter","L_Security","L_VisioOptions","L_MicrosoftVisio"],"application":"visio16","key":"software\\microsoft\\office\\16.0\\visio\\security\\trusted documents"},{"parentCategory":{"ref":"L_TrustCenter"},"supportedOn":{"ref":"windows:SUPPORTED_Windows7"},"elements":{"items":[{"item":[{"value":{"decimal":{"value":2}},"displayName":"Alle macro's uitschakelen met melding"},{"value":{"decimal":{"value":3}},"displayName":"Alle macro's uitschakelen, met uitzondering van digitaal ondertekend"},{"value":{"decimal":{"value":4}},"displayName":"Alle macro's zonder melding uitschakelen"},{"value":{"decimal":{"value":1}},"displayName":"Alle macro's inschakelen (niet aanbevolen)"}],"valueName":"vbawarnings","inputType":"dropdownList","id":"L_Empty"},{"trueValue":{"decimal":{"value":1}},"falseValue":{"decimal":{"value":0}},"valueName":"vbadigsigtrustedpublishers","key":"software\\microsoft\\office\\16.0\\visio\\security","inputType":"checkBox","caption":"Vereisen dat macro’s zijn ondertekend door een vertrouwde uitgever","id":"L_VBADigSigTrustedPublishersStr"},{"trueValue":{"decimal":{"value":1}},"falseValue":{"decimal":{"value":0}},"valueName":"vbarequirelmtrustedpublisher","key":"software\\microsoft\\office\\16.0\\visio\\security","inputType":"checkBox","caption":"Certificaten blokkeren van vertrouwde uitgevers die alleen zijn geïnstalleerd in het huidige certificaatarchief voor gebruikers","id":"L_VBAOnlyAllowLMTrustedPublisherStr"},{"trueValue":{"decimal":{"value":1}},"falseValue":{"decimal":{"value":0}},"valueName":"vbarequiredigsigwithcodesigningeku","key":"software\\microsoft\\office\\16.0\\visio\\security","inputType":"checkBox","caption":"Uitgebreide-sleutelgebruik (EKU) vereisen voor certificaten van vertrouwde uitgevers","id":"L_VBAOnlyAllowDigSigWithCodeSigningEKUStr"}]},"name":"L_VBAWarningsPolicy","displayName":"Instellingen voor VBA-macro meldingen","explainText":"Met deze beleidsinstelling wordt bepaald hoe opgegeven toepassingen gebruikers waarschuwen wanneer VBA-macro’s (Visual Basic for Applications) aanwezig zijn.\n\nAls u deze beleidsinstelling inschakelt, kunt u kiezen uit vier opties om te bepalen hoe de opgegeven toepassingen de gebruiker waarschuwen over macro’s:\n \n- Alles uitschakelen met melding: De toepassing geeft de Vertrouwensbalk weer voor alle macro’s, ondertekende en niet-ondertekende. Met deze optie wordt de standaardconfiguratie afgedwongen in Office.\n \n- Alles uitschakelen behalve ondertekende macro’s: De toepassing geeft de Vertrouwensbalk weer voor digitaal ondertekende macro’s, en geeft gebruikers de mogelijkheid om deze in te schakelen of uitgeschakeld te laten. Alle niet-ondertekende macro’s worden uitgeschakeld, en gebruikers ontvangen geen melding.\n \n- Uitschakelen zonder melding: De toepassing schakelt alle macro’s uit, ondertekende en niet-ondertekende. Gebruikers ontvangen geen melding.\n \n- Alle macro’s inschakelen (niet aanbevolen):  Alle macro’s zijn ingeschakeld, ondertekende en niet-ondertekende. Met deze optie is de beveiliging mogelijk aanzienlijk verminderd doordat gevaarlijke code niet-gedetecteerd kan worden uitgevoerd.\n \nAls u deze beleidsinstelling uitschakelt, is ‘Alles uitschakelen met melding’ de standaardinstelling.\n \nAls u deze beleidsinstelling niet configureert en gebruikers openen bestanden vervolgens in de opgegeven toepassingen die VBA-macro’s bevatten, worden de bestanden met de toepassingen geopend met de macro’s uitgeschakeld, en wordt de Vertrouwensbalk weergegeven met een waarschuwing dat er macro’s aanwezig zijn en dat deze zijn uitgeschakeld. Gebruikers kunnen de bestanden inspecteren en bewerken, indien van toepassing, maar ze kunnen geen uitgeschakelde functies gebruiken totdat ze deze inschakelen door in de Vertrouwensbalk te klikken op Inhoud inschakelen. Als de gebruiker op Inhoud inschakelen klikt, wordt het document toegevoegd als een vertrouwd document.\n \nAls u ‘Alles uitschakelen behalve digitaal ondertekende macro’s’ selecteert, raden we u aan om ook het selectievakje ‘Vereisen dat macro’s zijn ondertekend door een vertrouwde uitgever’ in te schakelen voor een betere beveiliging.\n\nAls u het selectievakje ‘Vereisen dat macro’s zijn ondertekend door een vertrouwde uitgever’ inschakelt, ontvangen gebruikers die bestanden openen met macro’s die digitaal zijn ondertekend, maar niet door een vertrouwde uitgever, een melding dat het uitvoeren van macro’s is geblokkeerd. Er zijn twee extra selectievakjes die we u aanraden in te schakelen voor een betere beveiliging.\n\n- Certificaten blokkeren van vertrouwde uitgevers die zijn geïnstalleerd in het huidige certificaatarchief voor gebruikers\n\n- Uitgebreide-sleutelgebruik (EKU) vereisen voor certificaten van vertrouwde uitgevers\n\nOpmerking: Deze twee selectievakjes zijn alleen van toepassing als het selectievakje ‘Vereisen dat macro’s zijn ondertekend door een vertrouwde uitgever’ is ingeschakeld.\n\nAls u het selectievakje ‘Certificaten blokkeren van vertrouwde uitgevers die zijn geïnstalleerd in het huidige certificaatarchief voor gebruikers’ inschakelt, worden macro’s niet uitgevoerd als het certificaat van de vertrouwde uitgever is geïnstalleerd in het huidige certificaatarchief voor gebruikers. Het certificaat moet zijn geïnstalleerd in het certificaatarchief van de locale computer om de macro te kunnen uitvoeren. Alleen via accounts met beheerderstoegang tot de computer kan een certificaat worden geïnstalleerd in het certificaatarchief van de locale computer.\n\nAls u het selectievakje ‘Uitgebreide-sleutelgebruik (EKU) vereisen voor certificaten van vertrouwde uitgevers’ inschakelt, moet EKU ‘Handtekening bij programmacode’ omvatten als een van de manieren om het certificaat te gebruiken.\n\nBelangrijk: als ‘Alles uitschakelen behalve digitaal ondertekende macro’s’ is geselecteerd, kunnen gebruikers niet-ondertekende Access-databases niet openen.\n \nLet op: Met Microsoft Office worden certificaten voor vertrouwde uitgevers opgeslagen in het archief van vertrouwde uitgevers van Internet Explorer. In eerdere versies van Microsoft Office werden certificaatgegevens van vertrouwde uitgevers (met name de vingerafdruk van het certificaat) opgeslagen in a speciaal archief voor vertrouwde uitgevers in Office. Microsoft Office leest certificaatgegevens van vertrouwde uitgevers nog steeds in het archief voor vertrouwde uitgevers in Office, maar er worden geen gegevens naar dit archief geschreven.\n \nAls u een lijst met vertrouwde uitgevers maakt in een eerdere versie van Microsoft Office, en u voert een upgrade uit voor Office, wordt de lijst met vertrouwde uitgevers dus nog steeds herkend. Alle certificaten van vertrouwde uitgevers die u eventueel toevoegt aan de lijst, worden echter opgeslagen in het archief voor vertrouwde uitgevers van Internet Explorer.","tags":["L_TrustCenter","L_Security","L_VisioOptions","L_MicrosoftVisio"],"application":"visio16","key":"software\\microsoft\\office\\16.0\\visio\\security"},{"parentCategory":{"ref":"L_TrustCenter"},"supportedOn":{"ref":"windows:SUPPORTED_Windows7"},"enabledValue":{"decimal":{"value":1}},"disabledValue":{"decimal":{"value":0}},"name":"L_RequirethatApplicationExtensionsaresigned","displayName":"Vereisen dat invoegtoepassingen zijn ondertekend door een vertrouwde uitgever","explainText":"Met deze beleidsinstelling wordt bepaald of invoegtoepassingen voor deze toepassingen digitaal moeten zijn ondertekend door een vertrouwde uitgever.\n \nAls u deze beleidsinstelling inschakelt, controleert deze toepassing de digitale handtekening voor elke invoegtoepassing voordat deze wordt geladen. Als een invoegtoepassing geen digitale handtekening heeft of als de handtekening niet afkomstig is van een vertrouwde uitgever, wordt de invoegtoepassing door deze toepassing uitgeschakeld en wordt de gebruiker hiervan op de hoogte gesteld. Certificaten moeten worden toegevoegd aan de lijst met vertrouwde uitgevers als u wilt dat alle invoegtoepassingen worden ondertekend door een vertrouwde uitgever. Zie http://go.microsoft.com/fwlink/?LinkId=294922 voor meer informatie over het verkrijgen en distribueren van certificaten. In Office 2016 worden certificaten voor vertrouwde uitgevers opgeslagen in het archief van vertrouwde uitgevers van Internet Explorer. In eerdere versies van Microsoft Office werden gegevens van vertrouwde uitgeverscertificaten (met name de certificaatvingerafdruk) opgeslagen in een speciaal archief met vertrouwde Office-uitgevers.  Office 2016 leest nog steeds certificaatgegevens van vertrouwde uitgevers uit het archief met vertrouwde uitgevers van Office, maar schrijft geen gegevens naar dit archief. Als u een lijst met vertrouwde uitgevers hebt gemaakt in een vorige versie van Office en u een upgrade naar Office 2016 hebt uitgevoerd, wordt de lijst met vertrouwde uitgevers dus nog steeds herkend. Alle vertrouwde uitgeverscertificaten die u aan de lijst toevoegt, worden echter opgeslagen in het archief met vertrouwde uitgevers van Internet Explorer. Zie de Office Resource Kit voor meer informatie over vertrouwde uitgevers.\n\nAls u deze beleidsinstelling uitschakelt of niet configureert, wordt de digitale handtekening van invoegtoepassingen niet gecontroleerd voordat deze worden geopend. Als een gevaarlijke invoegtoepassing wordt geladen, kan dit schadelijk zijn voor de computers van gebruikers of leiden tot een inbreuk op de gegevensbeveiliging.","tags":["L_TrustCenter","L_Security","L_VisioOptions","L_MicrosoftVisio"],"application":"visio16","key":"software\\microsoft\\office\\16.0\\visio\\security","valueName":"requireaddinsig"},{"parentCategory":{"ref":"L_TrustCenter"},"supportedOn":{"ref":"windows:SUPPORTED_Windows7"},"enabledValue":{"decimal":{"value":1}},"disabledValue":{"decimal":{"value":0}},"name":"L_DisableTrustBarNotificationforunsigned","displayName":"Vertrouwensbalkmelding voor niet-ondertekende invoegtoepassingen uitschakelen en deze blokkeren","explainText":"Deze beleidsinstelling bepaalt of de opgegeven Office-toepassing gebruikers een melding geeft wanneer niet-ondertekende invoegtoepassingen worden geladen of deze invoegtoepassingen zonder melding uitschakelt. Deze beleidsinstelling is alleen van toepassing als u de beleidsinstelling 'Vereisen dat invoegtoepassingen zijn ondertekend door een vertrouwde uitgever' inschakelt, zodat gebruikers deze beleidsinstelling niet kunnen wijzigen.\n\nAls u deze beleidsinstelling inschakelt, worden niet-ondertekende invoegtoepassingen automatisch uitgeschakeld zonder dat gebruikers hiervan op de hoogte worden gesteld.\n \nAls u deze beleidsinstelling uitschakelt en voor deze toepassing is geconfigureerd dat alle invoegtoepassingen moeten worden ondertekend door een vertrouwde uitgever, worden alle niet-ondertekende invoegtoepassingen uitgeschakeld en wordt de vertrouwensbalk boven in het actieve venster weergegeven in de toepassing. De vertrouwensbalk bevat een bericht dat gebruikers op de hoogte stelt van de niet-ondertekende invoegtoepassing.\n\nAls u deze beleidsinstelling niet configureert, is het gedrag voor uitschakelen van toepassing en kunnen gebruikers deze vereiste bovendien zelf configureren in de categorie 'Invoegtoepassingen ' van het Vertrouwenscentrum voor de toepassing.","tags":["L_TrustCenter","L_Security","L_VisioOptions","L_MicrosoftVisio"],"application":"visio16","key":"software\\microsoft\\office\\16.0\\visio\\security","valueName":"notbpromptunsignedaddin"},{"parentCategory":{"ref":"L_TrustCenter"},"supportedOn":{"ref":"windows:SUPPORTED_Windows7"},"enabledValue":{"decimal":{"value":1}},"disabledValue":{"decimal":{"value":0}},"name":"L_AllowTrustedLocationsOnTheNetwork","displayName":"Vertrouwde locaties in het netwerk toestaan","explainText":"Met deze beleidsinstelling wordt bepaald of vertrouwde locaties in het netwerk kunnen worden gebruikt.\n\nAls u deze beleidsinstelling inschakelt, kunnen gebruikers vertrouwde locaties opgeven op netwerkshares of op andere externe locaties die zij niet rechtstreeks beheren, door in de sectie Vertrouwde locaties van het Vertrouwenscentrum op de knop Nieuwe locatie toevoegen te klikken. Inhoud, code en invoegtoepassingen kunnen vanaf vertrouwde locaties worden geladen met minimale beveiliging en zonder dat de gebruiker om toestemming wordt gevraagd.\n\nAls u deze beleidsinstelling uitschakelt, negeert de geselecteerde toepassing alle netwerklocaties die worden vermeld in de sectie Vertrouwde locaties van het Vertrouwenscentrum. \n\nAls u ook vertrouwde locaties implementeert via Groepsbeleid, moet u controleren of daar externe locaties bij zijn. Als er externe locaties bij zijn en u geen externe locaties toestaat via deze beleidsinstelling, worden beleidssleutels die verwijzen naar externe locaties genegeerd op clientcomputers.\n\nAls u deze beleidsinstelling uitschakelt, worden er geen netwerklocaties verwijderd uit de lijst met vertrouwde locaties, maar het veroorzaakt onderbrekingen voor gebruikers die netwerklocaties toevoegen aan de lijst met vertrouwde locaties. Gebruikers kunnen ook geen nieuwe netwerklocaties toevoegen aan de lijst met vertrouwde locaties in het Vertrouwenscentrum. We raden u aan deze beleidsinstelling niet in te schakelen (zoals ook wordt aangegeven bij het selectievakje 'Vertrouwde locaties op mijn netwerk toestaan (niet aanbevolen)'. Daarom moet het in de praktijk mogelijk zijn om deze beleidsinstelling in de meeste situaties uit te schakelen zonder dat het voor de meeste gebruikers aanzienlijke gebruiksproblemen veroorzaakt.\n\nAls u deze beleidsinstelling niet inschakelt, kunnen gebruikers het selectievakje 'Vertrouwde locaties op mijn netwerk toestaan (niet aanbevolen)' inschakelen en vervolgens vertrouwde locaties opgeven door op de knop 'Nieuwe locatie toevoegen' te klikken.","tags":["L_TrustCenter","L_Security","L_VisioOptions","L_MicrosoftVisio"],"application":"visio16","key":"software\\microsoft\\office\\16.0\\visio\\security\\trusted locations","valueName":"allownetworklocations"},{"parentCategory":{"ref":"L_TrustCenter"},"supportedOn":{"ref":"windows:SUPPORTED_Windows7"},"enabledValue":{"decimal":{"value":1}},"disabledValue":{"decimal":{"value":0}},"name":"L_DisableTrustedLoc","displayName":"Alle vertrouwde locaties uitschakelen","explainText":"Met deze beleidsinstelling kunnen beheerders alle vertrouwde locaties in de 2016-versies van de opgegeven toepassingen uitschakelen. Vertrouwde locaties die zijn opgegeven in het Vertrouwenscentrum, worden gebruikt om bestandslocaties te definiëren die worden beschouwd als veilig. Inhoud, code en invoegtoepassingen kunnen vanaf vertrouwde locaties met een minimale hoeveelheid beveiliging worden geladen, zonder dat de gebruiker om toestemming wordt gevraagd. Als een gevaarlijk bestand wordt geopend vanaf een vertrouwde locatie, zijn er geen standaardbeveiligingsmaatregelen van toepassing en kunnen computers of gegevens van gebruikers beschadigd raken.\n \nAls u deze beleidsinstelling inschakelt, worden alle vertrouwde locaties (die in het Vertrouwenscentrum zijn opgegeven) in de 2016-versies van de opgegeven toepassingen genegeerd, inclusief eventuele vertrouwde locaties die door Office tijdens de installatie zijn ingesteld, die zijn geïmplementeerd voor gebruikers met Groepsbeleid, of toegevoegd door gebruikers zelf.  Gebruikers krijgen opnieuw een prompt bij het openen van bestanden van vertrouwde locaties.\n\nAls u deze beleidsinstelling uitschakelt of niet configureert, wordt aangenomen dat alle vertrouwde locaties (die in het Vertrouwenscentrum zijn opgegeven) in de 2016-versies van de opgegeven toepassingen veilig zijn.","tags":["L_TrustCenter","L_Security","L_VisioOptions","L_MicrosoftVisio"],"application":"visio16","key":"software\\microsoft\\office\\16.0\\visio\\security\\trusted locations","valueName":"alllocationsdisabled"},{"parentCategory":{"ref":"L_FileBlockSettings"},"supportedOn":{"ref":"windows:SUPPORTED_Windows7"},"elements":{"items":[{"item":[{"value":{"decimal":{"value":0}},"displayName":"Niet blokkeren"},{"value":{"decimal":{"value":1}},"displayName":"Opslaan geblokkeerd"},{"value":{"decimal":{"value":2}},"displayName":"Openen/opslaan geblokkeerd"}],"valueName":"visio2003files","inputType":"dropdownList","caption":"Instelling voor bestandsblokkering:","id":"L_Visio2003FilesDropID"}]},"name":"L_Visio2003Files","displayName":"Visio 2003-2010 binaire tekeningen, sjablonen en stencils","explainText":"Met deze beleidsinstelling kunt u bepalen of gebruikers Visio-bestanden kunnen openen of opslaan met de indeling die is opgegeven met de titel van deze beleidsinstelling.\n\nAls u deze beleidsinstelling inschakelt, kunt u opgeven of gebruikers bestanden kunnen openen of opslaan.\n\nHieronder vindt u de opties die kunnen worden geselecteerd.  Opmerking: voor deze beleidsinstelling zijn mogelijk niet alle opties beschikbaar.\n\n- Niet blokkeren: het bestandstype wordt niet geblokkeerd.\n\n- Opslaan geblokkeerd: het opslaan van het bestandstype wordt geblokkeerd.\n\n-Openen/opslaan geblokkeerd: het openen en opslaan van het bestandstype wordt geblokkeerd.\n\nAls u deze beleidsinstelling uitschakelt of niet configureert, wordt het bestandstype niet geblokkeerd.","tags":["L_FileBlockSettings","L_TrustCenter","L_Security","L_VisioOptions","L_MicrosoftVisio"],"application":"visio16","key":"software\\microsoft\\office\\16.0\\visio\\security\\fileblock"},{"parentCategory":{"ref":"L_FileBlockSettings"},"supportedOn":{"ref":"windows:SUPPORTED_Windows7"},"elements":{"items":[{"item":[{"value":{"decimal":{"value":0}},"displayName":"Niet blokkeren"},{"value":{"decimal":{"value":2}},"displayName":"Openen/opslaan geblokkeerd"}],"valueName":"visio2000files","inputType":"dropdownList","caption":"Instelling voor bestandsblokkering:","id":"L_Visio2000FilesDropID"}]},"name":"L_Visio2000Files","displayName":"Visio 2000-2002 binaire tekeningen, sjablonen en stencils","explainText":"Met deze beleidsinstelling kunt u bepalen of gebruikers Visio-bestanden kunnen openen of opslaan met de indeling die is opgegeven met de titel van deze beleidsinstelling.\n\nAls u deze beleidsinstelling inschakelt, kunt u opgeven of gebruikers bestanden kunnen openen of opslaan.\n\nHieronder vindt u de opties die kunnen worden geselecteerd.  Opmerking: voor deze beleidsinstelling zijn mogelijk niet alle opties beschikbaar.\n\n- Niet blokkeren: het bestandstype wordt niet geblokkeerd.\n\n-Opslaan geblokkeerd: het opslaan van het bestandstype wordt geblokkeerd.\n\n-Openen/opslaan geblokkeerd: het openen en opslaan van het bestandstype wordt geblokkeerd.\n\nAls u deze beleidsinstelling uitschakelt of niet configureert, wordt het bestandstype geblokkeerd.","tags":["L_FileBlockSettings","L_TrustCenter","L_Security","L_VisioOptions","L_MicrosoftVisio"],"application":"visio16","key":"software\\microsoft\\office\\16.0\\visio\\security\\fileblock"},{"parentCategory":{"ref":"L_FileBlockSettings"},"supportedOn":{"ref":"windows:SUPPORTED_Windows7"},"elements":{"items":[{"item":[{"value":{"decimal":{"value":0}},"displayName":"Niet blokkeren"},{"value":{"decimal":{"value":2}},"displayName":"Openen/opslaan geblokkeerd"}],"valueName":"visio50andearlierfiles","inputType":"dropdownList","caption":"Instelling voor bestandsblokkering:","id":"L_Visio50AndEarlierFilesDropID"}]},"name":"L_Visio50AndEarlierFiles","displayName":"Visio 5.0 of eerdere binaire tekeningen, sjablonen en stencils","explainText":"Met deze beleidsinstelling kunt u bepalen of gebruikers Visio-bestanden kunnen openen of opslaan met de indeling die is opgegeven met de titel van deze beleidsinstelling.\n\nAls u deze beleidsinstelling inschakelt, kunt u opgeven of gebruikers bestanden kunnen openen of opslaan.\n\nHieronder vindt u de opties die kunnen worden geselecteerd.  Opmerking: voor deze beleidsinstelling zijn mogelijk niet alle opties beschikbaar.\n\n- Niet blokkeren: het bestandstype wordt niet geblokkeerd.\n\n-Opslaan geblokkeerd: het opslaan van het bestandstype wordt geblokkeerd.\n\n-Openen/opslaan geblokkeerd: het openen en opslaan van het bestandstype wordt geblokkeerd.\n\nAls u deze beleidsinstelling uitschakelt of niet configureert, wordt het bestandstype geblokkeerd.","tags":["L_FileBlockSettings","L_TrustCenter","L_Security","L_VisioOptions","L_MicrosoftVisio"],"application":"visio16","key":"software\\microsoft\\office\\16.0\\visio\\security\\fileblock"},{"parentCategory":{"ref":"L_MacroSecurity"},"supportedOn":{"ref":"windows:SUPPORTED_Windows7"},"enabledValue":{"string":"1"},"disabledValue":{"string":"0"},"name":"L_LoadMicrosoftVisualBasicforApplicationsprojectsf","displayName":"Microsoft Visual Basic for Applications-projecten laden vanuit tekst","explainText":"Als u uw VBA-project wilt kunnen laten werken in tekeningen die zijn gemaakt in andere versies van Visio, selecteert u deze optie zodat uw VBA-project wordt gecompileerd wanneer het bestand wordt geladen, maar het gecompileerde project nooit wordt opgeslagen.","tags":["L_MacroSecurity","L_Security","L_VisioOptions","L_MicrosoftVisio"],"application":"visio16","key":"software\\microsoft\\office\\16.0\\visio\\application","valueName":"loadvbaprojectsfromtext"},{"parentCategory":{"ref":"L_MacroSecurity"},"supportedOn":{"ref":"windows:SUPPORTED_Windows7"},"enabledValue":{"string":"1"},"disabledValue":{"string":"0"},"name":"L_EnableMicrosoftVisualBasicforApplicationsproject","displayName":"Microsoft Visual Basic for Applications inschakelen voor het maken van projecten","explainText":"Hiermee maakt u het mogelijk VBA-projecten te maken wanneer u een document opent (of maakt) dat nog geen project bevat. Als u dit selectievakje uitschakelt, kunt u geen macro maken in een document dat nog geen project bevat.","tags":["L_MacroSecurity","L_Security","L_VisioOptions","L_MicrosoftVisio"],"application":"visio16","key":"software\\microsoft\\office\\16.0\\visio\\application","valueName":"createvbaprojects"},{"parentCategory":{"ref":"L_EditingOptions"},"supportedOn":{"ref":"windows:SUPPORTED_Windows7"},"enabledValue":{"string":"0"},"disabledValue":{"string":"1"},"name":"L_TurnOffTransitions","displayName":"Overgangen uitschakelen","explainText":"Met deze beleidsinstelling kunt u overgangen configureren, wat vloeiende animatie-effecten zijn.\n\nAls u deze beleidsinstelling inschakelt, worden overgangen uitgeschakeld.\n\nAls u deze beleidsinstelling uitschakelt of niet configureert, worden overgangen ingeschakeld.","tags":["L_EditingOptions","L_Advanced","L_VisioOptions","L_MicrosoftVisio"],"application":"visio16","key":"software\\microsoft\\office\\16.0\\visio\\application","valueName":"transitionsenabled"},{"parentCategory":{"ref":"L_EditingOptions"},"supportedOn":{"ref":"windows:SUPPORTED_Windows7"},"enabledValue":{"string":"0"},"disabledValue":{"string":"1"},"name":"L_TurnOffSmartDeleteBehaviorOfConnectorsWhenDeletingShapes","displayName":"Gedrag voor slim verwijderen van verbindingslijnen bij het verwijderen van shapes uitschakelen","explainText":"Met deze beleidsinstelling schakelt u het gedrag voor slim verwijderen van verbindingslijnen bij het verwijderen van shapes uit.\n\nAls u deze beleidsinstelling inschakelt, worden verbindingslijnen niet verwijderd wanneer shapes worden verwijderd.\n\nAls u deze beleidsinstelling uitschakelt of niet configureert, worden verbindingslijnen verwijderd wanneer shapes worden verwijderd.","tags":["L_EditingOptions","L_Advanced","L_VisioOptions","L_MicrosoftVisio"],"application":"visio16","key":"software\\microsoft\\office\\16.0\\visio\\application","valueName":"deleteconnectorsenabled"},{"parentCategory":{"ref":"L_EditingOptions"},"supportedOn":{"ref":"windows:SUPPORTED_Windows7"},"enabledValue":{"string":"0"},"disabledValue":{"string":"1"},"name":"L_TurnOffShapeSheetFormulaAutoComplete","displayName":"ShapeSheet-formule automatisch aanvullen uitschakelen","explainText":"Met deze beleidsinstelling kunt u ShapeSheet-formule automatisch aanvullen configureren.\n\nAls u deze beleidsinstelling inschakelt, wordt de functie voor automatisch aanvullen van ShapeSheet-formules uitgeschakeld.\n\nAls u deze beleidsinstelling uitschakelt of niet configureert, wordt de functie ShapeSheet-formule automatisch aanvullen ingeschakeld.","tags":["L_EditingOptions","L_Advanced","L_VisioOptions","L_MicrosoftVisio"],"application":"visio16","key":"software\\microsoft\\office\\16.0\\visio\\application","valueName":"formulaautocomplete"},{"parentCategory":{"ref":"L_GeneralOptions"},"supportedOn":{"ref":"windows:SUPPORTED_Windows7"},"enabledValue":{"string":"1"},"disabledValue":{"string":"0"},"name":"L_OpeneachShapeSheetinthesamewindow","displayName":"Elk ShapeSheet in hetzelfde venster openen","explainText":"Hiermee opent u meerdere ShapeSheets in hetzelfde venster in plaats van elk ShapeSheet in een afzonderlijk venster weer te geven.","tags":["L_GeneralOptions","L_Advanced","L_VisioOptions","L_MicrosoftVisio"],"application":"visio16","key":"software\\microsoft\\office\\16.0\\visio\\document","valueName":"recycleshapesheetwindow"},{"parentCategory":{"ref":"L_GeneralOptions"},"supportedOn":{"ref":"windows:SUPPORTED_Windows7"},"enabledValue":{"string":"1"},"disabledValue":{"string":"0"},"name":"L_PutallsettingsinWindowsregistry","displayName":"Alle instellingen opnemen in het Windows-register","explainText":"Hiermee voegt u alle mogelijke toepassingsinstellingen toe aan het Windows-register. Standaard worden alleen bepaalde instellingen toegevoegd (niet-standaardinstellingen en zeer weinig andere, zoals bestandspaden, import- en exportfilters en laatst gebruikte bestanden) om de registerinstellingen eenvoudig te houden.","tags":["L_GeneralOptions","L_Advanced","L_VisioOptions","L_MicrosoftVisio"],"application":"visio16","key":"software\\microsoft\\office\\16.0\\visio\\application","valueName":"putallinregistry"},{"parentCategory":{"ref":"L_GeneralOptions"},"supportedOn":{"ref":"windows:SUPPORTED_Windows7"},"enabledValue":{"string":"1"},"disabledValue":{"string":"0"},"name":"L_EnableAutomationevents","displayName":"Automatiseringsgebeurtenissen inschakelen","explainText":"Hiermee kunnen Visio-gebeurtenissen worden verzonden naar Visio-invoegtoepassingen en VBA-macro's. Als deze optie is uitgeschakeld, worden alle Visio-gebeurtenissen uitgeschakeld. Als u deze optie uitschakelt, hebben sommige typen tekeningen in Visio die afhankelijk zijn van Automatiseringsgebeurtenissen mogelijk niet de volledige functionaliteit.","tags":["L_GeneralOptions","L_Advanced","L_VisioOptions","L_MicrosoftVisio"],"application":"visio16","key":"software\\microsoft\\office\\16.0\\visio\\application","valueName":"eventsenabled"},{"parentCategory":{"ref":"L_FileLocations"},"supportedOn":{"ref":"windows:SUPPORTED_Windows7"},"elements":{"items":[{"valueName":"drawingspath","requiredSpecified":false,"expandableSpecified":false,"maxLength":2147483647,"maxLengthSpecified":false,"inputType":"textBox","caption":"Tekeningen:","id":"L_Drawingscolon"}]},"name":"L_Drawings","displayName":"Tekeningen","explainText":"Hiermee geeft u de extra locatie van tekeningen weer. Wanneer u hier een locatie toevoegt, wordt dit de standaardlocatie voor opslaan.","tags":["L_FileLocations","L_Advanced","L_VisioOptions","L_MicrosoftVisio"],"application":"visio16","key":"software\\microsoft\\office\\16.0\\visio\\application"},{"parentCategory":{"ref":"L_FileLocations"},"supportedOn":{"ref":"windows:SUPPORTED_Windows7"},"elements":{"items":[{"valueName":"templatepath","requiredSpecified":false,"expandableSpecified":false,"maxLength":2147483647,"maxLengthSpecified":false,"inputType":"textBox","caption":"Sjablonen:","id":"L_Templatescolon"}]},"name":"L_Templates","displayName":"Sjablonen","explainText":"Met deze beleidsinstelling kunt u de extra locatie van sjablonen opgeven.\n\nAls u deze beleidsinstelling inschakelt, kunt u de extra locatie van sjablonen opgeven.  Deze locaties worden weergegeven op het scherm Nieuw van het tabblad Bestand.\n\nAls u deze beleidsinstelling uitschakelt of niet configureert, wordt er geen extra locatie van sjablonen weergegeven.","tags":["L_FileLocations","L_Advanced","L_VisioOptions","L_MicrosoftVisio"],"application":"visio16","key":"software\\microsoft\\office\\16.0\\visio\\application"},{"parentCategory":{"ref":"L_FileLocations"},"supportedOn":{"ref":"windows:SUPPORTED_Windows7"},"elements":{"items":[{"valueName":"stencilpath","requiredSpecified":false,"expandableSpecified":false,"maxLength":2147483647,"maxLengthSpecified":false,"inputType":"textBox","caption":"Stencils:","id":"L_Stencilscolon"}]},"name":"L_Stencils","displayName":"Stencils","explainText":"Hiermee geeft u de extra locatie van stencils weer. Wanneer u hier een locatie toevoegt, worden stencils op deze locatie weergegeven in het submenu Shapes in het menu Bestand.","tags":["L_FileLocations","L_Advanced","L_VisioOptions","L_MicrosoftVisio"],"application":"visio16","key":"software\\microsoft\\office\\16.0\\visio\\application"},{"parentCategory":{"ref":"L_FileLocations"},"supportedOn":{"ref":"windows:SUPPORTED_Windows7"},"elements":{"items":[{"valueName":"helppath","requiredSpecified":false,"expandableSpecified":false,"maxLength":2147483647,"maxLengthSpecified":false,"inputType":"textBox","caption":"Help:","id":"L_Helpcolon"}]},"name":"L_Help","displayName":"Help","explainText":"Hiermee geeft u de extra locatie van Help-bestanden weer.","tags":["L_FileLocations","L_Advanced","L_VisioOptions","L_MicrosoftVisio"],"application":"visio16","key":"software\\microsoft\\office\\16.0\\visio\\application"},{"parentCategory":{"ref":"L_FileLocations"},"supportedOn":{"ref":"windows:SUPPORTED_Windows7"},"elements":{"items":[{"valueName":"addonspath","requiredSpecified":false,"expandableSpecified":false,"maxLength":2147483647,"maxLengthSpecified":false,"inputType":"textBox","caption":"Invoegtoepassingen:","id":"L_Addonscolon"}]},"name":"L_Addons","displayName":"Invoegtoepassingen","explainText":"Hiermee geeft u de extra locatie van macro's en invoegtoepassingen weer.","tags":["L_FileLocations","L_Advanced","L_VisioOptions","L_MicrosoftVisio"],"application":"visio16","key":"software\\microsoft\\office\\16.0\\visio\\application"},{"parentCategory":{"ref":"L_FileLocations"},"supportedOn":{"ref":"windows:SUPPORTED_Windows7"},"elements":{"items":[{"valueName":"startuppath","requiredSpecified":false,"expandableSpecified":false,"maxLength":2147483647,"maxLengthSpecified":false,"inputType":"textBox","caption":"Opstarten:","id":"L_Startupcolon"}]},"name":"L_Startup","displayName":"Opstarten","explainText":"Hiermee geeft u de extra locatie weer voor macro's en invoegtoepassingen die worden geopend wanneer u Visio start.","tags":["L_FileLocations","L_Advanced","L_VisioOptions","L_MicrosoftVisio"],"application":"visio16","key":"software\\microsoft\\office\\16.0\\visio\\application"},{"parentCategory":{"ref":"L_FileLocations"},"supportedOn":{"ref":"windows:SUPPORTED_Windows7"},"elements":{"items":[{"valueName":"myshapespath","requiredSpecified":false,"expandableSpecified":false,"maxLength":2147483647,"maxLengthSpecified":false,"inputType":"textBox","caption":"Mijn shapes:","id":"L_MyShapescolon"}]},"name":"L_MyShapes","displayName":"Mijn shapes","explainText":"Geeft het pad naar de map Mijn shapes weer.","tags":["L_FileLocations","L_Advanced","L_VisioOptions","L_MicrosoftVisio"],"application":"visio16","key":"software\\microsoft\\office\\16.0\\visio\\application"},{"parentCategory":{"ref":"L_FileLocations"},"supportedOn":{"ref":"windows:SUPPORTED_Windows7"},"elements":{"items":[{"valueName":"favoritesstencilname","requiredSpecified":false,"expandableSpecified":false,"maxLength":2147483647,"maxLengthSpecified":false,"inputType":"textBox","caption":"Naam Favorieten-stencil:","id":"L_FavoritesStencilNamecolon"}]},"name":"L_FavoritesStencilName","displayName":"Naam Favorieten-stencil","explainText":"Hier wordt de naam weergegeven van het stencil in de map Mijn shapes dat de favoriete shapes van een gebruiker bevat.","tags":["L_FileLocations","L_Advanced","L_VisioOptions","L_MicrosoftVisio"],"application":"visio16","key":"software\\microsoft\\office\\16.0\\visio\\application"},{"parentCategory":{"ref":"L_AutoCorrectOptions"},"supportedOn":{"ref":"windows:SUPPORTED_Windows7"},"enabledValue":{"decimal":{"value":1}},"disabledValue":{"decimal":{"value":0}},"name":"L_Straightquoteswithsmartquotes","displayName":"Rechte aanhalingstekens door gekrulde aanhalingstekens","explainText":"Schakelt de bijbehorende gebruikersinterface-optie in/uit.","tags":["L_AutoCorrectOptions","L_Proofing","L_VisioOptions","L_MicrosoftVisio"],"application":"visio16","key":"software\\microsoft\\office\\16.0\\visio\\autoformat as you type","valueName":"smartquotes"},{"parentCategory":{"ref":"L_AutoCorrectOptions"},"supportedOn":{"ref":"windows:SUPPORTED_Windows7"},"enabledValue":{"decimal":{"value":1}},"disabledValue":{"decimal":{"value":0}},"name":"L_Fractionswithfractioncharacter","displayName":"Breuken met breukteken","explainText":"Schakelt de bijbehorende gebruikersinterface-optie in/uit.","tags":["L_AutoCorrectOptions","L_Proofing","L_VisioOptions","L_MicrosoftVisio"],"application":"visio16","key":"software\\microsoft\\office\\16.0\\visio\\autoformat as you type","valueName":"fractions"},{"parentCategory":{"ref":"L_AutoCorrectOptions"},"supportedOn":{"ref":"windows:SUPPORTED_Windows7"},"enabledValue":{"decimal":{"value":1}},"disabledValue":{"decimal":{"value":0}},"name":"L_Ordinalswithsuperscript","displayName":"Rangtelwoorden met superscript","explainText":"Schakelt de bijbehorende gebruikersinterface-optie in/uit.","tags":["L_AutoCorrectOptions","L_Proofing","L_VisioOptions","L_MicrosoftVisio"],"application":"visio16","key":"software\\microsoft\\office\\16.0\\visio\\autoformat as you type","valueName":"ordinals"},{"parentCategory":{"ref":"L_AutoCorrectOptions"},"supportedOn":{"ref":"windows:SUPPORTED_Windows7"},"enabledValue":{"decimal":{"value":1}},"disabledValue":{"decimal":{"value":0}},"name":"L_Hyphenswithdash","displayName":"Afbreekstreepjes met streepje","explainText":"Schakelt de bijbehorende gebruikersinterface-optie in/uit.","tags":["L_AutoCorrectOptions","L_Proofing","L_VisioOptions","L_MicrosoftVisio"],"application":"visio16","key":"software\\microsoft\\office\\16.0\\visio\\autoformat as you type","valueName":"dashes"},{"parentCategory":{"ref":"L_AutoCorrectOptions"},"supportedOn":{"ref":"windows:SUPPORTED_Windows7"},"enabledValue":{"decimal":{"value":1}},"disabledValue":{"decimal":{"value":0}},"name":"L_Smileyfacesandarrowswithspecialsymbols","displayName":"Lachebekjes en pijlen met speciale symbolen","explainText":"Schakelt de bijbehorende gebruikersinterface-optie in/uit.","tags":["L_AutoCorrectOptions","L_Proofing","L_VisioOptions","L_MicrosoftVisio"],"application":"visio16","key":"software\\microsoft\\office\\16.0\\visio\\autoformat as you type","valueName":"smileys"},{"parentCategory":{"ref":"L_Miscellaneous"},"supportedOn":{"ref":"windows:SUPPORTED_Windows7"},"elements":{"items":[{"valueName":"sendtoemailmsgstring","requiredSpecified":false,"expandableSpecified":false,"maxLength":2147483647,"maxLengthSpecified":false,"inputType":"textBox","caption":"E-mailbericht voor 'Verzenden naar'-opdrachten","id":"L_emailmessageforsendtocommands101"}]},"name":"L_EmailmessageforSendtocommands","displayName":"E-mailbericht voor 'Verzenden naar'-opdrachten","explainText":"Opdracht in het submenu Verzenden naar van het menu Bestand.","tags":["L_Miscellaneous","L_MicrosoftVisio"],"application":"visio16","key":"software\\microsoft\\office\\16.0\\visio\\application"},{"parentCategory":{"ref":"L_Display"},"supportedOn":{"ref":"windows:SUPPORTED_Windows7"},"elements":{"items":[{"valueName":"max display","minValue":0,"minValueSpecified":true,"maxValue":50,"maxValueSpecified":true,"inputType":"decimalTextBox","caption":"Aantal items: ","id":"L_Numberofentries"}]},"name":"L_Recentlyusedfilelist","displayName":"Aantal items in de lijst met recente tekeningen","explainText":"Met deze beleidsinstelling geeft u het aantal items op dat wordt weergegeven in de lijst met recente tekeningen die verschijnt wanneer gebruikers in de backstage-weergave op het tabblad Bestand op Openen klikken.  \n\nAls u deze beleidsinstelling inschakelt, kunt u het aantal vermeldingen opgeven tussen 0 en 50. Als u het getal instelt op 0, worden alle vastgemaakte en niet-vastgemaakte items verborgen.\n\nAls u deze beleidsinstelling uitschakelt of niet configureert, worden er maximaal 25 items weergegeven in de lijst met recente tekeningen.\n\nOpmerking: als u helemaal wilt voorkomen dat items worden toegevoegd aan de lijst met recente tekeningen, kunt u de Windows-beleidsinstelling Geschiedenis van recentelijk geopende documenten niet bijhouden inschakelen.","tags":["L_Display","L_Advanced","L_VisioOptions","L_MicrosoftVisio"],"application":"visio16","key":"software\\microsoft\\office\\16.0\\visio\\file mru"},{"parentCategory":{"ref":"L_Display"},"supportedOn":{"ref":"windows:SUPPORTED_Windows7"},"elements":{"items":[{"valueName":"max display","minValue":0,"minValueSpecified":true,"maxValue":20,"maxValueSpecified":true,"inputType":"decimalTextBox","caption":"Aantal mappen: ","id":"L_SetNumberOfPlacesInTheRecentPlacesListSpinID"}]},"name":"L_SetNumberOfPlacesInTheRecentPlacesList","displayName":"Aantal mappen in de lijst met recente mappen","explainText":"Met deze beleidsinstelling geeft u het aantal niet-vastgemaakte vermeldingen op dat wordt weergegeven in de lijst met recent gebruikte mappen die wordt weergegeven wanneer gebruikers in de backstageweergave op het tabblad Bestand op Openen of Opslaan als klikken.\n\nAls u deze beleidsinstelling inschakelt, kunt u 0–20 opgeven voor het aantal niet-vastgemaakte vermeldingen. Als u het getal instelt op 0, worden alle vastgemaakte en niet-vastgemaakte items verborgen.\n\nAls u deze beleidsinstelling uitschakelt of niet configureert, worden maximaal 5 niet-vastgemaakte items weergegeven in de lijst met recente mappen.\n\nOpmerking: als u helemaal wilt voorkomen dat er items worden toegevoegd aan de lijst met recente mappen, kunt u de Windows-beleidsinstelling 'Geschiedenis van recentelijk geopende documenten niet bijhouden' inschakelen.","tags":["L_Display","L_Advanced","L_VisioOptions","L_MicrosoftVisio"],"application":"visio16","key":"software\\microsoft\\office\\16.0\\visio\\place mru"},{"parentCategory":{"ref":"L_Miscellaneous"},"supportedOn":{"ref":"windows:SUPPORTED_Windows7"},"enabledValue":{"decimal":{"value":1}},"disabledValue":{"decimal":{"value":0}},"name":"L_DisableOfficeStartVisio","displayName":"Het Office-start scherm voor Visio uitschakelen","explainText":"Met deze beleidsinstelling wordt bepaald of het Office-startscherm wordt weergegeven bij het opstarten van Visio.\n\nAls u deze beleidsinstelling inschakelt, krijgen gebruikers het Office-startscherm niet te zien wanneer ze Visio opstarten.\n\nAls u deze beleidsinstelling uitschakelt of niet configureert, krijgen gebruikers het Office-startscherm te zien wanneer ze Visio starten.\n\nOpmerking: deze beleidsinstelling wordt overschreven door de beleidsinstelling Microsoft Office 2016 > Diversen > Het Office-startscherm voor alle Office-toepassingen uitschakelen als die beleidsinstelling is ingesteld.","tags":["L_Miscellaneous","L_MicrosoftVisio"],"application":"visio16","key":"software\\microsoft\\office\\16.0\\visio\\application","valueName":"disableboottoofficestart"},{"parentCategory":{"ref":"L_Miscellaneous"},"supportedOn":{"ref":"windows:SUPPORTED_Windows7"},"elements":{"items":[{"valueName":"personaltemplates","requiredSpecified":false,"expandable":true,"expandableSpecified":true,"maxLength":2147483647,"maxLengthSpecified":false,"inputType":"textBox","caption":"Pad voor persoonlijke sjablonen","id":"L_PersonalTemplatesPath"}]},"name":"L_PersonalTemplatesPath","displayName":"Pad voor persoonlijke sjablonen voor Visio","explainText":"Met deze beleidsinstelling geeft u de locatie op van de persoonlijke sjablonen van een gebruiker. \n\nAls u deze beleidsinstelling inschakelt, krijgen gebruikers sjablonen te zien die ze hebben opgeslagen op de opgegeven locatie op het tabblad Aangepaste sjablonen op het Office-startscherm en in Bestand | Nieuw, en wanneer ze een sjabloon opslaan, wordt de opgegeven locatie gebruikt in plaats van de standaardmap. \n\nAls u deze beleidsinstelling uitschakelt of niet configureert, kunnen gebruikers geen sjablonen die ze hebben opgeslagen zien op het tabblad Aangepaste sjablonen op het Office-startscherm en in Bestand | Nieuw, en wordt bij het opslaan van een sjabloon hun standaardmap voor het opslaan van documenten gebruikt.","tags":["L_Miscellaneous","L_MicrosoftVisio"],"application":"visio16","key":"software\\microsoft\\office\\16.0\\visio\\application"},{"parentCategory":{"ref":"L_Miscellaneous"},"supportedOn":{"ref":"windows:SUPPORTED_Windows7"},"elements":{"items":[{"item":[{"value":{"decimal":{"value":0}},"displayName":"Aanbevolen"},{"value":{"decimal":{"value":2}},"displayName":"Ingebouwd"},{"value":{"decimal":{"value":1}},"displayName":"Aangepast"}],"valueName":"officestartdefaulttab","inputType":"dropdownList","caption":"Standaardtabblad","id":"L_DefaultBuiltInTab"}]},"name":"L_DefaultBuiltInTab","displayName":"Standaardtabblad om weer te geven in Visio op het Office-startscherm en in Bestand | Nieuw","explainText":"Met deze beleidsinstelling wordt bepaald wat wordt weergegeven als standaardtabblad in Visio op het Office-startscherm en in Bestand | Nieuw. \n\nAls u deze beleidsinstelling inschakelt, kunt u kiezen uit twee opties om het standaardtabblad te worden in het Office-start scherm en in Bestand | Nieuw:\n\n* Ingebouwd: gebruikers zien het tabblad met ingebouwde sjablonen als het standaardtabblad in Visio op het Office-startscherm en in Bestand | Nieuw.\n\n* Aangepast: gebruikers zien het tabblad Aangepaste sjablonen als standaardtabblad in Visio op het Office-startscherm en in Bestand | Nieuw wanneer er sjablonen zijn (dit kunnen aangepaste XML-sjablonen zijn, sjablonen in het pad van werkgroepsjablonen, sjablonen in het pad met persoonlijke sjablonen of SharePoint-sjablonen).\n\nAls u deze beleidsinstelling uitschakelt of niet configureert, zien gebruikers het tabblad Aanbevolen sjablonen als het standaardtabblad in Visio op het Office-startscherm en in Bestand | Nieuw","tags":["L_Miscellaneous","L_MicrosoftVisio"],"application":"visio16","key":"software\\microsoft\\office\\16.0\\visio\\application"},{"parentCategory":{"ref":"L_Advanced"},"supportedOn":{"ref":"windows:SUPPORTED_Windows7"},"enabledList":[{"value":{"string":"true"},"valueName":"Microsoft.Office.UXPlatform.FluentSVRefresh"},{"value":{"string":"true"},"valueName":"Microsoft.Office.UXPlatform.RibbonTouchOptimization"},{"value":{"string":"true"},"valueName":"Microsoft.Office.UXPlatform.FluentSVRibbonOptionsMenu"}],"disabledList":[{"value":{"string":"false"},"valueName":"Microsoft.Office.UXPlatform.FluentSVRefresh"},{"value":{"string":"false"},"valueName":"Microsoft.Office.UXPlatform.RibbonTouchOptimization"},{"value":{"string":"false"},"valueName":"Microsoft.Office.UXPlatform.FluentSVRibbonOptionsMenu"}],"name":"L_visioVisualRefresh","displayName":"Instellingen voor visuele verversing","explainText":"Visuele verversing in- of uitschakelen. werkt mogelijk niet voor sommige versies van Office.\n\nGegevens verstrekt door Office Tool Plus.","tags":["L_Advanced"],"application":"visio16","key":"Software\\Microsoft\\Office\\16.0\\Common\\ExperimentConfigs\\ExternalFeatureOverrides\\visio"}]}