{"categories":[{"name":"L_MicrosoftOfficeaccess","displayName":"Microsoft Access 2016"},{"parentCategory":{"ref":"L_MicrosoftOfficeaccess"},"name":"L_ApplicationSettings","displayName":"Configuración de la aplicación"},{"parentCategory":{"ref":"L_ApplicationSettings"},"name":"L_International","displayName":"Internacional"},{"parentCategory":{"ref":"L_ApplicationSettings"},"name":"L_WebOptions","displayName":"Opciones web..."},{"parentCategory":{"ref":"L_WebOptions"},"name":"L_General","displayName":"General"},{"parentCategory":{"ref":"L_ApplicationSettings"},"name":"L_general5","displayName":"General"},{"parentCategory":{"ref":"L_ApplicationSettings"},"name":"L_Security","displayName":"Seguridad"},{"parentCategory":{"ref":"L_Security"},"name":"L_Cryptography","displayName":"Criptografía"},{"parentCategory":{"ref":"L_Security"},"name":"L_TrustCenter","displayName":"Centro de confianza"},{"parentCategory":{"ref":"L_TrustCenter"},"name":"L_TrustedLocations","displayName":"Ubicaciones de confianza"},{"parentCategory":{"ref":"L_MicrosoftOfficeaccess"},"name":"L_Customizableerrormessages","displayName":"Mensajes de error personalizables"},{"parentCategory":{"ref":"L_MicrosoftOfficeaccess"},"name":"L_Disableitemsinuserinterface","displayName":"Deshabilitar elementos de la interfaz de usuario"},{"parentCategory":{"ref":"L_Disableitemsinuserinterface"},"name":"L_Custom","displayName":"Personalizado"},{"parentCategory":{"ref":"L_MicrosoftOfficeaccess"},"name":"L_Miscellaneous","displayName":"Varios"}],"policies":[{"parentCategory":{"ref":"L_International"},"supportedOn":{"ref":"windows:SUPPORTED_Windows7"},"elements":{"items":[{"item":[{"value":{"decimal":{"value":0}},"displayName":"De izquierda a derecha"},{"value":{"decimal":{"value":1}},"displayName":"De derecha a izquierda"}],"valueName":"new tables/queries/forms/reports","inputType":"dropdownList","caption":"Dirección predeterminada","id":"L_defaultdirection0"}]},"name":"L_Defaultdirection","displayName":"Dirección predeterminada","explainText":"Especifica la dirección del texto predeterminada de izquierda a derecha.","tags":["L_International","L_ApplicationSettings","L_MicrosoftOfficeaccess"],"application":"access16","key":"software\\microsoft\\office\\16.0\\access\\settings"},{"parentCategory":{"ref":"L_International"},"supportedOn":{"ref":"windows:SUPPORTED_Windows7"},"elements":{"items":[{"item":[{"value":{"decimal":{"value":0}},"displayName":"Modo de interfaz"},{"value":{"decimal":{"value":1}},"displayName":"Modo de texto"}],"valueName":"general alignment","inputType":"dropdownList","caption":"Alineación general","id":"L_generalalignment1"}]},"name":"L_GeneralAlignment","displayName":"Alineación general","explainText":"Especifica la alineación predeterminada del texto.","tags":["L_International","L_ApplicationSettings","L_MicrosoftOfficeaccess"],"application":"access16","key":"software\\microsoft\\office\\16.0\\access\\settings"},{"parentCategory":{"ref":"L_International"},"supportedOn":{"ref":"windows:SUPPORTED_Windows7"},"elements":{"items":[{"item":[{"value":{"decimal":{"value":0}},"displayName":"Lógicas"},{"value":{"decimal":{"value":1}},"displayName":"Visual"}],"valueName":"cursor","inputType":"dropdownList","caption":"Movimiento del cursor","id":"L_cursormovement2"}]},"name":"L_Cursormovement","displayName":"Movimiento del cursor","explainText":"Especifica el modo de movimiento predeterminado del cursor.","tags":["L_International","L_ApplicationSettings","L_MicrosoftOfficeaccess"],"application":"access16","key":"software\\microsoft\\office\\16.0\\access\\settings"},{"parentCategory":{"ref":"L_General"},"supportedOn":{"ref":"windows:SUPPORTED_Windows7"},"elements":{"items":[{"item":[{"value":{"decimal":{"value":0}},"displayName":"Negro"},{"value":{"decimal":{"value":1}},"displayName":"Rojo oscuro"},{"value":{"decimal":{"value":2}},"displayName":"Verde"},{"value":{"decimal":{"value":3}},"displayName":"Oliva"},{"value":{"decimal":{"value":4}},"displayName":"Azul oscuro"},{"value":{"decimal":{"value":5}},"displayName":"Violeta"},{"value":{"decimal":{"value":6}},"displayName":"Verde azulado"},{"value":{"decimal":{"value":7}},"displayName":"Gris"},{"value":{"decimal":{"value":8}},"displayName":"Plata"},{"value":{"decimal":{"value":9}},"displayName":"Rojo"},{"value":{"decimal":{"value":10}},"displayName":"Verde vivo"},{"value":{"decimal":{"value":11}},"displayName":"Amarillo"},{"value":{"decimal":{"value":12}},"displayName":"Azul"},{"value":{"decimal":{"value":13}},"displayName":"Fucsia"},{"value":{"decimal":{"value":14}},"displayName":"Aguamarina"},{"value":{"decimal":{"value":15}},"displayName":"Blanco"}],"valueName":"hyperlinkcolor","inputType":"dropdownList","caption":"Color de hipervínculo","id":"L_hyperlinkcolor3"}]},"name":"L_Hyperlinkcolor","displayName":"Color de hipervínculo","explainText":"Especifica el color predeterminado del texto del hipervínculo.","tags":["L_General","L_WebOptions","L_ApplicationSettings","L_MicrosoftOfficeaccess"],"application":"access16","key":"software\\microsoft\\office\\16.0\\access\\internet"},{"parentCategory":{"ref":"L_General"},"supportedOn":{"ref":"windows:SUPPORTED_Windows7"},"elements":{"items":[{"item":[{"value":{"decimal":{"value":0}},"displayName":"Negro"},{"value":{"decimal":{"value":1}},"displayName":"Rojo oscuro"},{"value":{"decimal":{"value":2}},"displayName":"Verde"},{"value":{"decimal":{"value":3}},"displayName":"Oliva"},{"value":{"decimal":{"value":4}},"displayName":"Azul oscuro"},{"value":{"decimal":{"value":5}},"displayName":"Violeta"},{"value":{"decimal":{"value":6}},"displayName":"Verde azulado"},{"value":{"decimal":{"value":7}},"displayName":"Gris"},{"value":{"decimal":{"value":8}},"displayName":"Plata"},{"value":{"decimal":{"value":9}},"displayName":"Rojo"},{"value":{"decimal":{"value":10}},"displayName":"Verde vivo"},{"value":{"decimal":{"value":11}},"displayName":"Amarillo"},{"value":{"decimal":{"value":12}},"displayName":"Azul"},{"value":{"decimal":{"value":13}},"displayName":"Fucsia"},{"value":{"decimal":{"value":14}},"displayName":"Aguamarina"},{"value":{"decimal":{"value":15}},"displayName":"Blanco"}],"valueName":"followedhyperlinkcolor","inputType":"dropdownList","caption":"Color de hipervínculo visitado","id":"L_followedhyperlinkcolor4"}]},"name":"L_Followedhyperlinkcolor","displayName":"Color de hipervínculo visitado","explainText":"Especifica el color predeterminado del texto de los hipervínculos visitados.","tags":["L_General","L_WebOptions","L_ApplicationSettings","L_MicrosoftOfficeaccess"],"application":"access16","key":"software\\microsoft\\office\\16.0\\access\\internet"},{"parentCategory":{"ref":"L_General"},"supportedOn":{"ref":"windows:SUPPORTED_Windows7"},"enabledValue":{"decimal":{"value":0}},"disabledValue":{"decimal":{"value":1}},"name":"L_Underlinehyperlinks","displayName":"Subrayar hipervínculos","explainText":"Esta configuración de directiva controla si se subrayan los hipervínculos de las tablas, las consultas, los formularios y los informes de Access. \n      \nSi habilita esta configuración de directiva, Access subraya todos los hipervínculos de las tablas, las consultas, los formularios y los informes al crearlos, invalidando cualquier cambio de configuración en los equipos de los usuarios.\n      \nSi deshabilita esta configuración de directiva, Access no subraya los hipervínculos en las tablas, las consultas, los formularios y los informes. \n      \nSi no establece esta configuración de directiva, Access subraya los hipervínculos que aparecen en las tablas, las consultas, los formularios y los informes. \n      \nSi se habilita esta configuración de directiva, se aplica la configuración predeterminada de Access y, por tanto, es poco probable que la mayoría de los usuarios experimenten problemas de uso significativos. Si se cambia esta configuración, es posible que los usuarios hagan clic en hipervínculos peligrosos sin darse cuenta, lo cual podría suponer un riesgo de seguridad.","tags":["L_General","L_WebOptions","L_ApplicationSettings","L_MicrosoftOfficeaccess"],"application":"access16","key":"software\\microsoft\\office\\16.0\\access\\internet","valueName":"donotunderlinehyperlinks"},{"parentCategory":{"ref":"L_general5"},"supportedOn":{"ref":"windows:SUPPORTED_Windows7"},"elements":{"items":[{"valueName":"max display","minValue":0,"minValueSpecified":true,"maxValue":50,"maxValueSpecified":true,"inputType":"decimalTextBox","caption":"Número de entradas: ","id":"L_Numberofentries"}]},"name":"L_Recentlyusedfilelist","displayName":"Número de archivos de la lista de recientes","explainText":"Esta configuración de directiva especifica el número de entradas mostradas en la lista Carpetas recientes que aparece cuando los usuarios hacen clic en Abrir en la pestaña Archivo en la vista Backstage. \n\nSi habilita esta configuración de directiva, podrá especificar el número de entradas entre 0 y 50. Si establece el número como 0, se ocultarán todas las entradas ancladas y desancladas.\n\nSi deshabilita o no configura esta configuración de directiva, se mostrarán un máximo de 25 elementos en la lista Reciente.\n\nNota: Si desea evitar por completo que se agreguen elementos a la lista Recientes, puede habilitar la configuración de directiva de Windows \"No guardar historial de documentos abiertos recientemente\".","tags":["L_general5","L_ApplicationSettings","L_MicrosoftOfficeaccess"],"application":"access16","key":"software\\microsoft\\office\\16.0\\access\\file mru"},{"parentCategory":{"ref":"L_general5"},"supportedOn":{"ref":"windows:SUPPORTED_Windows7"},"elements":{"items":[{"valueName":"max display","minValue":0,"minValueSpecified":true,"maxValue":20,"maxValueSpecified":true,"inputType":"decimalTextBox","caption":"Número de carpetas: ","id":"L_SetNumberOfPlacesInTheRecentPlacesListSpinID"}]},"name":"L_SetNumberOfPlacesInTheRecentPlacesList","displayName":"Número de carpetas en la lista de carpetas recientes","explainText":"Esta configuración de directiva especifica el número de entradas desancladas que se mostrarán en la lista Carpetas recientes que aparece cuando los usuarios hacen clic en Abrir o Guardar como en la pestaña Archivo en la vista Backstage. \n\nSi habilita esta configuración de directiva, podrá especificar el número de entradas desancladas entre 0 y 20. Si los establece en 0, se ocultarán todas las entradas ancladas y desancladas.\n\nSi deshabilita esta configuración de directiva o no la define, se mostrarán un máximo de 5 elementos desanclados en la lista Carpetas recientes.\n\nNota: Si desea evitar por completo que se agreguen elementos a la lista Carpetas recientes, puede habilitar la configuración de directiva de Windows \"No guardar historial de documentos abiertos recientemente\".","tags":["L_general5","L_ApplicationSettings","L_MicrosoftOfficeaccess"],"application":"access16","key":"software\\microsoft\\office\\16.0\\access\\place mru"},{"parentCategory":{"ref":"L_general5"},"supportedOn":{"ref":"windows:SUPPORTED_Windows7"},"elements":{"items":[{"valueName":"default database directory","requiredSpecified":false,"expandableSpecified":false,"maxLength":2147483647,"maxLengthSpecified":false,"inputType":"textBox","caption":"Carpeta de bases de datos predeterminada","id":"L_defaultdatabasefolder6"}]},"name":"L_Defaultdatabasefolder","displayName":"Carpeta de bases de datos predeterminada","explainText":"Especifica la carpeta de trabajo predeterminada.","tags":["L_general5","L_ApplicationSettings","L_MicrosoftOfficeaccess"],"application":"access16","key":"software\\microsoft\\office\\16.0\\access\\settings"},{"parentCategory":{"ref":"L_Cryptography"},"supportedOn":{"ref":"windows:SUPPORTED_Windows7"},"elements":{"items":[{"valueName":"cipheralgorithm","required":true,"requiredSpecified":true,"expandableSpecified":false,"maxLength":2147483647,"maxLengthSpecified":false,"inputType":"textBox","caption":"Algoritmo de cifrado CNG:","id":"L_SetCNGCipherAlgorithmID"}]},"name":"L_SetCNGCipherAlgorithm","displayName":"Establecer algoritmo de cifrado CNG","explainText":"Esta configuración de directiva permite configurar el algoritmo de cifrado CNG que se usa.\n\nSi habilita esta configuración de directiva, el cifrado suministrado se usará si es un algoritmo admitido.\n\nSi deshabilita esta configuración de directiva o no la define, se usará AES.","tags":["L_Cryptography","L_Security","L_ApplicationSettings","L_MicrosoftOfficeaccess"],"application":"access16","key":"software\\microsoft\\office\\16.0\\access\\security\\crypto"},{"parentCategory":{"ref":"L_Cryptography"},"supportedOn":{"ref":"windows:SUPPORTED_Windows7"},"elements":{"items":[{"item":[{"value":{"string":"ChainingModeCBC"},"displayName":"Encadenamiento de bloques de cifrado (CBC)"},{"value":{"string":"ChainingModeCFB"},"displayName":"Comentarios de cifrado (CFB)"}],"valueName":"cipherchaining","inputType":"dropdownList","id":"L_ConfigureCNGCipherChainingModeDropID"}]},"name":"L_ConfigureCNGCipherChainingMode","displayName":"Configurar modo de encadenamiento de cifrado CNG","explainText":"Esta configuración de directiva permite configurar el modo de encadenamiento de cifrado usado.\n\nSi habilita esta configuración de directiva, se aplicará el modo de encadenamiento de cifrado especificado.\n\nSi deshabilita esta configuración de directiva o no la define, Encadenamiento de bloques de cifrado (CBC) será el modo de encadenamiento de cifrado CNG predeterminado.","tags":["L_Cryptography","L_Security","L_ApplicationSettings","L_MicrosoftOfficeaccess"],"application":"access16","key":"software\\microsoft\\office\\16.0\\access\\security\\crypto"},{"parentCategory":{"ref":"L_Cryptography"},"supportedOn":{"ref":"windows:SUPPORTED_Windows7"},"elements":{"items":[{"valueName":"cipherkeybits","minValue":0,"minValueSpecified":true,"maxValue":1000000,"maxValueSpecified":true,"inputType":"decimalTextBox","caption":"Longitud de clave de cifrado","id":"L_SetCNGCipherKeyLengthSpinID"}]},"name":"L_SetCNGCipherKeyLength","displayName":"Establecer longitud de la clave de cifrado CNG","explainText":"Esta configuración de directiva permite configurar el número de bits que se usará al crear la clave de cifrado. Este número se redondeará a la baja hasta un múltiplo de 8.\n\nSi habilita esta configuración de directiva, se usarán los bits de la clave que se especificaron.\n\nSi deshabilita esta configuración de directiva o no la define, se usarán los valores predeterminados.","tags":["L_Cryptography","L_Security","L_ApplicationSettings","L_MicrosoftOfficeaccess"],"application":"access16","key":"software\\microsoft\\office\\16.0\\access\\security\\crypto"},{"parentCategory":{"ref":"L_Cryptography"},"supportedOn":{"ref":"windows:SUPPORTED_Windows7"},"elements":{"items":[{"item":[{"value":{"decimal":{"value":0}},"displayName":"Usar formato heredado"},{"value":{"decimal":{"value":1}},"displayName":"Usar formato de próxima generación"},{"value":{"decimal":{"value":2}},"displayName":"Guardar todos arch. con form. próx. generac."}],"valueName":"compatmode","inputType":"dropdownList","id":"L_SpecifyEncryptionCompatibilityDropID"}]},"name":"L_SpecifyEncryptionCompatibility","displayName":"Especificar compatibilidad de cifrado","explainText":"Esta configuración de directiva permite especificar la compatibilidad de la base de datos cifrada.\n\nSi habilita esta configuración de directiva, se aplicará el formato de compatibilidad especificado durante el cifrado para los nuevos archivos\n- Usar formato heredado\n- Usar formato de próxima generación\n- Guardar todos los archivos con formato de próxima generación\n\nSi deshabilita esta configuración de directiva o no la define, se aplicará la configuración predeterminada, \"Usar formato de próxima generación\".","tags":["L_Cryptography","L_Security","L_ApplicationSettings","L_MicrosoftOfficeaccess"],"application":"access16","key":"software\\microsoft\\office\\16.0\\access\\security\\crypto"},{"parentCategory":{"ref":"L_Cryptography"},"supportedOn":{"ref":"windows:SUPPORTED_Windows7"},"elements":{"items":[{"valueName":"context","required":true,"requiredSpecified":true,"expandableSpecified":false,"maxLength":2147483647,"maxLengthSpecified":false,"inputType":"textBox","caption":"Parámetros","id":"L_SetParametersForCNGContextID"}]},"name":"L_SetParametersForCNGContext","displayName":"Establecer parámetros para el contexto de CNG","explainText":"Esta configuración de directiva permite especificar los parámetros de cifrado que se deben usar para el contexto de CNG. \n\nSi habilita esta configuración de directiva, se pasarán los parámetros especificados al contexto de CNG.\n\nSi deshabilita esta configuración de directiva o no la define, se usarán los valores de CNG predeterminados.","tags":["L_Cryptography","L_Security","L_ApplicationSettings","L_MicrosoftOfficeaccess"],"application":"access16","key":"software\\microsoft\\office\\16.0\\access\\security\\crypto"},{"parentCategory":{"ref":"L_Cryptography"},"supportedOn":{"ref":"windows:SUPPORTED_Windows7"},"elements":{"items":[{"item":[{"value":{"string":"SHA1"},"displayName":"SHA1"},{"value":{"string":"SHA256"},"displayName":"SHA256"},{"value":{"string":"SHA384"},"displayName":"SHA384"},{"value":{"string":"SHA512"},"displayName":"SHA512"}],"valueName":"hashalgorithm","inputType":"dropdownList","id":"L_SpecifyCNGHashAlgorithmDropID"}]},"name":"L_SpecifyCNGHashAlgorithm","displayName":"Especificar algoritmo hash CNG","explainText":"Esta configuración de directiva permite especificar el algoritmo hash usado.\n\nSi habilita esta configuración de directiva, CNG usará el algoritmo hash seleccionado.\n\nSi deshabilita esta configuración de directiva o no la define, se usará el algoritmo hash CNG predeterminado.","tags":["L_Cryptography","L_Security","L_ApplicationSettings","L_MicrosoftOfficeaccess"],"application":"access16","key":"software\\microsoft\\office\\16.0\\access\\security\\crypto"},{"parentCategory":{"ref":"L_Cryptography"},"supportedOn":{"ref":"windows:SUPPORTED_Windows7"},"elements":{"items":[{"valueName":"passwordspincount","minValue":0,"minValueSpecified":true,"maxValue":10000000,"maxValueSpecified":true,"inputType":"decimalTextBox","id":"L_SetCNGPasswordSpinCountSpinID"}]},"name":"L_SetCNGPasswordSpinCount","displayName":"Establecer número de recombinaciones de contraseña de CNG","explainText":"Esta configuración de directiva permite especificar la cantidad de veces que se recombinará el comprobador de contraseña.\n\nSi habilita esta configuración de directiva, el número especificado representará la cantidad de veces que se recombinará la contraseña.\n\nSi deshabilita esta configuración de directiva o no la define, se usará el valor predeterminado (100000).","tags":["L_Cryptography","L_Security","L_ApplicationSettings","L_MicrosoftOfficeaccess"],"application":"access16","key":"software\\microsoft\\office\\16.0\\access\\security\\crypto"},{"parentCategory":{"ref":"L_Cryptography"},"supportedOn":{"ref":"windows:SUPPORTED_Windows7"},"elements":{"items":[{"valueName":"rngalgorithm","required":true,"requiredSpecified":true,"expandableSpecified":false,"maxLength":2147483647,"maxLengthSpecified":false,"inputType":"textBox","caption":"Generador de números aleatorios:","id":"L_SpecifyCNGRandomNumberGeneratorAlgorithmID"}]},"name":"L_SpecifyCNGRandomNumberGeneratorAlgorithm","displayName":"Especificar algoritmo de generador de números aleatorios de CNG","explainText":"Esta configuración de directiva permite configurar el generador de números aleatorios de CNG que se usará.\n\nSi hablita esta configuración de directiva, se usará el generador de números aleatorios especificado.\n\nSi deshabilita esta configuración de directiva o no la define, se usará el generador de números aleatorios predeterminado.","tags":["L_Cryptography","L_Security","L_ApplicationSettings","L_MicrosoftOfficeaccess"],"application":"access16","key":"software\\microsoft\\office\\16.0\\access\\security\\crypto"},{"parentCategory":{"ref":"L_Cryptography"},"supportedOn":{"ref":"windows:SUPPORTED_Windows7"},"elements":{"items":[{"valueName":"saltbytes","minValue":0,"minValueSpecified":true,"maxValue":5000,"maxValueSpecified":true,"inputType":"decimalTextBox","caption":"Número de bytes","id":"L_SpecifyCNGSaltLengthSpinID"}]},"name":"L_SpecifyCNGSaltLength","displayName":"Especificar longitud de contraseña CNG con sal","explainText":"Esta configuración de directiva permite especificar el número de bytes de sal que se debe usar.\n\nSi habilita esta configuración de directiva, se usarán los bytes especificados.\n\nSi deshabilita esta configuración de directiva o no la define, se usará 16 o la longitud predeterminada.","tags":["L_Cryptography","L_Security","L_ApplicationSettings","L_MicrosoftOfficeaccess"],"application":"access16","key":"software\\microsoft\\office\\16.0\\access\\security\\crypto"},{"parentCategory":{"ref":"L_TrustCenter"},"supportedOn":{"ref":"windows:SUPPORTED_Windows7"},"elements":{"items":[{"valueName":"maxtrusteddocuments","minValue":0,"minValueSpecified":true,"maxValue":20000,"maxValueSpecified":true,"inputType":"decimalTextBox","caption":"Número máximo:","id":"L_SetMaximumNumberOfTrustedDocumentsSpinID"}]},"name":"L_SetMaximumNumberOfTrustedDocuments","displayName":"Establecer el número máximo de documentos confiables","explainText":"Esta configuración de directiva permite especificar el número máximo de registros de confianza de documentos confiables que se pueden almacenar en el Registro antes de que se ejecute la tarea de depuración. Esta tarea limita la cantidad de documentos de confianza almacenados en el Registro al número definido en la configuración de directiva \"Establecer el número máximo de registros de confianza que se conservará\".\n\nSi habilita esta configuración de directiva, podrá especificar la cantidad máxima de documentos de confianza que se pueden almacenar en el Registro antes de que se ejecute la tarea de depuración, con un límite de 20.000 documentos. Por motivos de rendimiento, no se recomienda definir la configuración de directiva en el límite superior.\n\nSi deshabilita esta configuración de directiva o no la define, se usará el valor predeterminado de 500.","tags":["L_TrustCenter","L_Security","L_ApplicationSettings","L_MicrosoftOfficeaccess"],"application":"access16","key":"software\\microsoft\\office\\16.0\\access\\security\\trusted documents"},{"parentCategory":{"ref":"L_TrustCenter"},"supportedOn":{"ref":"windows:SUPPORTED_Windows7"},"elements":{"items":[{"valueName":"maxpreservetrusteddocuments","minValue":0,"minValueSpecified":true,"maxValue":20000,"maxValueSpecified":true,"inputType":"decimalTextBox","caption":"Máximo que se conservará:","id":"L_SetMaximumNumberOfTrustRecordsToPreserveSpinID"}]},"name":"L_SetMaximumNumberOfTrustRecordsToPreserve","displayName":"Establecer el número máximo de registros de confianza que se conservará","explainText":"Esta configuración de directiva permite especificar el número máximo de registros de confianza que se conservará cuando la tarea de purga detecta que esta aplicación confió en un número mayor de documentos confiables que el establecido en la configuración de directiva \"Establecer el número máximo de documentos confiables\".\n\nSi habilita esta configuración de directiva, podrá especificar el número máximo de registros de confianza que se conservará, con un límite superior de 20000. Por rendimiento, no se recomienda establecerlo en el límite superior.\n\nSi deshabilita esta configuración de directiva o no la define, se usará el valor predeterminado de 400.","tags":["L_TrustCenter","L_Security","L_ApplicationSettings","L_MicrosoftOfficeaccess"],"application":"access16","key":"software\\microsoft\\office\\16.0\\access\\security\\trusted documents"},{"parentCategory":{"ref":"L_TrustCenter"},"supportedOn":{"ref":"windows:SUPPORTED_Windows7"},"elements":{"items":[{"item":[{"value":{"decimal":{"value":2}},"displayName":"Deshabilitar todas con notificación"},{"value":{"decimal":{"value":3}},"displayName":"Deshabilitar todas las macros excepto las firmadas digitalmente"},{"value":{"decimal":{"value":4}},"displayName":"Deshabilitar todas sin notificación"},{"value":{"decimal":{"value":1}},"displayName":"Habilitar todas las macros (no recomendado)"}],"valueName":"vbawarnings","inputType":"dropdownList","id":"L_Empty"},{"trueValue":{"decimal":{"value":1}},"falseValue":{"decimal":{"value":0}},"valueName":"vbadigsigtrustedpublishers","key":"software\\microsoft\\office\\16.0\\access\\security","inputType":"checkBox","caption":"Requerir que un editor de confianza firme las macros","id":"L_VBADigSigTrustedPublishersStr"},{"trueValue":{"decimal":{"value":1}},"falseValue":{"decimal":{"value":0}},"valueName":"vbarequirelmtrustedpublisher","key":"software\\microsoft\\office\\16.0\\access\\security","inputType":"checkBox","caption":"Bloquear certificados de editores de confianza que sólo se instalan en el almacén de certificados de usuario actual","id":"L_VBAOnlyAllowLMTrustedPublisherStr"},{"trueValue":{"decimal":{"value":1}},"falseValue":{"decimal":{"value":0}},"valueName":"vbarequiredigsigwithcodesigningeku","key":"software\\microsoft\\office\\16.0\\access\\security","inputType":"checkBox","caption":"Requerir el uso extendido de la clave (EKU) para los certificados de los editores de confianza","id":"L_VBAOnlyAllowDigSigWithCodeSigningEKUStr"}]},"name":"L_VBAWarningsPolicy","displayName":"Configuración de notificaciones para macros de VBA","explainText":"Esta directiva controla la forma en que las aplicaciones especificadas advierten a los usuarios cuando las macros de Visual Basic para Aplicaciones (VBA) están presentes.\n\nSi habilita este ajuste de directiva, puede elegir entre cuatro opciones para determinar cómo las aplicaciones especificadas advertirán al usuario sobre las macros: \n \n- Desactivar todas con notificación:  la aplicación muestra la barra de confianza para todas las macros, tanto si están firmadas como si no. Esta opción hace cumplir la configuración predeterminada de Office.\n \n - Deshabilitar todo excepto las macros firmadas digitalmente: la aplicación muestra la barra de confianza para las macros firmadas digitalmente, lo que permite a los usuarios habilitarlas o dejarlas deshabilitadas. Cualquier macro sin firma se deshabilita, y los usuarios no son notificados.\n \n- Deshabilitar todos sin notificación: la aplicación deshabilita todas las macros, tanto las firmadas como las no firmadas, y no notifica a los usuarios.\n \n- Habilitar todas las macros (no recomendado):  todas las macros están habilitadas, tanto si están firmadas como si no. Esta opción puede reducir significativamente la seguridad al permitir que el código peligroso se ejecute sin ser detectado. \n \nSi deshabilita esta configuración de directiva, \"Deshabilitar todo con notificación\" será la configuración predeterminada.\n \nSi no configura este ajuste de directiva, cuando los usuarios abren los archivos en las aplicaciones especificadas que contienen macros VBA, las aplicaciones abren los archivos con las macros desactivadas y muestran la barra de confianza con una advertencia de que las macros están presentes y han sido desactivadas. Los usuarios pueden inspeccionar y editar los archivos si es necesario, pero no pueden utilizar ninguna función desactivada hasta que la activen haciendo clic en \"Habilitar contenido\" en la barra de confianza.  Si el usuario hace clic en \"Habilitar contenido\", entonces el documento se agrega como un documento de confianza.\n \nSi selecciona \"Deshabilitar todo excepto las macros firmadas digitalmente\", le recomendamos que también seleccione la casilla de verificación \"Requerir que las macros estén firmadas por un editor de confianza\" para ayudar a mejorar la seguridad.\n\nSi selecciona la casilla de verificación \"Requerir que las macros estén firmadas por un editor de confianza\", los usuarios que abran archivos con macros firmadas digitalmente pero no por un editor de confianza recibirán una notificación de que se ha bloqueado la ejecución de las macros. Además, hay dos casillas de verificación adicionales que recomendamos seleccionar para ayudar a mejorar la seguridad.\n\n- Bloquear certificados de editores de confianza que estén instalados en el almacén de certificados de usuario actual\n\n - Requerir uso de clave extendido (EKU) para certificados de editores de confianza\n\nNota: estas dos casillas de verificación sólo se aplican si ha seleccionado la casilla de verificación \"Requerir que las macros estén firmadas por un editor de confianza\".  \n\nSi selecciona la casilla de verificación \"Bloquear certificados de editores de confianza instalados en el almacén de certificados de la máquina local\", las macros no se ejecutarán si el certificado del editor de confianza está instalado en el almacén de certificados de usuario actual. El certificado debe estar instalado en el almacén de certificados de la máquina local para que se ejecute la macro. Sólo las cuentas con acceso de administrador al equipo pueden instalar un certificado en el almacén de certificados de la máquina local.\n\nSi selecciona la casilla de verificación \"Requerir uso de clave extendido (EKU) para certificados de editores de confianza\", la EKU debe incluir \"Firma de código\" como uno de los usos del certificado.\n\nImportante: si se selecciona \"Deshabilitar todo excepto las macros firmadas digitalmente\", los usuarios no podrán abrir bases de datos Access sin firma.\n \nAdemás, tenga en cuenta que Microsoft Office almacena los certificados de los editores de confianza en la tienda de editores de confianza de Internet Explorer. Las versiones anteriores de Microsoft Office almacenaban la información del certificado de editor de confianza (específicamente, la huella digital del certificado) en un almacén especial de editor de confianza de Office. Microsoft Office sigue leyendo la información del certificado de editor de confianza del almacén de editor de confianza de Office, pero no escribe información en este almacén.\n \nPor lo tanto, si ha creado una lista de editores de confianza en una versión anterior de Microsoft Office y se actualiza a Office, su lista de editores de confianza seguirá siendo agregue a la lista se almacenará en el almacén de editores de confianza de Internet Explorer.","tags":["L_TrustCenter","L_Security","L_ApplicationSettings","L_MicrosoftOfficeaccess"],"application":"access16","key":"software\\microsoft\\office\\16.0\\access\\security"},{"parentCategory":{"ref":"L_TrustCenter"},"supportedOn":{"ref":"windows:SUPPORTED_Windows7"},"enabledValue":{"decimal":{"value":1}},"disabledValue":{"decimal":{"value":0}},"name":"L_BlockMacroExecutionFromInternet","displayName":"Bloquear la ejecución de macros en archivos de Office de Internet","explainText":"\n        Esta configuración de directiva permite bloquear la ejecución de las macros en archivos de Office que provengan de Internet.\n\n        Si habilita esta configuración de directiva, se bloquea la ejecución de macros aunque la opción \"Habilitar todas las macros\" esté seleccionada en la sección Configuración de macros del Centro de confianza. Además, en lugar de tener la opción \"Habilitar contenido\", los usuarios recibirán una notificación de que se ha bloqueado la ejecución de macros. Si el archivo de Office se guarda en una ubicación de confianza o el usuario lo había marcado previamente como de confianza, se podrán ejecutar las macros.\n\n        Si deshabilita o no establece esta configuración de directiva, la configuración establecida en la sección Configuración de macros del Centro de confianza determinará si se pueden ejecutar macros en archivos de Office procedentes de Internet.\n      ","tags":["L_TrustCenter","L_Security","L_ApplicationSettings","L_MicrosoftOfficeaccess"],"application":"access16","key":"software\\microsoft\\office\\16.0\\access\\security","valueName":"blockcontentexecutionfrominternet"},{"parentCategory":{"ref":"L_TrustCenter"},"supportedOn":{"ref":"windows:SUPPORTED_Windows7"},"enabledValue":{"decimal":{"value":1}},"disabledValue":{"decimal":{"value":0}},"name":"L_TurnOffTrustedDocumentsOnTheNetwork","displayName":"Desactivar documentos confiables en la red","explainText":"Esta configuración de directiva permite desactivar la característica Documentos confiables para los documentos que se abren desde la red.\n\nSi habilita esta configuración de directiva, los usuarios verán siempre notificaciones de seguridad para el contenido activo como macros, controles ActiveX, conexiones de datos, etc. de los documentos que se abren desde la red.\n\nSi deshabilita esta configuración de directiva o no la define, la característica Documentos confiables permitirá a los usuarios ver siempre el contenido activo de los documentos como macros, controles ActiveX, conexiones de datos, etc. de modo que no se preguntará a los usuarios la próxima vez que abran documentos. Los documentos confiables quedan excluidos de las notificaciones de seguridad.","tags":["L_TrustCenter","L_Security","L_ApplicationSettings","L_MicrosoftOfficeaccess"],"application":"access16","key":"software\\microsoft\\office\\16.0\\access\\security\\trusted documents","valueName":"disablenetworktrusteddocuments"},{"parentCategory":{"ref":"L_TrustCenter"},"supportedOn":{"ref":"windows:SUPPORTED_Windows7"},"enabledValue":{"decimal":{"value":1}},"disabledValue":{"decimal":{"value":0}},"name":"L_Disableallapplicationextensions","displayName":"Deshabilitar todos los complementos de aplicaciones","explainText":"Esta configuración de directiva deshabilita todos los complementos de las aplicaciones de Office 2016 especificadas.\n\nSi habilita esta configuración de directiva, todos los complementos de las aplicaciones de Office 2016 especificadas se deshabilitarán.\n\nSi deshabilita o no establece esta configuración de directiva, todos los complementos de las aplicaciones de Office 2016 especificadas se podrán ejecutar sin notificar a los usuarios.","tags":["L_TrustCenter","L_Security","L_ApplicationSettings","L_MicrosoftOfficeaccess"],"application":"access16","key":"software\\microsoft\\office\\16.0\\access\\security","valueName":"disablealladdins"},{"parentCategory":{"ref":"L_TrustCenter"},"supportedOn":{"ref":"windows:SUPPORTED_Windows7"},"enabledValue":{"decimal":{"value":1}},"disabledValue":{"decimal":{"value":0}},"name":"L_RequirethatApplicationExtensionsaresigned","displayName":"Requerir que un editor de confianza firme los complementos de las aplicaciones","explainText":"Esta configuración de directiva controla si los complementos de esta aplicación deben estar firmados digitalmente por un editor de confianza.\n \nSi habilita esta configuración de directiva, la aplicación comprobará la firma digital de cada complemento antes de cargarlo. Si un complemento no tiene una firma digital o si la firma no proviene de un editor de confianza, la aplicación deshabilita el complemento y notifica al usuario. Deben agregarse certificados a la lista de editores de confianza si solicita que todos los complementos estén firmados por un editor de confianza. Para obtener más información sobre cómo obtener y distribuir certificados, consulte http://go.microsoft.com/fwlink/?LinkId=294922. Office 2016 almacena certificados para editores de confianza en el almacén de editores de confianza de Internet Explorer. Las versiones anteriores de Microsoft Office almacenaban información de certificados de editores de confianza (específicamente, la huella digital de certificado) en un almacén de editores de confianza de Office especial. Office 2016 todavía lee información de certificados de editores de confianza desde el almacén de editores de confianza de Office, pero ya no escribe información en este. Por tanto, si creó una lista de editores de confianza en una versión anterior de Office y actualiza a Office 2016, la lista se reconocerá todavía. No obstante, todos los certificados de editores de confianza que agregue a la lista se almacenarán en el almacén de editores de confianza de Internet Explorer. Para obtener más información acerca de editores de confianza, consulte el kit de recursos de Office.\n \nSi deshabilita o no establece esta configuración de directiva, la aplicación no comprobará la firma digital de los complementos de las aplicaciones antes de abrirlos. Si se carga un complemento peligroso, podría dañar el equipo de los usuarios o poner en peligro la seguridad de los datos.","tags":["L_TrustCenter","L_Security","L_ApplicationSettings","L_MicrosoftOfficeaccess"],"application":"access16","key":"software\\microsoft\\office\\16.0\\access\\security","valueName":"requireaddinsig"},{"parentCategory":{"ref":"L_TrustCenter"},"supportedOn":{"ref":"windows:SUPPORTED_Windows7"},"enabledValue":{"decimal":{"value":1}},"disabledValue":{"decimal":{"value":0}},"name":"L_DisableTrustBarNotificationforunsigned","displayName":"Deshabilitar la notificación de la barra de confianza para complementos de aplicaciones sin firmar y bloquearlos","explainText":"Esta configuración de directiva controla si la aplicación de Office especificada notifica a los usuarios cuando se cargan complementos de la aplicación sin firmar o si dichos complementos se deshabilitan silenciosamente sin notificación. Esta configuración de directiva se aplica únicamente si habilita \"Requerir que un editor de confianza firme las extensiones de aplicaciones\", lo que impide que los usuarios cambien esta configuración de directiva.\n      \nSi habilita esta configuración de directiva, las aplicaciones automáticamente deshabilitan los complementos no firmados sin informar a los usuarios.\n\nSi deshabilita esta configuración de directiva, si se configura esta aplicación para requerir que todos los complementos estén firmados por un editor de confianza, los complementos sin firmar que cargue la aplicación se deshabilitarán y la aplicación mostrará la barra de confianza en la parte superior de la ventana activa. La barra de confianza contiene un mensaje que informa a los usuarios acerca del complemento sin firmar.\n\nSi no establece esta configuración de directiva, se aplica el comportamiento de deshabilitación y, además, los usuarios pueden configurar este requisito en la categoría \"Complementos\" del Centro de confianza de la aplicación.","tags":["L_TrustCenter","L_Security","L_ApplicationSettings","L_MicrosoftOfficeaccess"],"application":"access16","key":"software\\microsoft\\office\\16.0\\access\\security","valueName":"notbpromptunsignedaddin"},{"parentCategory":{"ref":"L_TrustCenter"},"supportedOn":{"ref":"windows:SUPPORTED_Windows7"},"enabledValue":{"decimal":{"value":1}},"disabledValue":{"decimal":{"value":0}},"name":"L_TurnOffTrustedDocuments","displayName":"Desactivar documentos confiables","explainText":"Esta configuración de directiva permite desactivar la característica Documentos confiables. La característica Documentos confiables permite a los usuarios habilitar siempre el contenido activo de documentos como macros, controles ActiveX, conexiones de datos, etc. para que no pregunten al usuario la próxima vez que abran documentos. Los documentos confiables quedan excluidos de las notificaciones de seguridad.\n\nSi habilita esta configuración de directiva, desactivará la característica Documentos confiables. Los usuarios recibirán una notificación de seguridad cada vez que se abre un documento que contiene contenido activo.\n\nSi deshabilita esta configuración de directiva o no la define, los documentos serán considerados confiables una vez que los usuarios habiliten el contenido de un documento y los usuarios no recibirán una notificación de seguridad.","tags":["L_TrustCenter","L_Security","L_ApplicationSettings","L_MicrosoftOfficeaccess"],"application":"access16","key":"software\\microsoft\\office\\16.0\\access\\security\\trusted documents","valueName":"disabletrusteddocuments"},{"parentCategory":{"ref":"L_TrustedLocations"},"supportedOn":{"ref":"windows:SUPPORTED_Windows7"},"enabledValue":{"decimal":{"value":1}},"disabledValue":{"decimal":{"value":0}},"name":"L_AllowTrustedLocationsOnTheNetwork","displayName":"Permitir ubicaciones de confianza en la red","explainText":"Esta configuración de directiva controla si se pueden usar las ubicaciones de confianza en la red.\\r\\n      \\r\\nSi habilita esta configuración de directiva, los usuarios pueden especificar ubicaciones de confianza de recursos compartidos de red o de otras ubicaciones remotas fuera de su control directo activando la casilla \"Permitir ubicaciones de confianza en la red (no recomendado)\" en la sección Ubicaciones de confianza del Centro de confianza. Se permite cargar complementos, códigos y contenido de ubicaciones de confianza con requisitos de seguridad mínimos y sin tener que solicitar permiso al usuario.\\r\\n\\r\\nSi deshabilita esta configuración de directiva o no la define, la aplicación seleccionada omite todas las ubicaciones de red incluidas en la sección Ubicaciones de confianza del Centro de confianza. Al deshabilitar esta configuración de directiva, no se eliminan las ubicaciones de red de la lista Ubicaciones de confianza. Por el contrario, fuerza a la aplicación seleccionada a tratar estas ubicaciones como ubicaciones que no son de confianza e impide que los usuarios agreguen nuevas ubicaciones de red a la lista.\\r\\n\\r\\nSi además implementa ubicaciones de confianza a través de una directiva de grupo, debe comprobar si alguna de ellas es una ubicación remota. Si alguno lo es y no permite ubicaciones remotas a través de esta configuración de directiva, las claves de directiva que señalan a ubicaciones remotas se omitirán en los equipos cliente.\\r\\n\\r\\nSi deshabilita esta configuración de directiva, causará trastornos para los usuarios que agregan ubicaciones de red a la lista Ubicaciones de confianza. Sin embargo, no se recomienda habilitar esta configuración de directiva (como lo indica la casilla \"Permitir ubicaciones de confianza que estén en la red (no recomendado)\"), por lo que en la práctica podrá deshabilitarse en la mayoría de las situaciones sin causar problemas significativos de uso a los usuarios.\\r\\n","tags":["L_TrustedLocations","L_TrustCenter","L_Security","L_ApplicationSettings","L_MicrosoftOfficeaccess"],"application":"access16","key":"software\\microsoft\\office\\16.0\\access\\security\\trusted locations","valueName":"allownetworklocations"},{"parentCategory":{"ref":"L_TrustedLocations"},"supportedOn":{"ref":"windows:SUPPORTED_Windows7"},"enabledValue":{"decimal":{"value":1}},"disabledValue":{"decimal":{"value":0}},"name":"L_DisableTrustedLoc","displayName":"Deshabilitar todas las ubicaciones de confianza","explainText":"Esta configuración de directiva permite a los administradores deshabilitar todas las ubicaciones de confianza en las aplicaciones especificadas. Las ubicaciones de confianza especificadas en el Centro de confianza se usan para definir las ubicaciones de archivo que se supone son seguras. Se permite cargar contenido, código y complementos desde ubicaciones de confianza con una cantidad de seguridad mínima, sin preguntar a los usuarios. Si se abre un archivo peligroso desde una ubicación de confianza, no estará sujeto a medidas de seguridad estándar y podría dañar el equipo o los datos de los usuarios.\n      \nSi habilita esta configuración de directiva, todas las ubicaciones de confianza (es decir, las especificadas en el Centro de confianza) de las aplicaciones especificadas se omitirán, incluidas las ubicaciones de confianza establecidas por Office 2016 durante la instalación, implementadas para los usuarios mediante la directiva de grupo o agregadas por los propios usuarios. Se preguntará a los usuarios de nuevo antes de abrir archivos desde ubicaciones de confianza.\n\nSi deshabilita o no establece esta configuración de directiva, se da por supuesto que todas las ubicaciones de confianza (las especificadas en el Centro de confianza) de las aplicaciones especificadas son seguras.","tags":["L_TrustedLocations","L_TrustCenter","L_Security","L_ApplicationSettings","L_MicrosoftOfficeaccess"],"application":"access16","key":"software\\microsoft\\office\\16.0\\access\\security\\trusted locations","valueName":"alllocationsdisabled"},{"parentCategory":{"ref":"L_Miscellaneous"},"supportedOn":{"ref":"windows:SUPPORTED_Windows7"},"elements":{"items":[{"item":[{"value":{"decimal":{"value":12}},"displayName":"Access 2007"},{"value":{"decimal":{"value":10}},"displayName":"Access 2002-2003"},{"value":{"decimal":{"value":9}},"displayName":"Access 2000"}],"valueName":"default file format","inputType":"dropdownList","id":"L_empty87"}]},"name":"L_DefaultFileFormat","displayName":"Formato de archivo predeterminado","explainText":"Esta configuración de directiva controla si los nuevos archivos de la base de datos se crean en el nuevo formato de Access o en un formato usado por versiones anteriores de Access.\n      \nSi habilita esta configuración de directiva, puede especificar si los nuevos archivos de la base de datos se crean en el formato de Access 2016 de forma predeterminada o en el formato de Access 2002-2003. Los usuarios pueden invalidar el valor predeterminado y seleccionar un formato específico al guardar los archivos, pero no pueden establecer el valor predeterminado por sí mismos desde el cuadro de diálogo Opciones de Access. \n      \nSi deshabilita o no establece esta configuración de directiva, cuando los usuarios crean nuevos archivos de la base de datos, Access los guarda en el nuevo formato de Access 2016; no obstante, los usuarios pueden cambiar esta funcionalidad si seleccionan un formato de archivo de la lista desplegable Formato de archivo predeterminado en Opciones de Access | Más frecuentes | Creando bases de datos. Nota: si deshabilita esta configuración de directiva, los usuarios pueden elegir entre tres formatos de archivo predeterminados: Access 2000, Access 2002-2003 y Access 2016. Puede usar esta configuración de directiva para especificar el formato de Access 2002-2003 o de Access 2016 como predeterminado, pero no el formato de Access 2000.","tags":["L_Miscellaneous","L_MicrosoftOfficeaccess"],"application":"access16","key":"software\\microsoft\\office\\16.0\\access\\settings"},{"parentCategory":{"ref":"L_Miscellaneous"},"supportedOn":{"ref":"windows:SUPPORTED_Windows7"},"enabledValue":{"decimal":{"value":1}},"disabledValue":{"decimal":{"value":0}},"name":"L_Donotprompttoconvertolderdatabases","displayName":"No preguntar si el usuario desea convertir antiguas bases de datos","explainText":"Esta configuración de directiva controla si Access pregunta a los usuarios si desean convertir las bases de datos de versiones anteriores al abrirlas. \n      \nSi habilita esta configuración de directiva, Access no cambiará el formato de las bases de datos en formato de Access 97. Access informa al usuario de que la base de datos se encuentra en el formato anterior, pero no le proporciona una opción para convertirla. Algunas características introducidas en versiones más recientes de Access no estarán disponibles y el usuario no podrá hacer cambios de diseño en la base de datos. \n      \nSi deshabilita o no establece esta configuración de directiva, cuando los usuarios abran bases de datos creadas en el formato de archivo de Access 97, Access les preguntará si desean convertir la base de datos a un formato de archivo más reciente. Los usuarios pueden decidir entre convertir la base de datos o dejarla en el formato anterior.","tags":["L_Miscellaneous","L_MicrosoftOfficeaccess"],"application":"access16","key":"software\\microsoft\\office\\16.0\\access\\settings","valueName":"noconvertdialog"},{"parentCategory":{"ref":"L_Miscellaneous"},"supportedOn":{"ref":"windows:SUPPORTED_Windows7"},"enabledValue":{"decimal":{"value":1}},"disabledValue":{"decimal":{"value":0}},"name":"L_2007CompatibleCachePolicy","displayName":"Usar caché compatible con Access 2007","explainText":"Esta configuración de directiva le permite forzar a las bases de datos nuevas y existentes para usar Access 2007 compatible con caché.\n\nSi habilita esta configuración de directiva, las bases de datos nuevas y existentes usarán almacenamiento en caché compatible con Access 2007.\n\nSi deshabilita o no establece esta configuración de directiva, las bases de datos nuevas usarán de forma predeterminada almacenamiento en caché no compatible con Access 2007. Las bases de datos existentes usarán el modo de almacenamiento en caché con el que se crearon.\n","tags":["L_Miscellaneous","L_MicrosoftOfficeaccess"],"application":"access16","key":"software\\microsoft\\office\\16.0\\access\\settings","valueName":"use2007compatiblecache"},{"parentCategory":{"ref":"L_Miscellaneous"},"supportedOn":{"ref":"windows:SUPPORTED_Windows7"},"enabledValue":{"decimal":{"value":1}},"disabledValue":{"decimal":{"value":0}},"name":"L_ClearCacheOnClosePolicy","displayName":"Borrar caché al cerrar","explainText":"Esta configuración de directiva le permite forzar la eliminación de la memoria caché de las bases de datos no compatibles con Access 2016 cuando se cierra la base de datos.\n\nSi habilita esta configuración de directiva, todos los vínculos en caché de Microsoft SharePoint o del Catálogo de datos profesionales (BDC) se borrarán al cerrarse en las bases de datos que no usen almacenamiento en caché compatible con Access 2016. Si la base de datos usa almacenamiento en caché compatible con Access 2016, esta configuración de directiva no tendrá efecto cuando se habilite.\n\nSi deshabilita o no establece esta configuración de directiva, ningún vínculo en caché de Microsoft SharePoint o del Catálogo de datos profesionales (BDC) se eliminará al cerrarse en las bases de datos que no usen almacenamiento en caché compatible con Access 2016. Si la base de datos usa almacenamiento en caché compatible con Access 2016, esta configuración de directiva no tendrá efecto cuando se deshabilite o no se configure.","tags":["L_Miscellaneous","L_MicrosoftOfficeaccess"],"application":"access16","key":"software\\microsoft\\office\\16.0\\access\\settings","valueName":"clearcacheonclose"},{"parentCategory":{"ref":"L_Miscellaneous"},"supportedOn":{"ref":"windows:SUPPORTED_Windows7"},"enabledValue":{"decimal":{"value":1}},"disabledValue":{"decimal":{"value":0}},"name":"L_NeverCachePolicy","displayName":"No almacenar nunca datos en caché","explainText":"Esta configuración de directiva le permite forzar a las bases de datos que no usan caché compatible con Access 2016 para que no almacenen ningún dato en caché.\n\nSi habilita esta configuración de directiva, los datos de Microsoft SharePoint o del Catálogo de datos profesionales (BDC) no se almacenarán en caché en las bases de datos que no usen caché compatible con Access 2016. Si la base de datos usa almacenamiento en caché compatible con Access 2016, esta configuración de directiva no tendrá efecto cuando se habilite.\n\nSi deshabilita o no establece esta configuración de directiva, los datos de Microsoft SharePoint o del Catálogo de datos profesionales (BDC) se almacenarán en caché en las bases de datos que no usen caché compatible con Access 2016. Si la base de datos usa almacenamiento en caché compatible con Access 2016, esta configuración de directiva no tendrá efecto cuando se deshabilite o no se configure.","tags":["L_Miscellaneous","L_MicrosoftOfficeaccess"],"application":"access16","key":"software\\microsoft\\office\\16.0\\access\\settings","valueName":"nevercache"},{"parentCategory":{"ref":"L_Miscellaneous"},"supportedOn":{"ref":"windows:SUPPORTED_Windows7"},"elements":{"items":[{"valueName":"personaltemplatesaccess","requiredSpecified":false,"expandable":true,"expandableSpecified":true,"maxLength":2147483647,"maxLengthSpecified":false,"inputType":"textBox","caption":"Ruta de plantillas personales","id":"L_PersonalTemplatesPath"}]},"name":"L_PersonalTemplatesPath","displayName":"Ruta de plantillas personales para Access","explainText":"Esta opción de directiva especifica la ubicación de plantillas personales de un usuario. Si habilita esta opción, los usuarios verán las plantillas que han guardado en la ubicación especificada en la pestaña de plantillas personalizadas de la pantalla de inicio de Office y en Archivo | Nuevo; al guardar una plantilla, su carpeta predeterminada pasará a ser la ubicación especificada. Si la deshabilita o no la configura, los usuarios no verán las plantillas que han guardado en la pestaña de plantillas personalizadas de la pantalla de inicio de Office ni en Archivo | Nuevo; al guardar una plantilla, su carpeta predeterminada será la ubicación para guardar documentos.","tags":["L_Miscellaneous","L_MicrosoftOfficeaccess"],"application":"access16","key":"software\\microsoft\\office\\16.0\\access\\settings"},{"parentCategory":{"ref":"L_Miscellaneous"},"supportedOn":{"ref":"windows:SUPPORTED_Windows7"},"enabledValue":{"decimal":{"value":1}},"disabledValue":{"decimal":{"value":0}},"name":"L_DefaultCustomTab","displayName":"Mostrar la pestaña de plantillas personalizadas de forma predeterminada en Access en la pantalla de inicio de Office y en Archivo | Nuevo","explainText":"Esta opción de directiva controla si las plantillas personalizadas (si existen) se muestran como pestaña predeterminada en Access en la pantalla de inicio de Office y en Archivo | Nuevo. Si habilita esta opción, los usuarios verán la pestaña de plantillas personalizadas como pestaña predeterminada en Access en la pantalla de inicio de Office y en Archivo | Nuevo cuando haya plantillas (incluidas plantillas programadas XML personalizadas, plantillas en la ruta de acceso de plantillas de grupo de trabajo, plantillas en la ruta de acceso de plantillas personales, o plantillas de SharePoint). Si deshabilita o no configura esta opción, los usuarios podrán ver la pestaña de plantillas destacadas como pestaña predeterminada en Access en la pantalla de inicio de Office y en Archivo | Nuevo, a menos que se hayan deshabilitado todas las plantillas proporcionadas por Office.","tags":["L_Miscellaneous","L_MicrosoftOfficeaccess"],"application":"access16","key":"software\\microsoft\\office\\16.0\\access\\settings","valueName":"officestartdefaulttab"},{"parentCategory":{"ref":"L_Advanced"},"supportedOn":{"ref":"windows:SUPPORTED_Windows7"},"enabledList":[{"value":{"string":"true"},"valueName":"Microsoft.Office.UXPlatform.FluentSVRefresh"},{"value":{"string":"true"},"valueName":"Microsoft.Office.UXPlatform.RibbonTouchOptimization"},{"value":{"string":"true"},"valueName":"Microsoft.Office.UXPlatform.FluentSVRibbonOptionsMenu"}],"disabledList":[{"value":{"string":"false"},"valueName":"Microsoft.Office.UXPlatform.FluentSVRefresh"},{"value":{"string":"false"},"valueName":"Microsoft.Office.UXPlatform.RibbonTouchOptimization"},{"value":{"string":"false"},"valueName":"Microsoft.Office.UXPlatform.FluentSVRibbonOptionsMenu"}],"name":"L_accessVisualRefresh","displayName":"Configuración de la actualización visual","explainText":"Activar o desactivar la actualización visual. puede no funcionar en algunas versiones de Office.\n\nDatos proporcionados por Office Tool Plus.","tags":["L_Advanced"],"application":"access16","key":"Software\\Microsoft\\Office\\16.0\\Common\\ExperimentConfigs\\ExternalFeatureOverrides\\access"}]}